id,study,sweep,rep,dataset,approach,n_features,max_n_coalitions,n_MC_samples,min_n_batches,max_batch_size,max_batch_cube_size,workers,backend,dt_threads,n_train,n_explain,iterative,group,group_size,approach_args,pair_role,coalitions_override,timestamp,hostname,r_version,shapr_version,git_sha,pid,status,data_load_secs,wall_secs,cpu_user_secs,cpu_sys_secs,cpu_user_child_secs,cpu_sys_child_secs,gc_peak_bytes,used_n_coalitions,n_iterations,used_n_batches,used_n_batches_max,effective_max_batch_size,model_variant,save_explanations,source_study,source_id,total_time_secs,phase_setup,phase_test_prediction,phase_main_computation,phase_finalize_explanation,peak_rss_tree_bytes,peak_cgroup_bytes,bash_wall_secs,exit_code,timed_out,resource_killed,coalitions_from,pair_key,peak_ram_bytes,peak_ram_mb,source_used_n_coalitions,pair_budget_matches
1,regression_surrogate,scale_train_mc,1,numeric,regression_surrogate,12,128,50,10,Inf,1000000,1,multisession,1,500,25,FALSE,FALSE,2,"","",NA,2026-07-10T00:47:50+0200,jullum-ubuntu,4.6.1,1.0.8.9002,b9c5fcd1,1476760,ok,0.9318,2.8412,2.679,0.118,0.004,0.009,417599584,128,1,10,10,Inf,default,FALSE,regression_surrogate,2,2.7734,0.0478,0.0306,2.6889,0.0061,476758016,449425408,5.611,0,FALSE,FALSE,,"",449425408,428.6,,
2,regression_surrogate,scale_train_mc,2,numeric,regression_surrogate,12,128,50,10,Inf,1000000,1,multisession,1,500,25,FALSE,FALSE,2,"","",NA,2026-07-10T00:39:57+0200,jullum-ubuntu,4.6.1,1.0.8.9002,b9c5fcd1,1469061,ok,0.941,2.8922,2.739,0.12,0.003,0.011,415722928,128,1,10,10,Inf,default,FALSE,regression_surrogate,3,2.8235,0.0487,0.0309,2.7375,0.0064,475394048,447483904,5.644,0,FALSE,FALSE,,"",447483904,426.8,,
3,regression_surrogate,scale_train_mc,3,numeric,regression_surrogate,12,128,50,10,Inf,1000000,1,multisession,1,500,25,FALSE,FALSE,2,"","",NA,2026-07-10T00:19:00+0200,jullum-ubuntu,4.6.1,1.0.8.9002,b9c5fcd1,1446129,ok,0.9427,2.8461,2.706,0.115,0.004,0.007,416082536,128,1,10,10,Inf,default,FALSE,regression_surrogate,4,2.7775,0.0504,0.0307,2.6901,0.0062,475439104,447770624,5.603,0,FALSE,FALSE,,"",447770624,427,,
4,regression_surrogate,scale_train_mc,1,numeric,regression_surrogate,12,128,50,10,Inf,1000000,1,multisession,1,5000,25,FALSE,FALSE,2,"","",NA,2026-07-10T00:33:06+0200,jullum-ubuntu,4.6.1,1.0.8.9002,b9c5fcd1,1462027,ok,0.9306,5.4433,4.864,0.556,0.001,0.009,869067264,128,1,10,10,Inf,default,FALSE,regression_surrogate,6,5.3754,0.0484,0.0316,5.2891,0.0063,871821312,846245888,8.198,0,FALSE,FALSE,,"",846245888,807,,
5,regression_surrogate,scale_train_mc,2,numeric,regression_surrogate,12,128,50,10,Inf,1000000,1,multisession,1,5000,25,FALSE,FALSE,2,"","",NA,2026-07-10T00:50:01+0200,jullum-ubuntu,4.6.1,1.0.8.9002,b9c5fcd1,1478372,ok,0.9369,5.3858,4.783,0.573,0.004,0.008,869095904,128,1,10,10,Inf,default,FALSE,regression_surrogate,7,5.3174,0.0479,0.0314,5.2321,0.0061,871907328,846565376,8.174,0,FALSE,FALSE,,"",846565376,807.3,,
6,regression_surrogate,scale_train_mc,3,numeric,regression_surrogate,12,128,50,10,Inf,1000000,1,multisession,1,5000,25,FALSE,FALSE,2,"","",NA,2026-07-10T00:21:03+0200,jullum-ubuntu,4.6.1,1.0.8.9002,b9c5fcd1,1447319,ok,0.9402,5.5038,4.891,0.584,0.001,0.01,869067144,128,1,10,10,Inf,default,FALSE,regression_surrogate,8,5.4354,0.0482,0.0308,5.3501,0.0063,871923712,846458880,8.287,0,FALSE,FALSE,,"",846458880,807.2,,
7,regression_surrogate,scale_train_mc,1,numeric,regression_surrogate,12,128,50,10,Inf,1000000,1,multisession,1,20000,25,FALSE,FALSE,2,"","",NA,2026-07-10T00:03:11+0200,jullum-ubuntu,4.6.1,1.0.8.9002,b9c5fcd1,1431214,ok,0.9427,9.6388,7.572,2.033,0.001,0.011,2479035760,128,1,10,10,Inf,default,FALSE,regression_surrogate,10,9.5697,0.0487,0.032,9.4825,0.0065,2536550400,2514313216,12.558,0,FALSE,FALSE,,"",2514313216,2397.8,,
8,regression_surrogate,scale_train_mc,2,numeric,regression_surrogate,12,128,50,10,Inf,1000000,1,multisession,1,20000,25,FALSE,FALSE,2,"","",NA,2026-07-10T00:15:34+0200,jullum-ubuntu,4.6.1,1.0.8.9002,b9c5fcd1,1443202,ok,0.9447,9.9303,7.752,2.147,0.002,0.012,2479005456,128,1,10,10,Inf,default,FALSE,regression_surrogate,11,9.854,0.0483,0.0318,9.7677,0.0062,2536775680,2514710528,12.822,0,FALSE,FALSE,,"",2514710528,2398.2,,
9,regression_surrogate,scale_train_mc,3,numeric,regression_surrogate,12,128,50,10,Inf,1000000,1,multisession,1,20000,25,FALSE,FALSE,2,"","",NA,2026-07-10T00:20:29+0200,jullum-ubuntu,4.6.1,1.0.8.9002,b9c5fcd1,1447035,ok,0.9443,9.7086,7.608,2.073,0.001,0.012,2479005664,128,1,10,10,Inf,default,FALSE,regression_surrogate,12,9.64,0.0484,0.0318,9.5533,0.0065,2536796160,2514333696,12.63,0,FALSE,FALSE,,"",2514333696,2397.9,,
10,regression_surrogate,scale_train_mc,1,numeric,regression_surrogate,12,128,250,10,Inf,1000000,1,multisession,1,500,25,FALSE,FALSE,2,"","",NA,2026-07-10T00:48:14+0200,jullum-ubuntu,4.6.1,1.0.8.9002,b9c5fcd1,1477208,ok,0.9145,2.9038,2.765,0.109,0.001,0.011,417577112,128,1,10,10,Inf,default,FALSE,regression_surrogate,14,2.8372,0.0469,0.03,2.7541,0.0062,476598272,450785280,5.634,0,FALSE,FALSE,,"",450785280,429.9,,
11,regression_surrogate,scale_train_mc,2,numeric,regression_surrogate,12,128,250,10,Inf,1000000,1,multisession,1,500,25,FALSE,FALSE,2,"","",NA,2026-07-10T00:20:18+0200,jullum-ubuntu,4.6.1,1.0.8.9002,b9c5fcd1,1446937,ok,0.9406,2.8798,2.729,0.119,0.002,0.011,416893768,128,1,10,10,Inf,default,FALSE,regression_surrogate,15,2.8088,0.0485,0.0307,2.7232,0.0064,476758016,449531904,5.62,0,FALSE,FALSE,,"",449531904,428.7,,
12,regression_surrogate,scale_train_mc,3,numeric,regression_surrogate,12,128,250,10,Inf,1000000,1,multisession,1,500,25,FALSE,FALSE,2,"","",NA,2026-07-10T00:11:51+0200,jullum-ubuntu,4.6.1,1.0.8.9002,b9c5fcd1,1439805,ok,0.9421,2.832,2.69,0.116,0.003,0.009,415837864,128,1,10,10,Inf,default,FALSE,regression_surrogate,16,2.7635,0.0478,0.0306,2.679,0.0061,475320320,447410176,5.591,0,FALSE,FALSE,,"",447410176,426.7,,
13,regression_surrogate,scale_train_mc,1,numeric,regression_surrogate,12,128,250,10,Inf,1000000,1,multisession,1,5000,25,FALSE,FALSE,2,"","",NA,2026-07-10T00:31:23+0200,jullum-ubuntu,4.6.1,1.0.8.9002,b9c5fcd1,1460175,ok,0.9372,5.4055,4.805,0.567,0.001,0.013,869095704,128,1,10,10,Inf,default,FALSE,regression_surrogate,18,5.3368,0.0483,0.0311,5.2428,0.0147,871886848,846417920,8.163,0,FALSE,FALSE,,"",846417920,807.2,,
14,regression_surrogate,scale_train_mc,2,numeric,regression_surrogate,12,128,250,10,Inf,1000000,1,multisession,1,5000,25,FALSE,FALSE,2,"","",NA,2026-07-10T00:27:57+0200,jullum-ubuntu,4.6.1,1.0.8.9002,b9c5fcd1,1454865,ok,0.9424,5.4531,4.831,0.59,0.003,0.009,869068344,128,1,10,10,Inf,default,FALSE,regression_surrogate,19,5.3843,0.0484,0.0311,5.2987,0.0061,871874560,846536704,8.262,0,FALSE,FALSE,,"",846536704,807.3,,
15,regression_surrogate,scale_train_mc,3,numeric,regression_surrogate,12,128,250,10,Inf,1000000,1,multisession,1,5000,25,FALSE,FALSE,2,"","",NA,2026-07-10T00:15:25+0200,jullum-ubuntu,4.6.1,1.0.8.9002,b9c5fcd1,1443156,ok,0.9456,5.4984,4.89,0.58,0.002,0.012,869068288,128,1,10,10,Inf,default,FALSE,regression_surrogate,20,5.4292,0.0482,0.033,5.3419,0.0061,872341504,846987264,8.285,0,FALSE,FALSE,,"",846987264,807.8,,
16,regression_surrogate,scale_train_mc,1,numeric,regression_surrogate,12,128,250,10,Inf,1000000,1,multisession,1,20000,25,FALSE,FALSE,2,"","",NA,2026-07-10T00:47:33+0200,jullum-ubuntu,4.6.1,1.0.8.9002,b9c5fcd1,1476612,ok,0.9353,9.757,7.589,2.136,0.003,0.011,2479035464,128,1,10,10,Inf,default,FALSE,regression_surrogate,22,9.6886,0.0483,0.0319,9.6023,0.0062,2536685568,2514280448,12.658,0,FALSE,FALSE,,"",2514280448,2397.8,,
17,regression_surrogate,scale_train_mc,2,numeric,regression_surrogate,12,128,250,10,Inf,1000000,1,multisession,1,20000,25,FALSE,FALSE,2,"","",NA,2026-07-10T00:02:51+0200,jullum-ubuntu,4.6.1,1.0.8.9002,b9c5fcd1,1431013,ok,0.9443,9.7593,7.637,2.093,0.002,0.011,2479035576,128,1,10,10,Inf,default,FALSE,regression_surrogate,23,9.6907,0.0483,0.0317,9.6039,0.0068,2536738816,2515058688,12.69,0,FALSE,FALSE,,"",2515058688,2398.5,,
18,regression_surrogate,scale_train_mc,3,numeric,regression_surrogate,12,128,250,10,Inf,1000000,1,multisession,1,20000,25,FALSE,FALSE,2,"","",NA,2026-07-10T00:15:12+0200,jullum-ubuntu,4.6.1,1.0.8.9002,b9c5fcd1,1443111,ok,0.9361,9.7599,7.649,2.08,0.001,0.009,2479005416,128,1,10,10,Inf,default,FALSE,regression_surrogate,24,9.6914,0.0481,0.0319,9.6052,0.0063,2536562688,2514063360,12.681,0,FALSE,FALSE,,"",2514063360,2397.6,,
19,regression_surrogate,features,1,numeric,regression_surrogate,4,128,250,10,Inf,1000000,1,multisession,1,1000,25,FALSE,FALSE,2,"","",NA,2026-07-10T00:35:11+0200,jullum-ubuntu,4.6.1,1.0.8.9002,b9c5fcd1,1464669,ok,0.9448,1.1468,1.089,0.028,0.003,0.01,272458448,16,1,10,10,Inf,default,FALSE,regression_surrogate,26,1.0781,0.0484,0.0324,0.9923,0.005,334626816,308744192,3.912,0,FALSE,FALSE,,"",308744192,294.4,,
20,regression_surrogate,features,2,numeric,regression_surrogate,4,128,250,10,Inf,1000000,1,multisession,1,1000,25,FALSE,FALSE,2,"","",NA,2026-07-10T00:04:19+0200,jullum-ubuntu,4.6.1,1.0.8.9002,b9c5fcd1,1432131,ok,0.9346,1.1368,1.08,0.031,0.004,0.009,272458408,16,1,10,10,Inf,default,FALSE,regression_surrogate,27,1.0688,0.0485,0.0308,0.9847,0.0048,334553088,308436992,3.856,0,FALSE,FALSE,,"",308436992,294.1,,
21,regression_surrogate,features,3,numeric,regression_surrogate,4,128,250,10,Inf,1000000,1,multisession,1,1000,25,FALSE,FALSE,2,"","",NA,2026-07-10T00:32:32+0200,jullum-ubuntu,4.6.1,1.0.8.9002,b9c5fcd1,1461290,ok,0.9422,1.1397,1.077,0.028,0.002,0.012,272459296,16,1,10,10,Inf,default,FALSE,regression_surrogate,28,1.0707,0.0477,0.0306,0.9877,0.0047,334725120,309104640,3.886,0,FALSE,FALSE,,"",309104640,294.8,,
22,regression_surrogate,features,1,numeric,regression_surrogate,8,128,250,10,Inf,1000000,1,multisession,1,1000,25,FALSE,FALSE,2,"","",NA,2026-07-16T03:54:12+0200,jullum-ubuntu,4.6.1,1.0.8.9003,10cc557a,2765512,ok,0.9333,2.9678,2.835,0.104,0.002,0.01,413630368,128,1,10,10,Inf,default,FALSE,regression_surrogate,30,2.8983,0.0485,0.0306,2.8131,0.0061,477802496,449855488,5.693,0,FALSE,FALSE,,"",449855488,429,,
23,regression_surrogate,features,2,numeric,regression_surrogate,8,128,250,10,Inf,1000000,1,multisession,1,1000,25,FALSE,FALSE,2,"","",NA,2026-07-16T03:54:45+0200,jullum-ubuntu,4.6.1,1.0.8.9003,10cc557a,2766234,ok,0.9544,2.992,2.85,0.116,0.005,0.007,413627392,128,1,10,10,Inf,default,FALSE,regression_surrogate,31,2.923,0.0483,0.0309,2.8377,0.0062,475807744,449318912,5.755,0,FALSE,FALSE,,"",449318912,428.5,,
24,regression_surrogate,features,3,numeric,regression_surrogate,8,128,250,10,Inf,1000000,1,multisession,1,1000,25,FALSE,FALSE,2,"","",NA,2026-07-16T03:51:39+0200,jullum-ubuntu,4.6.1,1.0.8.9003,10cc557a,2762236,ok,0.937,2.992,2.851,0.113,0.001,0.011,413666992,128,1,10,10,Inf,default,FALSE,regression_surrogate,32,2.9238,0.0481,0.0308,2.8385,0.0063,477609984,449519616,5.751,0,FALSE,FALSE,,"",449519616,428.7,,
25,regression_surrogate,features,1,numeric,regression_surrogate,12,128,250,10,Inf,1000000,1,multisession,1,1000,25,FALSE,FALSE,2,"","",NA,2026-07-10T00:53:37+0200,jullum-ubuntu,4.6.1,1.0.8.9002,b9c5fcd1,1482441,ok,0.9522,3.3371,3.173,0.138,0.001,0.009,447616784,128,1,10,10,Inf,default,FALSE,regression_surrogate,34,3.2681,0.0485,0.0307,3.1826,0.0063,512139264,484364288,6.1,0,FALSE,FALSE,,"",484364288,461.9,,
26,regression_surrogate,features,2,numeric,regression_surrogate,12,128,250,10,Inf,1000000,1,multisession,1,1000,25,FALSE,FALSE,2,"","",NA,2026-07-10T00:40:03+0200,jullum-ubuntu,4.6.1,1.0.8.9002,b9c5fcd1,1469108,ok,0.9524,3.3112,3.134,0.147,0.005,0.008,447662616,128,1,10,10,Inf,default,FALSE,regression_surrogate,35,3.2425,0.0482,0.0303,3.1579,0.0061,512733184,485261312,6.084,0,FALSE,FALSE,,"",485261312,462.8,,
27,regression_surrogate,features,3,numeric,regression_surrogate,12,128,250,10,Inf,1000000,1,multisession,1,1000,25,FALSE,FALSE,2,"","",NA,2026-07-10T00:27:25+0200,jullum-ubuntu,4.6.1,1.0.8.9002,b9c5fcd1,1454579,ok,0.9346,3.3086,3.12,0.158,0,0.012,447488544,128,1,10,10,Inf,default,FALSE,regression_surrogate,36,3.2403,0.0484,0.0307,3.1551,0.0062,512233472,484593664,6.039,0,FALSE,FALSE,,"",484593664,462.1,,
28,regression_surrogate,features,1,numeric,regression_surrogate,16,128,250,10,Inf,1000000,1,multisession,1,1000,25,FALSE,FALSE,2,"","",NA,2026-07-10T00:18:52+0200,jullum-ubuntu,4.6.1,1.0.8.9002,b9c5fcd1,1446069,ok,0.9443,3.6615,3.453,0.184,0.006,0.005,493006632,128,1,10,10,Inf,default,FALSE,regression_surrogate,38,3.5921,0.0488,0.0317,3.5055,0.0061,542969856,515461120,6.401,0,FALSE,FALSE,,"",515461120,491.6,,
29,regression_surrogate,features,2,numeric,regression_surrogate,16,128,250,10,Inf,1000000,1,multisession,1,1000,25,FALSE,FALSE,2,"","",NA,2026-07-10T00:25:25+0200,jullum-ubuntu,4.6.1,1.0.8.9002,b9c5fcd1,1451978,ok,0.9434,3.5921,3.384,0.181,0.002,0.01,491891744,128,1,10,10,Inf,default,FALSE,regression_surrogate,39,3.5236,0.0481,0.0308,3.4385,0.0061,540610560,513425408,6.376,0,FALSE,FALSE,,"",513425408,489.6,,
30,regression_surrogate,features,3,numeric,regression_surrogate,16,128,250,10,Inf,1000000,1,multisession,1,1000,25,FALSE,FALSE,2,"","",NA,2026-07-10T00:54:59+0200,jullum-ubuntu,4.6.1,1.0.8.9002,b9c5fcd1,1484750,ok,0.9396,3.6019,3.411,0.162,0.001,0.01,492016408,128,1,10,10,Inf,default,FALSE,regression_surrogate,40,3.5337,0.0481,0.0309,3.4484,0.0063,542433280,514129920,6.362,0,FALSE,FALSE,,"",514129920,490.3,,
31,regression_surrogate,features,1,numeric,regression_surrogate,20,128,250,10,Inf,1000000,1,multisession,1,1000,25,FALSE,FALSE,2,"","",NA,2026-07-10T00:28:24+0200,jullum-ubuntu,4.6.1,1.0.8.9002,b9c5fcd1,1455326,ok,0.939,3.7426,3.493,0.213,0.001,0.013,517168848,128,1,10,10,Inf,default,FALSE,regression_surrogate,42,3.6741,0.0484,0.0308,3.5887,0.0062,564985856,537415680,6.5,0,FALSE,FALSE,,"",537415680,512.5,,
32,regression_surrogate,features,2,numeric,regression_surrogate,20,128,250,10,Inf,1000000,1,multisession,1,1000,25,FALSE,FALSE,2,"","",NA,2026-07-10T00:44:28+0200,jullum-ubuntu,4.6.1,1.0.8.9002,b9c5fcd1,1474266,ok,0.9348,3.7659,3.534,0.2,0.003,0.01,517350288,128,1,10,10,Inf,default,FALSE,regression_surrogate,43,3.6996,0.0472,0.0315,3.6146,0.0064,565174272,537681920,6.469,0,FALSE,FALSE,,"",537681920,512.8,,
33,regression_surrogate,features,3,numeric,regression_surrogate,20,128,250,10,Inf,1000000,1,multisession,1,1000,25,FALSE,FALSE,2,"","",NA,2026-07-10T00:20:56+0200,jullum-ubuntu,4.6.1,1.0.8.9002,b9c5fcd1,1447273,ok,0.9504,3.7489,3.526,0.194,0.002,0.011,517145680,128,1,10,10,Inf,default,FALSE,regression_surrogate,44,3.6804,0.0481,0.0308,3.5953,0.0062,565153792,537931776,6.524,0,FALSE,FALSE,,"",537931776,513,,
34,regression_surrogate,coalitions,1,numeric,regression_surrogate,12,32,250,10,Inf,1000000,1,multisession,1,1000,25,FALSE,FALSE,2,"","",NA,2026-07-10T00:15:07+0200,jullum-ubuntu,4.6.1,1.0.8.9002,b9c5fcd1,1443068,ok,0.941,2.2627,2.159,0.074,0.004,0.007,362542776,32,1,10,10,Inf,default,FALSE,regression_surrogate,46,2.1942,0.0488,0.0311,2.1093,0.005,424054784,396021760,5.028,0,FALSE,FALSE,,"",396021760,377.7,,
35,regression_surrogate,coalitions,2,numeric,regression_surrogate,12,32,250,10,Inf,1000000,1,multisession,1,1000,25,FALSE,FALSE,2,"","",NA,2026-07-10T00:50:34+0200,jullum-ubuntu,4.6.1,1.0.8.9002,b9c5fcd1,1478769,ok,0.9426,2.2638,2.155,0.079,0.002,0.012,362567904,32,1,10,10,Inf,default,FALSE,regression_surrogate,47,2.1951,0.0489,0.0307,2.1105,0.005,424198144,395767808,5.007,0,FALSE,FALSE,,"",395767808,377.4,,
36,regression_surrogate,coalitions,3,numeric,regression_surrogate,12,32,250,10,Inf,1000000,1,multisession,1,1000,25,FALSE,FALSE,2,"","",NA,2026-07-10T00:16:45+0200,jullum-ubuntu,4.6.1,1.0.8.9002,b9c5fcd1,1443516,ok,0.9301,2.2565,2.146,0.079,0.001,0.013,362555272,32,1,10,10,Inf,default,FALSE,regression_surrogate,48,2.1885,0.0478,0.0306,2.1052,0.0049,424034304,395542528,4.989,0,FALSE,FALSE,,"",395542528,377.2,,
37,regression_surrogate,coalitions,1,numeric,regression_surrogate,12,256,250,10,Inf,1000000,1,multisession,1,1000,25,FALSE,FALSE,2,"","",NA,2026-07-16T03:52:09+0200,jullum-ubuntu,4.6.1,1.0.8.9003,10cc557a,2762857,ok,0.9442,4.2068,3.976,0.202,0.003,0.011,552549608,256,1,10,10,Inf,default,FALSE,regression_surrogate,50,4.1376,0.0479,0.0308,4.0506,0.0082,613117952,586686464,6.956,0,FALSE,FALSE,,"",586686464,559.5,,
38,regression_surrogate,coalitions,2,numeric,regression_surrogate,12,256,250,10,Inf,1000000,1,multisession,1,1000,25,FALSE,FALSE,2,"","",NA,2026-07-16T03:52:40+0200,jullum-ubuntu,4.6.1,1.0.8.9003,10cc557a,2763530,ok,0.9475,4.161,3.926,0.208,0.001,0.012,552541640,256,1,10,10,Inf,default,FALSE,regression_surrogate,51,4.0897,0.0482,0.0308,4.0028,0.0079,613097472,587026432,6.934,0,FALSE,FALSE,,"",587026432,559.8,,
39,regression_surrogate,coalitions,3,numeric,regression_surrogate,12,256,250,10,Inf,1000000,1,multisession,1,1000,25,FALSE,FALSE,2,"","",NA,2026-07-16T03:52:19+0200,jullum-ubuntu,4.6.1,1.0.8.9003,10cc557a,2762950,ok,0.9511,4.1489,3.908,0.213,0.002,0.012,552576392,256,1,10,10,Inf,default,FALSE,regression_surrogate,52,4.0807,0.0487,0.0309,3.9932,0.0079,613068800,586727424,6.906,0,FALSE,FALSE,,"",586727424,559.5,,
40,regression_surrogate,coalitions,1,numeric,regression_surrogate,12,512,250,10,Inf,1000000,1,multisession,1,1000,25,FALSE,FALSE,2,"","",NA,2026-07-16T03:54:35+0200,jullum-ubuntu,4.6.1,1.0.8.9003,10cc557a,2766062,ok,0.9439,5.7912,5.251,0.508,0.001,0.011,775992224,512,1,10,10,Inf,default,FALSE,regression_surrogate,54,5.723,0.0477,0.0305,5.6336,0.0112,848617472,822652928,8.597,0,FALSE,FALSE,,"",822652928,784.5,,
41,regression_surrogate,coalitions,2,numeric,regression_surrogate,12,512,250,10,Inf,1000000,1,multisession,1,1000,25,FALSE,FALSE,2,"","",NA,2026-07-16T03:55:21+0200,jullum-ubuntu,4.6.1,1.0.8.9003,10cc557a,2766943,ok,0.9402,5.8695,5.331,0.508,0.004,0.011,775992304,512,1,10,10,Inf,default,FALSE,regression_surrogate,55,5.8002,0.0482,0.0308,5.7097,0.0115,848662528,822550528,8.676,0,FALSE,FALSE,,"",822550528,784.4,,
42,regression_surrogate,coalitions,3,numeric,regression_surrogate,12,512,250,10,Inf,1000000,1,multisession,1,1000,25,FALSE,FALSE,2,"","",NA,2026-07-16T03:53:57+0200,jullum-ubuntu,4.6.1,1.0.8.9003,10cc557a,2765050,ok,0.9381,5.9297,5.402,0.496,0,0.014,775962240,512,1,10,10,Inf,default,FALSE,regression_surrogate,56,5.8609,0.0479,0.0305,5.7704,0.0121,849207296,823271424,8.749,0,FALSE,FALSE,,"",823271424,785.1,,
43,regression_surrogate,explain,1,numeric,regression_surrogate,12,128,250,10,Inf,1000000,1,multisession,1,1000,1,FALSE,FALSE,2,"","",NA,2026-07-10T00:34:23+0200,jullum-ubuntu,4.6.1,1.0.8.9002,b9c5fcd1,1463524,ok,0.9298,3.3036,3.128,0.149,0.003,0.009,445188856,128,1,10,10,Inf,default,FALSE,regression_surrogate,58,3.2358,0.0481,0.0305,3.1437,0.0135,511414272,483827712,6.045,0,FALSE,FALSE,,"",483827712,461.4,,
44,regression_surrogate,explain,2,numeric,regression_surrogate,12,128,250,10,Inf,1000000,1,multisession,1,1000,1,FALSE,FALSE,2,"","",NA,2026-07-10T00:06:47+0200,jullum-ubuntu,4.6.1,1.0.8.9002,b9c5fcd1,1435122,ok,0.9495,3.3082,3.145,0.137,0.002,0.01,445039568,128,1,10,10,Inf,default,FALSE,regression_surrogate,59,3.2387,0.0482,0.031,3.1538,0.0057,510857216,483934208,6.074,0,FALSE,FALSE,,"",483934208,461.5,,
45,regression_surrogate,explain,3,numeric,regression_surrogate,12,128,250,10,Inf,1000000,1,multisession,1,1000,1,FALSE,FALSE,2,"","",NA,2026-07-10T00:38:08+0200,jullum-ubuntu,4.6.1,1.0.8.9002,b9c5fcd1,1466959,ok,0.9462,3.334,3.143,0.161,0.004,0.01,445111128,128,1,10,10,Inf,default,FALSE,regression_surrogate,60,3.2648,0.0484,0.031,3.1796,0.0058,509485056,483512320,6.079,0,FALSE,FALSE,,"",483512320,461.1,,
46,regression_surrogate,explain,1,numeric,regression_surrogate,12,128,250,10,Inf,1000000,1,multisession,1,1000,100,FALSE,FALSE,2,"","",NA,2026-07-10T00:53:44+0200,jullum-ubuntu,4.6.1,1.0.8.9002,b9c5fcd1,1482535,ok,0.9437,3.3726,3.209,0.139,0.002,0.009,452954688,128,1,10,10,Inf,default,FALSE,regression_surrogate,62,3.304,0.048,0.0312,3.2178,0.0071,518356992,490586112,6.118,0,FALSE,FALSE,,"",490586112,467.9,,
47,regression_surrogate,explain,2,numeric,regression_surrogate,12,128,250,10,Inf,1000000,1,multisession,1,1000,100,FALSE,FALSE,2,"","",NA,2026-07-10T00:08:30+0200,jullum-ubuntu,4.6.1,1.0.8.9002,b9c5fcd1,1436986,ok,0.9176,3.3454,3.163,0.153,0.001,0.011,454599368,128,1,10,10,Inf,default,FALSE,regression_surrogate,63,3.2788,0.0468,0.0301,3.195,0.007,519073792,491438080,6.041,0,FALSE,FALSE,,"",491438080,468.7,,
48,regression_surrogate,explain,3,numeric,regression_surrogate,12,128,250,10,Inf,1000000,1,multisession,1,1000,100,FALSE,FALSE,2,"","",NA,2026-07-10T00:48:39+0200,jullum-ubuntu,4.6.1,1.0.8.9002,b9c5fcd1,1477539,ok,0.9413,3.4047,3.22,0.156,0.001,0.012,455001392,128,1,10,10,Inf,default,FALSE,regression_surrogate,64,3.3362,0.0484,0.0307,3.25,0.0071,519217152,491880448,6.155,0,FALSE,FALSE,,"",491880448,469.1,,
49,regression_surrogate,dt_threads,1,numeric,regression_surrogate,12,128,250,10,Inf,1000000,1,multisession,2,1000,25,FALSE,FALSE,2,"","",NA,2026-07-10T00:42:17+0200,jullum-ubuntu,4.6.1,1.0.8.9002,b9c5fcd1,1471559,ok,0.9375,3.3022,3.127,0.145,0,0.013,447391576,128,1,10,10,Inf,default,FALSE,regression_surrogate,66,3.2322,0.0479,0.0308,3.1473,0.0062,512270336,484913152,6.061,0,FALSE,FALSE,,"",484913152,462.4,,
50,regression_surrogate,dt_threads,2,numeric,regression_surrogate,12,128,250,10,Inf,1000000,1,multisession,2,1000,25,FALSE,FALSE,2,"","",NA,2026-07-10T00:49:18+0200,jullum-ubuntu,4.6.1,1.0.8.9002,b9c5fcd1,1477683,ok,0.9361,3.3252,3.15,0.142,0.001,0.012,447599944,128,1,10,10,Inf,default,FALSE,regression_surrogate,67,3.2563,0.0479,0.0308,3.1713,0.0063,512430080,484454400,6.064,0,FALSE,FALSE,,"",484454400,462,,
51,regression_surrogate,dt_threads,3,numeric,regression_surrogate,12,128,250,10,Inf,1000000,1,multisession,2,1000,25,FALSE,FALSE,2,"","",NA,2026-07-10T00:35:27+0200,jullum-ubuntu,4.6.1,1.0.8.9002,b9c5fcd1,1464815,ok,0.9357,3.3008,3.125,0.146,0.001,0.012,447153472,128,1,10,10,Inf,default,FALSE,regression_surrogate,68,3.2326,0.048,0.0309,3.1397,0.014,512528384,485052416,6.028,0,FALSE,FALSE,,"",485052416,462.6,,
52,regression_surrogate,dt_threads,1,numeric,regression_surrogate,12,128,250,10,Inf,1000000,1,multisession,4,1000,25,FALSE,FALSE,2,"","",NA,2026-07-10T00:54:38+0200,jullum-ubuntu,4.6.1,1.0.8.9002,b9c5fcd1,1484550,ok,0.9348,3.3481,3.153,0.165,0.005,0.009,447387944,128,1,10,10,Inf,default,FALSE,regression_surrogate,70,3.2791,0.049,0.0312,3.1926,0.0063,512290816,485253120,6.091,0,FALSE,FALSE,,"",485253120,462.8,,
53,regression_surrogate,dt_threads,2,numeric,regression_surrogate,12,128,250,10,Inf,1000000,1,multisession,4,1000,25,FALSE,FALSE,2,"","",NA,2026-07-10T00:25:32+0200,jullum-ubuntu,4.6.1,1.0.8.9002,b9c5fcd1,1452038,ok,0.9284,3.3022,3.14,0.135,0.004,0.008,447451552,128,1,10,10,Inf,default,FALSE,regression_surrogate,71,3.2349,0.0471,0.0302,3.1515,0.0062,512753664,485769216,6.024,0,FALSE,FALSE,,"",485769216,463.3,,
54,regression_surrogate,dt_threads,3,numeric,regression_surrogate,12,128,250,10,Inf,1000000,1,multisession,4,1000,25,FALSE,FALSE,2,"","",NA,2026-07-10T00:38:21+0200,jullum-ubuntu,4.6.1,1.0.8.9002,b9c5fcd1,1467050,ok,0.9418,3.2933,3.122,0.142,0.001,0.012,447430904,128,1,10,10,Inf,default,FALSE,regression_surrogate,72,3.2239,0.0479,0.0306,3.1391,0.0062,512212992,484892672,6.032,0,FALSE,FALSE,,"",484892672,462.4,,
55,regression_surrogate,dt_threads,1,numeric,regression_surrogate,12,128,250,10,Inf,1000000,1,multisession,8,1000,25,FALSE,FALSE,2,"","",NA,2026-07-10T00:27:31+0200,jullum-ubuntu,4.6.1,1.0.8.9002,b9c5fcd1,1454622,ok,0.9485,3.3255,3.147,0.145,0.004,0.01,447742824,128,1,10,10,Inf,default,FALSE,regression_surrogate,74,3.2573,0.0486,0.0308,3.1717,0.0062,512892928,485462016,6.092,0,FALSE,FALSE,,"",485462016,463,,
56,regression_surrogate,dt_threads,2,numeric,regression_surrogate,12,128,250,10,Inf,1000000,1,multisession,8,1000,25,FALSE,FALSE,2,"","",NA,2026-07-10T00:33:14+0200,jullum-ubuntu,4.6.1,1.0.8.9002,b9c5fcd1,1462074,ok,0.9353,3.3058,3.136,0.141,0.002,0.012,447519752,128,1,10,10,Inf,default,FALSE,regression_surrogate,75,3.238,0.0475,0.0306,3.1537,0.0061,512270336,484847616,6.035,0,FALSE,FALSE,,"",484847616,462.4,,
57,regression_surrogate,dt_threads,3,numeric,regression_surrogate,12,128,250,10,Inf,1000000,1,multisession,8,1000,25,FALSE,FALSE,2,"","",NA,2026-07-10T00:35:34+0200,jullum-ubuntu,4.6.1,1.0.8.9002,b9c5fcd1,1464858,ok,0.931,3.2752,3.109,0.136,0.004,0.009,445648048,128,1,10,10,Inf,default,FALSE,regression_surrogate,76,3.2065,0.0477,0.0305,3.122,0.0064,510189568,482680832,6.033,0,FALSE,FALSE,,"",482680832,460.3,,
58,regression_surrogate,parallel,1,numeric,regression_surrogate,12,128,250,8,Inf,1000000,1,multisession,1,1000,25,FALSE,FALSE,2,"","",NA,2026-07-10T00:26:38+0200,jullum-ubuntu,4.6.1,1.0.8.9002,b9c5fcd1,1454197,ok,0.9473,3.2587,3.079,0.153,0.002,0.012,449040352,128,1,8,8,Inf,default,FALSE,regression_surrogate,78,3.1897,0.0484,0.0312,3.1039,0.0062,514596864,486998016,6.033,0,FALSE,FALSE,,"",486998016,464.4,,
59,regression_surrogate,parallel,2,numeric,regression_surrogate,12,128,250,8,Inf,1000000,1,multisession,1,1000,25,FALSE,FALSE,2,"","",NA,2026-07-10T00:35:21+0200,jullum-ubuntu,4.6.1,1.0.8.9002,b9c5fcd1,1464772,ok,0.937,3.2399,3.072,0.137,0.005,0.008,448879976,128,1,8,8,Inf,default,FALSE,regression_surrogate,79,3.1709,0.0494,0.0307,3.0847,0.0061,513884160,486322176,5.985,0,FALSE,FALSE,,"",486322176,463.8,,
60,regression_surrogate,parallel,3,numeric,regression_surrogate,12,128,250,8,Inf,1000000,1,multisession,1,1000,25,FALSE,FALSE,2,"","",NA,2026-07-10T00:19:34+0200,jullum-ubuntu,4.6.1,1.0.8.9002,b9c5fcd1,1446373,ok,0.9416,3.2845,3.114,0.142,0,0.013,450891896,128,1,8,8,Inf,default,FALSE,regression_surrogate,80,3.2166,0.0473,0.0305,3.1327,0.0061,516272128,488579072,6.027,0,FALSE,FALSE,,"",488579072,465.9,,
61,regression_surrogate,parallel,1,numeric,regression_surrogate,12,128,250,8,Inf,1000000,2,multisession,1,1000,25,FALSE,FALSE,2,"","",NA,2026-07-10T00:16:51+0200,jullum-ubuntu,4.6.1,1.0.8.9002,b9c5fcd1,1443559,ok,0.8453,8.9083,3.182,0.407,0,0.014,454230024,128,1,8,8,Inf,default,FALSE,regression_surrogate,82,8.8402,0.0477,0.0319,8.7544,0.0062,1676161024,1593061376,12.405,0,FALSE,FALSE,,"",1593061376,1519.3,,
62,regression_surrogate,parallel,2,numeric,regression_surrogate,12,128,250,8,Inf,1000000,2,multisession,1,1000,25,FALSE,FALSE,2,"","",NA,2026-07-10T00:40:10+0200,jullum-ubuntu,4.6.1,1.0.8.9002,b9c5fcd1,1469151,ok,0.8509,8.9285,3.202,0.389,0.002,0.011,454432640,128,1,8,8,Inf,default,FALSE,regression_surrogate,83,8.8601,0.0478,0.0308,8.7753,0.0062,1676492800,1592827904,12.468,0,FALSE,FALSE,,"",1592827904,1519,,
63,regression_surrogate,parallel,3,numeric,regression_surrogate,12,128,250,8,Inf,1000000,2,multisession,1,1000,25,FALSE,FALSE,2,"","",NA,2026-07-10T00:24:12+0200,jullum-ubuntu,4.6.1,1.0.8.9002,b9c5fcd1,1450688,ok,0.8578,8.8505,3.103,0.432,0.001,0.011,454253408,128,1,8,8,Inf,default,FALSE,regression_surrogate,84,8.7827,0.0477,0.0306,8.698,0.0064,1675362304,1592233984,12.347,0,FALSE,FALSE,,"",1592233984,1518.5,,
64,regression_surrogate,parallel,1,numeric,regression_surrogate,12,128,250,8,Inf,1000000,4,multisession,1,1000,25,FALSE,FALSE,2,"","",NA,2026-07-10T00:50:16+0200,jullum-ubuntu,4.6.1,1.0.8.9002,b9c5fcd1,1478460,ok,0.8323,13.8437,3.216,0.653,0.003,0.011,454166944,128,1,8,8,Inf,default,FALSE,regression_surrogate,86,13.7755,0.0476,0.0303,13.6914,0.0062,2829885440,2693652480,17.426,0,FALSE,FALSE,,"",2693652480,2568.9,,
65,regression_surrogate,parallel,2,numeric,regression_surrogate,12,128,250,8,Inf,1000000,4,multisession,1,1000,25,FALSE,FALSE,2,"","",NA,2026-07-10T00:19:53+0200,jullum-ubuntu,4.6.1,1.0.8.9002,b9c5fcd1,1446574,ok,0.8369,13.9244,3.292,0.662,0.001,0.013,454716352,128,1,8,8,Inf,default,FALSE,regression_surrogate,87,13.851,0.0508,0.0324,13.7619,0.006,2830262272,2694983680,17.469,0,FALSE,FALSE,,"",2694983680,2570.1,,
66,regression_surrogate,parallel,3,numeric,regression_surrogate,12,128,250,8,Inf,1000000,4,multisession,1,1000,25,FALSE,FALSE,2,"","",NA,2026-07-10T00:10:05+0200,jullum-ubuntu,4.6.1,1.0.8.9002,b9c5fcd1,1438722,ok,0.8611,13.7976,3.243,0.622,0.002,0.01,453584184,128,1,8,8,Inf,default,FALSE,regression_surrogate,88,13.729,0.0477,0.0304,13.6447,0.0063,2827431936,2691727360,17.343,0,FALSE,FALSE,,"",2691727360,2567,,
67,regression_surrogate,parallel,1,numeric,regression_surrogate,12,128,250,8,Inf,1000000,8,multisession,1,1000,25,FALSE,FALSE,2,"","",NA,2026-07-10T00:28:38+0200,jullum-ubuntu,4.6.1,1.0.8.9002,b9c5fcd1,1455431,ok,0.8391,23.8873,3.365,1.088,0.002,0.01,454104776,128,1,8,8,Inf,default,FALSE,regression_surrogate,90,23.8187,0.0477,0.0312,23.7333,0.0065,5135622144,4895977472,27.602,0,FALSE,FALSE,,"",4895977472,4669.2,,
68,regression_surrogate,parallel,2,numeric,regression_surrogate,12,128,250,8,Inf,1000000,8,multisession,1,1000,25,FALSE,FALSE,2,"","",NA,2026-07-10T00:43:59+0200,jullum-ubuntu,4.6.1,1.0.8.9002,b9c5fcd1,1473743,ok,0.8336,23.828,3.328,1.235,0.001,0.01,454057976,128,1,8,8,Inf,default,FALSE,regression_surrogate,91,23.7596,0.0478,0.0308,23.6749,0.0061,5135163392,4896755712,27.511,0,FALSE,FALSE,,"",4896755712,4669.9,,
69,regression_surrogate,parallel,3,numeric,regression_surrogate,12,128,250,8,Inf,1000000,8,multisession,1,1000,25,FALSE,FALSE,2,"","",NA,2026-07-10T00:56:30+0200,jullum-ubuntu,4.6.1,1.0.8.9002,b9c5fcd1,1485543,ok,0.8436,23.9194,3.455,1.196,0.005,0.009,454244176,128,1,8,8,Inf,default,FALSE,regression_surrogate,92,23.8502,0.0482,0.0309,23.7649,0.0061,5137063936,4897656832,27.631,0,FALSE,FALSE,,"",4897656832,4670.8,,
70,regression_surrogate,parallel,1,numeric,regression_surrogate,12,128,250,8,Inf,1000000,16,multisession,1,1000,25,FALSE,FALSE,2,"","",NA,2026-07-10T00:33:26+0200,jullum-ubuntu,4.6.1,1.0.8.9002,b9c5fcd1,1462160,ok,0.8452,23.8567,3.421,1.159,0.001,0.009,454571264,128,1,8,8,Inf,default,FALSE,regression_surrogate,94,23.7878,0.0481,0.0309,23.7027,0.0061,5781454848,5389561856,27.752,0,FALSE,FALSE,,"",5389561856,5139.9,,
71,regression_surrogate,parallel,2,numeric,regression_surrogate,12,128,250,8,Inf,1000000,16,multisession,1,1000,25,FALSE,FALSE,2,"","",NA,2026-07-10T00:34:36+0200,jullum-ubuntu,4.6.1,1.0.8.9002,b9c5fcd1,1463627,ok,0.8526,23.9172,3.389,1.184,0.004,0.011,454300376,128,1,8,8,Inf,default,FALSE,regression_surrogate,95,23.849,0.0477,0.0306,23.7645,0.0062,5780623360,5388341248,27.783,0,FALSE,FALSE,,"",5388341248,5138.7,,
72,regression_surrogate,parallel,3,numeric,regression_surrogate,12,128,250,8,Inf,1000000,16,multisession,1,1000,25,FALSE,FALSE,2,"","",NA,2026-07-10T00:24:25+0200,jullum-ubuntu,4.6.1,1.0.8.9002,b9c5fcd1,1450879,ok,0.8395,23.7932,3.364,1.2,0.004,0.009,453719240,128,1,8,8,Inf,default,FALSE,regression_surrogate,96,23.7242,0.0482,0.0307,23.6392,0.0061,5779025920,5386702848,27.642,0,FALSE,FALSE,,"",5386702848,5137.2,,
73,regression_surrogate,parallel,1,numeric,regression_surrogate,12,128,250,8,Inf,1000000,32,multisession,1,1000,25,FALSE,FALSE,2,"","",NA,2026-07-10T00:30:45+0200,jullum-ubuntu,4.6.1,1.0.8.9002,b9c5fcd1,1458362,ok,0.839,23.8697,3.402,1.194,0.002,0.011,454677240,128,1,8,8,Inf,default,FALSE,regression_surrogate,98,23.8013,0.0481,0.0308,23.7162,0.0061,7072346112,6371876864,28.129,0,FALSE,FALSE,,"",6371876864,6076.7,,
74,regression_surrogate,parallel,2,numeric,regression_surrogate,12,128,250,8,Inf,1000000,32,multisession,1,1000,25,FALSE,FALSE,2,"","",NA,2026-07-10T00:54:09+0200,jullum-ubuntu,4.6.1,1.0.8.9002,b9c5fcd1,1482824,ok,0.8301,23.7162,3.353,1.134,0.003,0.009,454360912,128,1,8,8,Inf,default,FALSE,regression_surrogate,99,23.6473,0.0481,0.031,23.562,0.0062,7066165248,6371721216,27.952,0,FALSE,FALSE,,"",6371721216,6076.5,,
75,regression_surrogate,parallel,3,numeric,regression_surrogate,12,128,250,8,Inf,1000000,32,multisession,1,1000,25,FALSE,FALSE,2,"","",NA,2026-07-10T00:25:51+0200,jullum-ubuntu,4.6.1,1.0.8.9002,b9c5fcd1,1452170,ok,0.8653,23.8202,3.402,1.206,0.001,0.01,454658344,128,1,8,8,Inf,default,FALSE,regression_surrogate,100,23.7515,0.0484,0.0314,23.6656,0.0061,7072419840,6372589568,28.182,0,FALSE,FALSE,,"",6372589568,6077.4,,
76,regression_surrogate,parallel,1,numeric,regression_surrogate,12,128,250,32,Inf,1000000,1,multisession,1,1000,25,FALSE,FALSE,2,"","",NA,2026-07-10T00:55:57+0200,jullum-ubuntu,4.6.1,1.0.8.9002,b9c5fcd1,1485144,ok,0.9291,3.5294,3.348,0.153,0.004,0.009,446996440,128,1,32,32,Inf,default,FALSE,regression_surrogate,102,3.4623,0.0471,0.0302,3.3788,0.0061,510619648,483495936,6.269,0,FALSE,FALSE,,"",483495936,461.1,,
77,regression_surrogate,parallel,2,numeric,regression_surrogate,12,128,250,32,Inf,1000000,1,multisession,1,1000,25,FALSE,FALSE,2,"","",NA,2026-07-10T00:54:52+0200,jullum-ubuntu,4.6.1,1.0.8.9002,b9c5fcd1,1484706,ok,0.931,3.5277,3.352,0.145,0.003,0.008,447108008,128,1,32,32,Inf,default,FALSE,regression_surrogate,103,3.4591,0.048,0.0306,3.3742,0.0062,511086592,483405824,6.265,0,FALSE,FALSE,,"",483405824,461,,
78,regression_surrogate,parallel,3,numeric,regression_surrogate,12,128,250,32,Inf,1000000,1,multisession,1,1000,25,FALSE,FALSE,2,"","",NA,2026-07-10T00:20:11+0200,jullum-ubuntu,4.6.1,1.0.8.9002,b9c5fcd1,1446882,ok,0.9402,3.5561,3.364,0.162,0.002,0.009,447164648,128,1,32,32,Inf,default,FALSE,regression_surrogate,104,3.4875,0.0492,0.0306,3.4016,0.0061,511361024,483500032,6.313,0,FALSE,FALSE,,"",483500032,461.1,,
79,regression_surrogate,parallel,1,numeric,regression_surrogate,12,128,250,32,Inf,1000000,2,multisession,1,1000,25,FALSE,FALSE,2,"","",NA,2026-07-10T00:53:56+0200,jullum-ubuntu,4.6.1,1.0.8.9002,b9c5fcd1,1482633,ok,0.8476,9.0428,3.182,0.409,0.004,0.009,455630208,128,1,32,32,Inf,default,FALSE,regression_surrogate,106,8.973,0.0489,0.0307,8.8873,0.0062,1679253504,1596235776,12.53,0,FALSE,FALSE,,"",1596235776,1522.3,,
80,regression_surrogate,parallel,2,numeric,regression_surrogate,12,128,250,32,Inf,1000000,2,multisession,1,1000,25,FALSE,FALSE,2,"","",NA,2026-07-10T00:14:54+0200,jullum-ubuntu,4.6.1,1.0.8.9002,b9c5fcd1,1442874,ok,0.8563,8.9984,3.146,0.449,0.001,0.012,454400000,128,1,32,32,Inf,default,FALSE,regression_surrogate,107,8.9301,0.0478,0.0313,8.8446,0.0064,1675718656,1592958976,12.524,0,FALSE,FALSE,,"",1592958976,1519.2,,
81,regression_surrogate,parallel,3,numeric,regression_surrogate,12,128,250,32,Inf,1000000,2,multisession,1,1000,25,FALSE,FALSE,2,"","",NA,2026-07-10T00:48:26+0200,jullum-ubuntu,4.6.1,1.0.8.9002,b9c5fcd1,1477296,ok,0.8364,8.9526,3.17,0.404,0.003,0.01,454768432,128,1,32,32,Inf,default,FALSE,regression_surrogate,108,8.8844,0.0476,0.0304,8.8001,0.0063,1676967936,1594003456,12.416,0,FALSE,FALSE,,"",1594003456,1520.2,,
82,regression_surrogate,parallel,1,numeric,regression_surrogate,12,128,250,32,Inf,1000000,4,multisession,1,1000,25,FALSE,FALSE,2,"","",NA,2026-07-10T00:23:54+0200,jullum-ubuntu,4.6.1,1.0.8.9002,b9c5fcd1,1450385,ok,0.8385,13.9444,3.244,0.649,0.001,0.011,454702152,128,1,32,32,Inf,default,FALSE,regression_surrogate,110,13.8743,0.0499,0.0304,13.7878,0.0062,2829516800,2694107136,17.508,0,FALSE,FALSE,,"",2694107136,2569.3,,
83,regression_surrogate,parallel,2,numeric,regression_surrogate,12,128,250,32,Inf,1000000,4,multisession,1,1000,25,FALSE,FALSE,2,"","",NA,2026-07-10T00:41:52+0200,jullum-ubuntu,4.6.1,1.0.8.9002,b9c5fcd1,1471213,ok,0.847,13.9325,3.25,0.665,0.002,0.013,375945272,128,1,32,32,Inf,default,FALSE,regression_surrogate,111,13.864,0.0478,0.0306,13.7795,0.0061,2762100736,2627198976,17.446,0,FALSE,FALSE,,"",2627198976,2505.5,,
84,regression_surrogate,parallel,3,numeric,regression_surrogate,12,128,250,32,Inf,1000000,4,multisession,1,1000,25,FALSE,FALSE,2,"","",NA,2026-07-10T00:47:56+0200,jullum-ubuntu,4.6.1,1.0.8.9002,b9c5fcd1,1476803,ok,0.8411,13.9031,3.195,0.669,0.002,0.008,453949880,128,1,32,32,Inf,default,FALSE,regression_surrogate,112,13.8348,0.0478,0.0305,13.7504,0.0062,2827755520,2692517888,17.412,0,FALSE,FALSE,,"",2692517888,2567.8,,
85,regression_surrogate,parallel,1,numeric,regression_surrogate,12,128,250,32,Inf,1000000,8,multisession,1,1000,25,FALSE,FALSE,2,"","",NA,2026-07-10T00:13:08+0200,jullum-ubuntu,4.6.1,1.0.8.9002,b9c5fcd1,1441092,ok,0.8349,24.0084,3.46,1.088,0.002,0.013,454093624,128,1,32,32,Inf,default,FALSE,regression_surrogate,114,23.94,0.0477,0.0306,23.8555,0.0062,5136121856,4895178752,27.723,0,FALSE,FALSE,,"",4895178752,4668.4,,
86,regression_surrogate,parallel,2,numeric,regression_surrogate,12,128,250,32,Inf,1000000,8,multisession,1,1000,25,FALSE,FALSE,2,"","",NA,2026-07-10T00:10:55+0200,jullum-ubuntu,4.6.1,1.0.8.9002,b9c5fcd1,1439154,ok,0.8598,23.7876,3.391,1.213,0.003,0.01,453817496,128,1,32,32,Inf,default,FALSE,regression_surrogate,115,23.7192,0.0477,0.0308,23.6344,0.0062,5135695872,4895756288,27.465,0,FALSE,FALSE,,"",4895756288,4669,,
87,regression_surrogate,parallel,3,numeric,regression_surrogate,12,128,250,32,Inf,1000000,8,multisession,1,1000,25,FALSE,FALSE,2,"","",NA,2026-07-10T00:50:39+0200,jullum-ubuntu,4.6.1,1.0.8.9002,b9c5fcd1,1478812,ok,0.8388,23.8885,3.424,1.15,0.001,0.01,454138992,128,1,32,32,Inf,default,FALSE,regression_surrogate,116,23.8203,0.0475,0.0306,23.7359,0.0062,5133959168,4896284672,27.576,0,FALSE,FALSE,,"",4896284672,4669.5,,
88,regression_surrogate,parallel,1,numeric,regression_surrogate,12,128,250,32,Inf,1000000,16,multisession,1,1000,25,FALSE,FALSE,2,"","",NA,2026-07-10T00:09:17+0200,jullum-ubuntu,4.6.1,1.0.8.9002,b9c5fcd1,1437692,ok,0.8398,43.913,3.688,2.17,0.002,0.011,455622112,128,1,32,32,Inf,default,FALSE,regression_surrogate,118,43.8445,0.0478,0.0313,43.7592,0.0062,9750167552,9302548480,47.89,0,FALSE,FALSE,,"",9302548480,8871.6,,
89,regression_surrogate,parallel,2,numeric,regression_surrogate,12,128,250,32,Inf,1000000,16,multisession,1,1000,25,FALSE,FALSE,2,"","",NA,2026-07-10T00:51:15+0200,jullum-ubuntu,4.6.1,1.0.8.9002,b9c5fcd1,1479391,ok,0.8378,43.7964,3.75,2.17,0.005,0.007,456949312,128,1,32,32,Inf,default,FALSE,regression_surrogate,119,43.7284,0.0489,0.0309,43.6425,0.0061,9755222016,9306316800,47.743,0,FALSE,FALSE,,"",9306316800,8875.2,,
90,regression_surrogate,parallel,3,numeric,regression_surrogate,12,128,250,32,Inf,1000000,16,multisession,1,1000,25,FALSE,FALSE,2,"","",NA,2026-07-10T00:31:44+0200,jullum-ubuntu,4.6.1,1.0.8.9002,b9c5fcd1,1460323,ok,0.8427,43.8377,3.697,2.249,0,0.012,455727272,128,1,32,32,Inf,default,FALSE,regression_surrogate,120,43.7689,0.0478,0.0307,43.6843,0.0062,9751937024,9303818240,47.808,0,FALSE,FALSE,,"",9303818240,8872.8,,
91,regression_surrogate,parallel,1,numeric,regression_surrogate,12,128,250,32,Inf,1000000,32,multisession,1,1000,25,FALSE,FALSE,2,"","",NA,2026-07-10T00:38:28+0200,jullum-ubuntu,4.6.1,1.0.8.9002,b9c5fcd1,1467105,ok,0.8282,83.7361,4.315,4.367,0.002,0.008,454058264,128,1,32,32,Inf,default,FALSE,regression_surrogate,122,83.6661,0.0481,0.0307,83.5812,0.0061,18980843520,18112409600,88.412,0,FALSE,FALSE,,"",18112409600,17273.3,,
92,regression_surrogate,parallel,2,numeric,regression_surrogate,12,128,250,32,Inf,1000000,32,multisession,1,1000,25,FALSE,FALSE,2,"","",NA,2026-07-10T00:04:23+0200,jullum-ubuntu,4.6.1,1.0.8.9002,b9c5fcd1,1432174,ok,0.8484,83.6849,4.24,4.215,0.002,0.011,453824496,128,1,32,32,Inf,default,FALSE,regression_surrogate,123,83.6162,0.0481,0.0309,83.531,0.0061,18984988672,18111029248,88.409,0,FALSE,FALSE,,"",18111029248,17272,,
93,regression_surrogate,parallel,3,numeric,regression_surrogate,12,128,250,32,Inf,1000000,32,multisession,1,1000,25,FALSE,FALSE,2,"","",NA,2026-07-10T00:40:23+0200,jullum-ubuntu,4.6.1,1.0.8.9002,b9c5fcd1,1469346,ok,0.8408,83.7468,4.38,4.18,0,0.013,454633240,128,1,32,32,Inf,default,FALSE,regression_surrogate,124,83.6777,0.0482,0.0312,83.5919,0.0063,18983288832,18113511424,88.431,0,FALSE,FALSE,,"",18113511424,17274.4,,
94,regression_surrogate,parallel,1,numeric,regression_surrogate,12,128,250,128,Inf,1000000,1,multisession,1,1000,25,FALSE,FALSE,2,"","",NA,2026-07-10T00:29:54+0200,jullum-ubuntu,4.6.1,1.0.8.9002,b9c5fcd1,1456529,ok,0.9429,4.5424,4.34,0.159,0.006,0.005,448577240,128,1,126,126,Inf,default,FALSE,regression_surrogate,126,4.4734,0.0487,0.0319,4.3864,0.0063,514523136,486838272,7.303,0,FALSE,FALSE,,"",486838272,464.3,,
95,regression_surrogate,parallel,2,numeric,regression_surrogate,12,128,250,128,Inf,1000000,1,multisession,1,1000,25,FALSE,FALSE,2,"","",NA,2026-07-10T00:27:38+0200,jullum-ubuntu,4.6.1,1.0.8.9002,b9c5fcd1,1454665,ok,0.9391,4.4808,4.306,0.143,0,0.013,448650104,128,1,126,126,Inf,default,FALSE,regression_surrogate,127,4.4123,0.0479,0.0308,4.3274,0.0063,514842624,486998016,7.276,0,FALSE,FALSE,,"",486998016,464.4,,
96,regression_surrogate,parallel,3,numeric,regression_surrogate,12,128,250,128,Inf,1000000,1,multisession,1,1000,25,FALSE,FALSE,2,"","",NA,2026-07-10T00:49:25+0200,jullum-ubuntu,4.6.1,1.0.8.9002,b9c5fcd1,1477728,ok,0.9376,4.4469,4.283,0.131,0.001,0.012,448274392,128,1,126,126,Inf,default,FALSE,regression_surrogate,128,4.3786,0.048,0.0307,4.2934,0.0065,513781760,486465536,7.195,0,FALSE,FALSE,,"",486465536,463.9,,
97,regression_surrogate,parallel,1,numeric,regression_surrogate,12,128,250,128,Inf,1000000,2,multisession,1,1000,25,FALSE,FALSE,2,"","",NA,2026-07-10T00:23:03+0200,jullum-ubuntu,4.6.1,1.0.8.9002,b9c5fcd1,1449627,ok,0.8477,9.7001,3.227,0.44,0,0.011,455452296,128,1,126,126,Inf,default,FALSE,regression_surrogate,130,9.6311,0.0481,0.0309,9.546,0.0062,1679945728,1598857216,13.201,0,FALSE,FALSE,,"",1598857216,1524.8,,
98,regression_surrogate,parallel,2,numeric,regression_surrogate,12,128,250,128,Inf,1000000,2,multisession,1,1000,25,FALSE,FALSE,2,"","",NA,2026-07-10T00:20:42+0200,jullum-ubuntu,4.6.1,1.0.8.9002,b9c5fcd1,1447080,ok,0.8552,9.6808,3.167,0.416,0.002,0.011,454610592,128,1,126,126,Inf,default,FALSE,regression_surrogate,131,9.611,0.0485,0.0306,9.5252,0.0067,1678983168,1596198912,13.179,0,FALSE,FALSE,,"",1596198912,1522.3,,
99,regression_surrogate,parallel,3,numeric,regression_surrogate,12,128,250,128,Inf,1000000,2,multisession,1,1000,25,FALSE,FALSE,2,"","",NA,2026-07-10T00:04:05+0200,jullum-ubuntu,4.6.1,1.0.8.9002,b9c5fcd1,1431940,ok,0.8617,9.6418,3.172,0.392,0.002,0.012,454942728,128,1,126,126,Inf,default,FALSE,regression_surrogate,132,9.5732,0.0481,0.0308,9.4882,0.0061,1679806464,1596379136,13.15,0,FALSE,FALSE,,"",1596379136,1522.4,,
100,regression_surrogate,parallel,1,numeric,regression_surrogate,12,128,250,128,Inf,1000000,4,multisession,1,1000,25,FALSE,FALSE,2,"","",NA,2026-07-10T00:56:04+0200,jullum-ubuntu,4.6.1,1.0.8.9002,b9c5fcd1,1485187,ok,0.8327,14.1387,3.242,0.673,0,0.012,454550720,128,1,126,126,Inf,default,FALSE,regression_surrogate,134,14.0702,0.0481,0.0305,13.9854,0.0062,2835550208,2699759616,17.66,0,FALSE,FALSE,,"",2699759616,2574.7,,
101,regression_surrogate,parallel,2,numeric,regression_surrogate,12,128,250,128,Inf,1000000,4,multisession,1,1000,25,FALSE,FALSE,2,"","",NA,2026-07-10T00:26:20+0200,jullum-ubuntu,4.6.1,1.0.8.9002,b9c5fcd1,1453895,ok,0.8414,14.1948,3.271,0.718,0,0.012,455209784,128,1,126,126,Inf,default,FALSE,regression_surrogate,135,14.1263,0.0486,0.0306,14.0408,0.0062,2837622784,2701447168,17.715,0,FALSE,FALSE,,"",2701447168,2576.3,,
102,regression_surrogate,parallel,3,numeric,regression_surrogate,12,128,250,128,Inf,1000000,4,multisession,1,1000,25,FALSE,FALSE,2,"","",NA,2026-07-10T00:21:12+0200,jullum-ubuntu,4.6.1,1.0.8.9002,b9c5fcd1,1447362,ok,0.8425,14.2372,3.29,0.66,0.003,0.01,455116488,128,1,126,126,Inf,default,FALSE,regression_surrogate,136,14.1683,0.0478,0.0306,14.0838,0.0062,2836971520,2700861440,17.759,0,FALSE,FALSE,,"",2700861440,2575.7,,
103,regression_surrogate,parallel,1,numeric,regression_surrogate,12,128,250,128,Inf,1000000,8,multisession,1,1000,25,FALSE,FALSE,2,"","",NA,2026-07-10T00:32:37+0200,jullum-ubuntu,4.6.1,1.0.8.9002,b9c5fcd1,1461333,ok,0.8483,24.1413,3.458,1.231,0.005,0.007,457260520,128,1,126,126,Inf,default,FALSE,regression_surrogate,138,24.0727,0.0478,0.0327,23.986,0.0062,5140201472,4899938304,27.858,0,FALSE,FALSE,,"",4899938304,4672.9,,
104,regression_surrogate,parallel,2,numeric,regression_surrogate,12,128,250,128,Inf,1000000,8,multisession,1,1000,25,FALSE,FALSE,2,"","",NA,2026-07-10T00:06:53+0200,jullum-ubuntu,4.6.1,1.0.8.9002,b9c5fcd1,1435165,ok,0.832,24.0001,3.433,1.067,0.001,0.013,454238808,128,1,126,126,Inf,default,FALSE,regression_surrogate,139,23.93,0.0482,0.031,23.8446,0.0062,5133836288,4896301056,27.68,0,FALSE,FALSE,,"",4896301056,4669.5,,
105,regression_surrogate,parallel,3,numeric,regression_surrogate,12,128,250,128,Inf,1000000,8,multisession,1,1000,25,FALSE,FALSE,2,"","",NA,2026-07-10T00:49:32+0200,jullum-ubuntu,4.6.1,1.0.8.9002,b9c5fcd1,1477772,ok,0.8536,24.1224,3.405,1.137,0.001,0.01,454486128,128,1,126,126,Inf,default,FALSE,regression_surrogate,140,24.0537,0.0484,0.0309,23.9682,0.0062,5135814656,4895985664,27.85,0,FALSE,FALSE,,"",4895985664,4669.2,,
106,regression_surrogate,parallel,1,numeric,regression_surrogate,12,128,250,128,Inf,1000000,16,multisession,1,1000,25,FALSE,FALSE,2,"","",NA,2026-07-10T00:07:29+0200,jullum-ubuntu,4.6.1,1.0.8.9002,b9c5fcd1,1435769,ok,0.8563,44.0527,3.728,2.13,0.002,0.012,456778208,128,1,126,126,Inf,default,FALSE,regression_surrogate,142,43.984,0.0479,0.031,43.8989,0.0061,9755029504,9304924160,48.04,0,FALSE,FALSE,,"",9304924160,8873.9,,
107,regression_surrogate,parallel,2,numeric,regression_surrogate,12,128,250,128,Inf,1000000,16,multisession,1,1000,25,FALSE,FALSE,2,"","",NA,2026-07-10T00:13:53+0200,jullum-ubuntu,4.6.1,1.0.8.9002,b9c5fcd1,1441742,ok,0.8514,43.877,3.737,2.166,0.004,0.009,456453480,128,1,126,126,Inf,default,FALSE,regression_surrogate,143,43.8087,0.0482,0.0316,43.7228,0.0062,9755398144,9304584192,47.917,0,FALSE,FALSE,,"",9304584192,8873.5,,
108,regression_surrogate,parallel,3,numeric,regression_surrogate,12,128,250,128,Inf,1000000,16,multisession,1,1000,25,FALSE,FALSE,2,"","",NA,2026-07-10T00:12:20+0200,jullum-ubuntu,4.6.1,1.0.8.9002,b9c5fcd1,1439941,ok,0.8463,43.7623,3.725,2.197,0.003,0.01,457155192,128,1,126,126,Inf,default,FALSE,regression_surrogate,144,43.6935,0.0486,0.0308,43.608,0.0062,9755168768,9305600000,47.747,0,FALSE,FALSE,,"",9305600000,8874.5,,
109,regression_surrogate,parallel,1,numeric,regression_surrogate,12,128,250,128,Inf,1000000,32,multisession,1,1000,25,FALSE,FALSE,2,"","",NA,2026-07-10T00:21:34+0200,jullum-ubuntu,4.6.1,1.0.8.9002,b9c5fcd1,1447706,ok,0.8754,83.8519,4.301,4.254,0.001,0.013,454356016,128,1,126,126,Inf,default,FALSE,regression_surrogate,146,83.7816,0.0484,0.0311,83.6961,0.006,18983395328,18111975424,88.59,0,FALSE,FALSE,,"",18111975424,17272.9,,
110,regression_surrogate,parallel,2,numeric,regression_surrogate,12,128,250,128,Inf,1000000,32,multisession,1,1000,25,FALSE,FALSE,2,"","",NA,2026-07-10T00:52:08+0200,jullum-ubuntu,4.6.1,1.0.8.9002,b9c5fcd1,1480401,ok,0.8312,83.8095,4.398,3.978,0.003,0.009,454465688,128,1,126,126,Inf,default,FALSE,regression_surrogate,147,83.7409,0.0479,0.0308,83.6561,0.006,18987061248,18113474560,88.502,0,FALSE,FALSE,,"",18113474560,17274.4,,
111,regression_surrogate,parallel,3,numeric,regression_surrogate,12,128,250,128,Inf,1000000,32,multisession,1,1000,25,FALSE,FALSE,2,"","",NA,2026-07-10T00:46:04+0200,jullum-ubuntu,4.6.1,1.0.8.9002,b9c5fcd1,1474743,ok,0.8225,83.7071,4.273,4.206,0.003,0.01,454369472,128,1,126,126,Inf,default,FALSE,regression_surrogate,148,83.6365,0.0478,0.0307,83.5519,0.0061,18985013248,18112442368,88.39,0,FALSE,FALSE,,"",18112442368,17273.4,,
112,regression_surrogate,batches,1,numeric,regression_surrogate,12,128,250,1,Inf,Inf,1,multisession,1,1000,25,FALSE,FALSE,2,"","",NA,2026-07-10T00:25:39+0200,jullum-ubuntu,4.6.1,1.0.8.9002,b9c5fcd1,1452081,ok,0.9362,3.1818,3.003,0.148,0.005,0.008,453050896,128,1,1,1,Inf,default,FALSE,regression_surrogate,150,3.1137,0.0474,0.0304,3.0297,0.0062,515940352,488095744,5.931,0,FALSE,FALSE,,"",488095744,465.5,,
113,regression_surrogate,batches,2,numeric,regression_surrogate,12,128,250,1,Inf,Inf,1,multisession,1,1000,25,FALSE,FALSE,2,"","",NA,2026-07-10T00:06:40+0200,jullum-ubuntu,4.6.1,1.0.8.9002,b9c5fcd1,1435075,ok,0.9341,3.2113,3.022,0.16,0.004,0.009,453244048,128,1,1,1,Inf,default,FALSE,regression_surrogate,151,3.1434,0.0479,0.0308,3.0587,0.006,516481024,488759296,5.944,0,FALSE,FALSE,,"",488759296,466.1,,
114,regression_surrogate,batches,3,numeric,regression_surrogate,12,128,250,1,Inf,Inf,1,multisession,1,1000,25,FALSE,FALSE,2,"","",NA,2026-07-10T00:19:06+0200,jullum-ubuntu,4.6.1,1.0.8.9002,b9c5fcd1,1446172,ok,0.9322,3.2183,3.021,0.168,0.005,0.007,455890416,128,1,1,1,Inf,default,FALSE,regression_surrogate,152,3.1494,0.0477,0.0307,3.0647,0.0063,520298496,493060096,5.951,0,FALSE,FALSE,,"",493060096,470.2,,
115,regression_surrogate,batches,1,numeric,regression_surrogate,12,128,250,5,Inf,Inf,1,multisession,1,1000,25,FALSE,FALSE,2,"","",NA,2026-07-10T00:02:39+0200,jullum-ubuntu,4.6.1,1.0.8.9002,b9c5fcd1,1430875,ok,0.9408,3.2678,3.092,0.144,0,0.013,453803072,128,1,5,5,Inf,default,FALSE,regression_surrogate,154,3.1988,0.0479,0.0307,3.114,0.0062,518483968,490872832,6.034,0,FALSE,FALSE,,"",490872832,468.1,,
116,regression_surrogate,batches,2,numeric,regression_surrogate,12,128,250,5,Inf,Inf,1,multisession,1,1000,25,FALSE,FALSE,2,"","",NA,2026-07-10T00:27:00+0200,jullum-ubuntu,4.6.1,1.0.8.9002,b9c5fcd1,1454405,ok,0.9437,3.2498,3.066,0.155,0.002,0.012,452984920,128,1,5,5,Inf,default,FALSE,regression_surrogate,155,3.1815,0.0478,0.0306,3.0968,0.0062,516440064,489037824,6.001,0,FALSE,FALSE,,"",489037824,466.4,,
117,regression_surrogate,batches,3,numeric,regression_surrogate,12,128,250,5,Inf,Inf,1,multisession,1,1000,25,FALSE,FALSE,2,"","",NA,2026-07-10T00:34:17+0200,jullum-ubuntu,4.6.1,1.0.8.9002,b9c5fcd1,1463481,ok,0.9407,3.2541,3.064,0.159,0.004,0.008,453846816,128,1,5,5,Inf,default,FALSE,regression_surrogate,156,3.1857,0.0479,0.0308,3.1009,0.0061,518279168,490696704,6.009,0,FALSE,FALSE,,"",490696704,468,,
118,regression_surrogate,batches,1,numeric,regression_surrogate,12,128,250,25,Inf,Inf,1,multisession,1,1000,25,FALSE,FALSE,2,"","",NA,2026-07-10T00:51:07+0200,jullum-ubuntu,4.6.1,1.0.8.9002,b9c5fcd1,1479335,ok,0.9481,3.4192,3.237,0.154,0.001,0.011,446684664,128,1,25,25,Inf,default,FALSE,regression_surrogate,158,3.3499,0.0484,0.0308,3.2644,0.0062,508575744,480985088,6.183,0,FALSE,FALSE,,"",480985088,458.7,,
119,regression_surrogate,batches,2,numeric,regression_surrogate,12,128,250,25,Inf,Inf,1,multisession,1,1000,25,FALSE,FALSE,2,"","",NA,2026-07-10T00:07:22+0200,jullum-ubuntu,4.6.1,1.0.8.9002,b9c5fcd1,1435697,ok,0.9377,3.5391,3.345,0.161,0.003,0.01,447159184,128,1,25,25,Inf,default,FALSE,regression_surrogate,159,3.4705,0.0482,0.0305,3.3856,0.0062,509857792,482242560,6.286,0,FALSE,FALSE,,"",482242560,459.9,,
120,regression_surrogate,batches,3,numeric,regression_surrogate,12,128,250,25,Inf,Inf,1,multisession,1,1000,25,FALSE,FALSE,2,"","",NA,2026-07-10T00:37:33+0200,jullum-ubuntu,4.6.1,1.0.8.9002,b9c5fcd1,1466232,ok,0.9279,3.4565,3.288,0.139,0,0.013,446943352,128,1,25,25,Inf,default,FALSE,regression_surrogate,160,3.3884,0.0477,0.0304,3.3036,0.0067,509644800,482058240,6.188,0,FALSE,FALSE,,"",482058240,459.7,,
121,regression_surrogate,iterative_budget,1,numeric,regression_surrogate,12,256,250,10,Inf,1000000,1,multisession,1,1000,25,TRUE,FALSE,2,"",source,NA,2026-07-16T03:55:02+0200,jullum-ubuntu,4.6.1,1.0.8.9003,10cc557a,2766441,ok,0.9372,4.2628,4.022,0.223,0.001,0.008,549916600,256,1,10,10,Inf,default,FALSE,regression_surrogate,162,4.1942,0.0686,0.0333,4.0843,0.0079,613535744,587038720,7.03,0,FALSE,FALSE,,iter_regression_surrogate_iterative_budget_1,587038720,559.8,,
122,regression_surrogate,iterative_budget,2,numeric,regression_surrogate,12,256,250,10,Inf,1000000,1,multisession,1,1000,25,TRUE,FALSE,2,"",source,NA,2026-07-16T03:56:19+0200,jullum-ubuntu,4.6.1,1.0.8.9003,10cc557a,2768098,ok,0.9575,4.2401,3.983,0.229,0.001,0.011,549683144,256,1,10,10,Inf,default,FALSE,regression_surrogate,163,4.1679,0.0705,0.0326,4.0569,0.0079,613494784,587112448,7.062,0,FALSE,FALSE,,iter_regression_surrogate_iterative_budget_1,587112448,559.9,,
123,regression_surrogate,iterative_budget,3,numeric,regression_surrogate,12,256,250,10,Inf,1000000,1,multisession,1,1000,25,TRUE,FALSE,2,"",source,NA,2026-07-16T03:51:15+0200,jullum-ubuntu,4.6.1,1.0.8.9003,10cc557a,2761642,ok,0.9353,4.2266,3.987,0.207,0.001,0.013,549992048,256,1,10,10,Inf,default,FALSE,regression_surrogate,164,4.158,0.0694,0.0329,4.0479,0.0078,613597184,587100160,6.99,0,FALSE,FALSE,,iter_regression_surrogate_iterative_budget_1,587100160,559.9,,
124,regression_surrogate,iterative_budget,1,numeric,regression_surrogate,12,-1,250,10,Inf,1000000,1,multisession,1,1000,25,FALSE,FALSE,2,"",dependent,4096,2026-07-10T00:37:07+0200,jullum-ubuntu,4.6.1,1.0.8.9002,b9c5fcd1,1466080,ok,0.9364,12.0482,8.861,3.156,0.005,0.007,3927792496,4096,1,10,10,Inf,default,FALSE,regression_surrogate,166,11.9801,0.0479,0.0307,11.8247,0.0767,3984719872,3966976000,15.137,0,FALSE,FALSE,121,iter_regression_surrogate_iterative_budget_1,3966976000,3783.2,256,FALSE
125,regression_surrogate,iterative_budget,2,numeric,regression_surrogate,12,-1,250,10,Inf,1000000,1,multisession,1,1000,25,FALSE,FALSE,2,"",dependent,4096,2026-07-10T00:55:21+0200,jullum-ubuntu,4.6.1,1.0.8.9002,b9c5fcd1,1484843,ok,0.942,12.0904,8.931,3.132,0.002,0.012,3927825288,4096,1,10,10,Inf,default,FALSE,regression_surrogate,167,12.0217,0.0481,0.0313,11.8673,0.075,3984879616,3967184896,15.182,0,FALSE,FALSE,122,iter_regression_surrogate_iterative_budget_1,3967184896,3783.4,256,FALSE
126,regression_surrogate,iterative_budget,3,numeric,regression_surrogate,12,-1,250,10,Inf,1000000,1,multisession,1,1000,25,FALSE,FALSE,2,"",dependent,4096,2026-07-10T00:02:23+0200,jullum-ubuntu,4.6.1,1.0.8.9002,b9c5fcd1,1430811,ok,0.9465,12.0023,8.85,3.12,0.001,0.011,3927824712,4096,1,10,10,Inf,default,FALSE,regression_surrogate,168,11.9339,0.048,0.0309,11.7782,0.0767,3984764928,3967303680,15.097,0,FALSE,FALSE,123,iter_regression_surrogate_iterative_budget_1,3967303680,3783.5,256,FALSE
127,regression_surrogate,iterative_budget,1,numeric,regression_surrogate,12,1024,250,10,Inf,1000000,1,multisession,1,1000,25,TRUE,FALSE,2,"",source,NA,2026-07-16T03:55:46+0200,jullum-ubuntu,4.6.1,1.0.8.9003,10cc557a,2767488,ok,0.9448,9.5936,8.731,0.83,0.006,0.007,1232538808,1024,1,10,10,Inf,default,FALSE,regression_surrogate,170,9.525,0.0686,0.0321,9.4059,0.0183,1291845632,1266597888,12.49,0,FALSE,FALSE,,iter_regression_surrogate_iterative_budget_2,1266597888,1207.9,,
128,regression_surrogate,iterative_budget,2,numeric,regression_surrogate,12,1024,250,10,Inf,1000000,1,multisession,1,1000,25,TRUE,FALSE,2,"",source,NA,2026-07-16T03:53:22+0200,jullum-ubuntu,4.6.1,1.0.8.9003,10cc557a,2764351,ok,0.9447,9.5507,8.647,0.801,0.001,0.01,1232435320,1024,1,10,10,Inf,default,FALSE,regression_surrogate,171,9.4822,0.0686,0.0324,9.3636,0.0176,1291743232,1266565120,12.458,0,FALSE,FALSE,,iter_regression_surrogate_iterative_budget_2,1266565120,1207.9,,
129,regression_surrogate,iterative_budget,3,numeric,regression_surrogate,12,1024,250,10,Inf,1000000,1,multisession,1,1000,25,TRUE,FALSE,2,"",source,NA,2026-07-16T03:51:55+0200,jullum-ubuntu,4.6.1,1.0.8.9003,10cc557a,2762425,ok,0.9412,9.4383,8.569,0.841,0.004,0.008,1231854152,1024,1,10,10,Inf,default,FALSE,regression_surrogate,172,9.3697,0.0687,0.0324,9.2505,0.018,1290924032,1265598464,12.358,0,FALSE,FALSE,,iter_regression_surrogate_iterative_budget_2,1265598464,1207,,
130,regression_surrogate,iterative_budget,1,numeric,regression_surrogate,12,-1,250,10,Inf,1000000,1,multisession,1,1000,25,FALSE,FALSE,2,"",dependent,4096,2026-07-10T00:49:02+0200,jullum-ubuntu,4.6.1,1.0.8.9002,b9c5fcd1,1477640,ok,0.9286,12.0188,8.87,3.119,0.004,0.009,3927792496,4096,1,10,10,Inf,default,FALSE,regression_surrogate,174,11.9496,0.049,0.0311,11.7934,0.0761,3984711680,3967127552,15.092,0,FALSE,FALSE,127,iter_regression_surrogate_iterative_budget_2,3967127552,3783.3,1024,FALSE
131,regression_surrogate,iterative_budget,2,numeric,regression_surrogate,12,-1,250,10,Inf,1000000,1,multisession,1,1000,25,FALSE,FALSE,2,"",dependent,4096,2026-07-10T00:25:09+0200,jullum-ubuntu,4.6.1,1.0.8.9002,b9c5fcd1,1451914,ok,0.9393,12.348,9.088,3.227,0.002,0.01,3927792496,4096,1,10,10,Inf,default,FALSE,regression_surrogate,175,12.2795,0.048,0.0307,12.1248,0.0761,3984728064,3967520768,15.44,0,FALSE,FALSE,128,iter_regression_surrogate_iterative_budget_2,3967520768,3783.7,1024,FALSE
132,regression_surrogate,iterative_budget,3,numeric,regression_surrogate,12,-1,250,10,Inf,1000000,1,multisession,1,1000,25,FALSE,FALSE,2,"",dependent,4096,2026-07-10T00:10:39+0200,jullum-ubuntu,4.6.1,1.0.8.9002,b9c5fcd1,1439100,ok,0.9289,12.009,8.852,3.128,0.003,0.009,3927792496,4096,1,10,10,Inf,default,FALSE,regression_surrogate,176,11.9413,0.0474,0.0304,11.7869,0.0767,3984711680,3967098880,15.067,0,FALSE,FALSE,129,iter_regression_surrogate_iterative_budget_2,3967098880,3783.3,1024,FALSE
133,regression_surrogate,dataset,1,mixed_fc_fl,regression_surrogate,12,128,250,10,Inf,1000000,1,multisession,1,1000,25,FALSE,FALSE,2,"","",NA,2026-07-10T00:26:44+0200,jullum-ubuntu,4.6.1,1.0.8.9002,b9c5fcd1,1454240,ok,0.075,2.279,2.125,0.139,0.006,0.005,314136840,64,1,10,10,Inf,default,FALSE,regression_surrogate,178,2.1989,0.0512,0.7898,1.3524,0.0054,384786432,362991616,4.118,0,FALSE,FALSE,,"",362991616,346.2,,
134,regression_surrogate,dataset,2,mixed_fc_fl,regression_surrogate,12,128,250,10,Inf,1000000,1,multisession,1,1000,25,FALSE,FALSE,2,"","",NA,2026-07-10T00:36:46+0200,jullum-ubuntu,4.6.1,1.0.8.9002,b9c5fcd1,1465969,ok,0.0747,2.2863,2.132,0.139,0.001,0.011,314136120,64,1,10,10,Inf,default,FALSE,regression_surrogate,179,2.2029,0.052,0.7964,1.3489,0.0057,384868352,362688512,4.13,0,FALSE,FALSE,,"",362688512,345.9,,
135,regression_surrogate,dataset,3,mixed_fc_fl,regression_surrogate,12,128,250,10,Inf,1000000,1,multisession,1,1000,25,FALSE,FALSE,2,"","",NA,2026-07-10T00:26:49+0200,jullum-ubuntu,4.6.1,1.0.8.9002,b9c5fcd1,1454295,ok,0.0746,2.2837,2.126,0.143,0,0.012,314136064,64,1,10,10,Inf,default,FALSE,regression_surrogate,180,2.2032,0.0506,0.7957,1.3514,0.0054,384774144,362864640,4.148,0,FALSE,FALSE,,"",362864640,346.1,,
136,regression_surrogate,dataset,1,mixed_fc_ml,regression_surrogate,12,128,250,10,Inf,1000000,1,multisession,1,1000,25,FALSE,FALSE,2,"","",NA,2026-07-10T00:14:49+0200,jullum-ubuntu,4.6.1,1.0.8.9002,b9c5fcd1,1442817,ok,0.0762,2.3381,2.155,0.164,0.001,0.012,326527488,64,1,10,10,Inf,default,FALSE,regression_surrogate,182,2.2579,0.0503,0.8042,1.398,0.0054,397004800,374173696,4.238,0,FALSE,FALSE,,"",374173696,356.8,,
137,regression_surrogate,dataset,2,mixed_fc_ml,regression_surrogate,12,128,250,10,Inf,1000000,1,multisession,1,1000,25,FALSE,FALSE,2,"","",NA,2026-07-10T00:16:41+0200,jullum-ubuntu,4.6.1,1.0.8.9002,b9c5fcd1,1443457,ok,0.0745,2.3102,2.15,0.14,0.001,0.009,326525528,64,1,10,10,Inf,default,FALSE,regression_surrogate,183,2.231,0.0505,0.7989,1.3761,0.0054,397213696,374812672,4.161,0,FALSE,FALSE,,"",374812672,357.4,,
138,regression_surrogate,dataset,3,mixed_fc_ml,regression_surrogate,12,128,250,10,Inf,1000000,1,multisession,1,1000,25,FALSE,FALSE,2,"","",NA,2026-07-10T00:20:24+0200,jullum-ubuntu,4.6.1,1.0.8.9002,b9c5fcd1,1446980,ok,0.0757,2.3363,2.169,0.15,0,0.01,326527056,64,1,10,10,Inf,default,FALSE,regression_surrogate,184,2.2555,0.0513,0.8104,1.3883,0.0055,396984320,374689792,4.21,0,FALSE,FALSE,,"",374689792,357.3,,
139,regression_surrogate,dataset,1,mixed_mc_fl,regression_surrogate,12,128,250,10,Inf,1000000,1,multisession,1,1000,25,FALSE,FALSE,2,"","",NA,2026-07-10T00:23:23+0200,jullum-ubuntu,4.6.1,1.0.8.9002,b9c5fcd1,1449978,ok,0.0759,4.1997,3.958,0.226,0.003,0.009,401516072,128,1,10,10,Inf,default,FALSE,regression_surrogate,186,4.1198,0.051,0.7959,3.2666,0.0063,489570304,466972672,6.063,0,FALSE,FALSE,,"",466972672,445.3,,
140,regression_surrogate,dataset,2,mixed_mc_fl,regression_surrogate,12,128,250,10,Inf,1000000,1,multisession,1,1000,25,FALSE,FALSE,2,"","",NA,2026-07-10T00:03:04+0200,jullum-ubuntu,4.6.1,1.0.8.9002,b9c5fcd1,1431159,ok,0.0758,4.2213,3.992,0.209,0.005,0.008,401612072,128,1,10,10,Inf,default,FALSE,regression_surrogate,187,4.1411,0.0506,0.7969,3.2875,0.0062,489627648,467415040,6.089,0,FALSE,FALSE,,"",467415040,445.8,,
141,regression_surrogate,dataset,3,mixed_mc_fl,regression_surrogate,12,128,250,10,Inf,1000000,1,multisession,1,1000,25,FALSE,FALSE,2,"","",NA,2026-07-10T00:23:48+0200,jullum-ubuntu,4.6.1,1.0.8.9002,b9c5fcd1,1450330,ok,0.0761,4.1852,3.967,0.205,0.002,0.01,401431224,128,1,10,10,Inf,default,FALSE,regression_surrogate,188,4.1049,0.0515,0.7941,3.2529,0.0063,489500672,467451904,6.066,0,FALSE,FALSE,,"",467451904,445.8,,
142,regression_surrogate,dataset,1,mixed_mc_ml,regression_surrogate,12,128,250,10,Inf,1000000,1,multisession,1,1000,25,FALSE,FALSE,2,"","",NA,2026-07-10T00:56:22+0200,jullum-ubuntu,4.6.1,1.0.8.9002,b9c5fcd1,1485488,ok,0.0767,4.9398,4.656,0.269,0.004,0.01,487809168,128,1,10,10,Inf,default,FALSE,regression_surrogate,190,4.8597,0.0514,0.81,3.9921,0.0062,587034624,564875264,6.829,0,FALSE,FALSE,,"",564875264,538.7,,
143,regression_surrogate,dataset,2,mixed_mc_ml,regression_surrogate,12,128,250,10,Inf,1000000,1,multisession,1,1000,25,FALSE,FALSE,2,"","",NA,2026-07-10T00:29:06+0200,jullum-ubuntu,4.6.1,1.0.8.9002,b9c5fcd1,1456016,ok,0.0766,4.9643,4.661,0.289,0.002,0.009,487439600,128,1,10,10,Inf,default,FALSE,regression_surrogate,191,4.8837,0.0511,0.8105,4.0159,0.0062,587104256,564899840,6.832,0,FALSE,FALSE,,"",564899840,538.7,,
144,regression_surrogate,dataset,3,mixed_mc_ml,regression_surrogate,12,128,250,10,Inf,1000000,1,multisession,1,1000,25,FALSE,FALSE,2,"","",NA,2026-07-10T00:29:47+0200,jullum-ubuntu,4.6.1,1.0.8.9002,b9c5fcd1,1456474,ok,0.0765,4.8912,4.575,0.291,0.002,0.013,487400600,128,1,10,10,Inf,default,FALSE,regression_surrogate,192,4.8112,0.0514,0.8077,3.946,0.0061,586690560,564133888,6.774,0,FALSE,FALSE,,"",564133888,538,,
145,regression_surrogate,dataset,1,categorical,regression_surrogate,12,128,250,10,Inf,1000000,1,multisession,1,1000,25,FALSE,FALSE,2,"","",NA,2026-07-16T03:53:46+0200,jullum-ubuntu,4.6.1,1.0.8.9003,10cc557a,2764918,ok,0.076,4.1054,3.91,0.174,0.003,0.011,377769920,128,1,10,10,Inf,default,FALSE,regression_surrogate,194,4.0247,0.0503,0.7913,3.1767,0.0064,442138624,419340288,5.975,0,FALSE,FALSE,,"",419340288,399.9,,
146,regression_surrogate,dataset,2,categorical,regression_surrogate,12,128,250,10,Inf,1000000,1,multisession,1,1000,25,FALSE,FALSE,2,"","",NA,2026-07-16T03:54:27+0200,jullum-ubuntu,4.6.1,1.0.8.9003,10cc557a,2765676,ok,0.0742,4.0759,3.875,0.19,0.001,0.009,380320728,128,1,10,10,Inf,default,FALSE,regression_surrogate,195,3.9972,0.0506,0.8047,3.1356,0.0063,442191872,419184640,5.936,0,FALSE,FALSE,,"",419184640,399.8,,
147,regression_surrogate,dataset,3,categorical,regression_surrogate,12,128,250,10,Inf,1000000,1,multisession,1,1000,25,FALSE,FALSE,2,"","",NA,2026-07-16T03:56:09+0200,jullum-ubuntu,4.6.1,1.0.8.9003,10cc557a,2767968,ok,0.0747,4.0829,3.872,0.194,0.004,0.008,379227664,128,1,10,10,Inf,default,FALSE,regression_surrogate,196,4.0022,0.0525,0.8023,3.1413,0.0061,442306560,419192832,5.971,0,FALSE,FALSE,,"",419192832,399.8,,
148,regression_surrogate,surrogate_n_comb,1,numeric,regression_surrogate,12,128,250,10,Inf,1000000,1,multisession,1,1000,25,FALSE,FALSE,2,regression.surrogate_n_comb=8,"",NA,2026-07-10T00:33:21+0200,jullum-ubuntu,4.6.1,1.0.8.9002,b9c5fcd1,1462117,ok,0.9363,2.1578,2.085,0.045,0.002,0.011,284154352,128,1,10,10,Inf,default,FALSE,regression_surrogate,198,2.0894,0.0478,0.0308,1.9979,0.0128,355446784,327458816,4.896,0,FALSE,FALSE,,"",327458816,312.3,,
149,regression_surrogate,surrogate_n_comb,2,numeric,regression_surrogate,12,128,250,10,Inf,1000000,1,multisession,1,1000,25,FALSE,FALSE,2,regression.surrogate_n_comb=8,"",NA,2026-07-10T00:27:51+0200,jullum-ubuntu,4.6.1,1.0.8.9002,b9c5fcd1,1454822,ok,0.9402,2.1869,2.119,0.035,0.004,0.01,284155064,128,1,10,10,Inf,default,FALSE,regression_surrogate,199,2.1186,0.048,0.0319,2.0324,0.0062,356114432,328482816,4.937,0,FALSE,FALSE,,"",328482816,313.3,,
150,regression_surrogate,surrogate_n_comb,3,numeric,regression_surrogate,12,128,250,10,Inf,1000000,1,multisession,1,1000,25,FALSE,FALSE,2,regression.surrogate_n_comb=8,"",NA,2026-07-10T00:25:45+0200,jullum-ubuntu,4.6.1,1.0.8.9002,b9c5fcd1,1452127,ok,0.943,2.1771,2.111,0.038,0.001,0.011,284155064,128,1,10,10,Inf,default,FALSE,regression_surrogate,200,2.1083,0.0481,0.0308,2.0232,0.0063,355303424,327540736,4.945,0,FALSE,FALSE,,"",327540736,312.4,,
151,regression_surrogate,surrogate_n_comb,1,numeric,regression_surrogate,12,128,250,10,Inf,1000000,1,multisession,1,1000,25,FALSE,FALSE,2,regression.surrogate_n_comb=16,"",NA,2026-07-10T00:44:50+0200,jullum-ubuntu,4.6.1,1.0.8.9002,b9c5fcd1,1474411,ok,0.9464,2.2725,2.208,0.037,0.005,0.005,284153504,128,1,10,10,Inf,default,FALSE,regression_surrogate,202,2.2036,0.0485,0.0309,2.1177,0.0064,358879232,330911744,5.011,0,FALSE,FALSE,,"",330911744,315.6,,
152,regression_surrogate,surrogate_n_comb,2,numeric,regression_surrogate,12,128,250,10,Inf,1000000,1,multisession,1,1000,25,FALSE,FALSE,2,regression.surrogate_n_comb=16,"",NA,2026-07-10T00:48:21+0200,jullum-ubuntu,4.6.1,1.0.8.9002,b9c5fcd1,1477251,ok,0.9423,2.2486,2.175,0.048,0.002,0.008,284155064,128,1,10,10,Inf,default,FALSE,regression_surrogate,203,2.1787,0.048,0.0307,2.0937,0.0063,357163008,329347072,4.976,0,FALSE,FALSE,,"",329347072,314.1,,
153,regression_surrogate,surrogate_n_comb,3,numeric,regression_surrogate,12,128,250,10,Inf,1000000,1,multisession,1,1000,25,FALSE,FALSE,2,regression.surrogate_n_comb=16,"",NA,2026-07-10T00:02:02+0200,jullum-ubuntu,4.6.1,1.0.8.9002,b9c5fcd1,1430722,ok,0.9449,2.2569,2.195,0.036,0.002,0.011,284155064,128,1,10,10,Inf,default,FALSE,regression_surrogate,204,2.1879,0.0483,0.0308,2.1025,0.0063,358162432,330473472,4.991,0,FALSE,FALSE,,"",330473472,315.2,,
154,regression_surrogate,surrogate_n_comb,1,numeric,regression_surrogate,12,128,250,10,Inf,1000000,1,multisession,1,1000,25,FALSE,FALSE,2,regression.surrogate_n_comb=32,"",NA,2026-07-10T00:26:54+0200,jullum-ubuntu,4.6.1,1.0.8.9002,b9c5fcd1,1454350,ok,0.9336,2.4246,2.32,0.076,0.002,0.01,363725336,128,1,10,10,Inf,default,FALSE,regression_surrogate,206,2.3567,0.0478,0.0308,2.272,0.0061,430886912,403075072,5.146,0,FALSE,FALSE,,"",403075072,384.4,,
155,regression_surrogate,surrogate_n_comb,2,numeric,regression_surrogate,12,128,250,10,Inf,1000000,1,multisession,1,1000,25,FALSE,FALSE,2,regression.surrogate_n_comb=32,"",NA,2026-07-10T00:27:19+0200,jullum-ubuntu,4.6.1,1.0.8.9002,b9c5fcd1,1454536,ok,0.9382,2.4572,2.348,0.078,0.001,0.012,363740568,128,1,10,10,Inf,default,FALSE,regression_surrogate,207,2.389,0.0481,0.0309,2.3038,0.0062,430915584,403075072,5.221,0,FALSE,FALSE,,"",403075072,384.4,,
156,regression_surrogate,surrogate_n_comb,3,numeric,regression_surrogate,12,128,250,10,Inf,1000000,1,multisession,1,1000,25,FALSE,FALSE,2,regression.surrogate_n_comb=32,"",NA,2026-07-10T00:16:35+0200,jullum-ubuntu,4.6.1,1.0.8.9002,b9c5fcd1,1443414,ok,0.9422,2.4327,2.326,0.079,0.002,0.01,363740096,128,1,10,10,Inf,default,FALSE,regression_surrogate,208,2.3629,0.0494,0.0308,2.2765,0.0062,428343296,402845696,5.159,0,FALSE,FALSE,,"",402845696,384.2,,
157,regression_surrogate,surrogate_n_comb,1,numeric,regression_surrogate,12,128,250,10,Inf,1000000,1,multisession,1,1000,25,FALSE,FALSE,2,regression.surrogate_n_comb=64,"",NA,2026-07-10T00:11:39+0200,jullum-ubuntu,4.6.1,1.0.8.9002,b9c5fcd1,1439719,ok,0.944,2.8261,2.667,0.13,0.001,0.012,399105464,128,1,10,10,Inf,default,FALSE,regression_surrogate,210,2.7575,0.048,0.0308,2.6725,0.0061,463945728,436518912,5.576,0,FALSE,FALSE,,"",436518912,416.3,,
158,regression_surrogate,surrogate_n_comb,2,numeric,regression_surrogate,12,128,250,10,Inf,1000000,1,multisession,1,1000,25,FALSE,FALSE,2,regression.surrogate_n_comb=64,"",NA,2026-07-10T00:50:09+0200,jullum-ubuntu,4.6.1,1.0.8.9002,b9c5fcd1,1478415,ok,0.94,2.831,2.674,0.129,0.001,0.012,399467016,128,1,10,10,Inf,default,FALSE,regression_surrogate,211,2.7627,0.0479,0.0316,2.6771,0.0061,464252928,437186560,5.583,0,FALSE,FALSE,,"",437186560,416.9,,
159,regression_surrogate,surrogate_n_comb,3,numeric,regression_surrogate,12,128,250,10,Inf,1000000,1,multisession,1,1000,25,FALSE,FALSE,2,regression.surrogate_n_comb=64,"",NA,2026-07-10T00:31:17+0200,jullum-ubuntu,4.6.1,1.0.8.9002,b9c5fcd1,1460131,ok,0.9453,2.8505,2.713,0.114,0.003,0.009,399721248,128,1,10,10,Inf,default,FALSE,regression_surrogate,212,2.7822,0.048,0.0308,2.6973,0.0061,464392192,437006336,5.592,0,FALSE,FALSE,,"",437006336,416.8,,
160,regression_surrogate,surrogate_n_comb,1,numeric,regression_surrogate,12,128,250,10,Inf,1000000,1,multisession,1,1000,25,FALSE,FALSE,2,regression.surrogate_n_comb=126,"",NA,2026-07-13T20:25:14+0200,jullum-ubuntu,4.6.1,1.0.8.9002,8bc209fc,1900594,ok,0.9449,3.2787,3.107,0.149,0,0.012,445579104,128,1,10,10,Inf,default,FALSE,regression_surrogate,214,3.2077,0.0544,0.0326,3.1145,0.0061,510709760,482578432,6.019,0,FALSE,FALSE,,"",482578432,460.2,,
161,regression_surrogate,surrogate_n_comb,2,numeric,regression_surrogate,12,128,250,10,Inf,1000000,1,multisession,1,1000,25,FALSE,FALSE,2,regression.surrogate_n_comb=126,"",NA,2026-07-13T20:23:54+0200,jullum-ubuntu,4.6.1,1.0.8.9002,8bc209fc,1898757,ok,0.9434,3.3425,3.095,0.139,0.002,0.01,448180016,128,1,10,10,Inf,default,FALSE,regression_surrogate,215,3.2744,0.0478,0.0306,3.19,0.006,513150976,485437440,6.084,0,FALSE,FALSE,,"",485437440,462.9,,
162,regression_surrogate,surrogate_n_comb,3,numeric,regression_surrogate,12,128,250,10,Inf,1000000,1,multisession,1,1000,25,FALSE,FALSE,2,regression.surrogate_n_comb=126,"",NA,2026-07-13T20:24:51+0200,jullum-ubuntu,4.6.1,1.0.8.9002,8bc209fc,1900055,ok,0.9371,3.2793,3.11,0.142,0.003,0.008,447704496,128,1,10,10,Inf,default,FALSE,regression_surrogate,216,3.2114,0.0476,0.031,3.1267,0.0061,513089536,485396480,5.999,0,FALSE,FALSE,,"",485396480,462.9,,
163,regression_surrogate,variant,1,numeric,regression_surrogate,12,128,250,10,Inf,1000000,1,multisession,1,1000,25,FALSE,FALSE,2,variant=surrogate_none,"",NA,2026-07-10T00:27:06+0200,jullum-ubuntu,4.6.1,1.0.8.9002,b9c5fcd1,1454450,ok,0.0682,3.6979,3.531,0.135,0.003,0.009,380105472,128,1,10,10,Inf,default,FALSE,regression_surrogate,218,3.6294,0.048,0.0306,3.5443,0.0064,477827072,451055616,6.364,0,FALSE,FALSE,,"",451055616,430.2,,
164,regression_surrogate,variant,2,numeric,regression_surrogate,12,128,250,10,Inf,1000000,1,multisession,1,1000,25,FALSE,FALSE,2,variant=surrogate_none,"",NA,2026-07-10T00:03:58+0200,jullum-ubuntu,4.6.1,1.0.8.9002,b9c5fcd1,1431897,ok,0.0678,3.71,3.566,0.119,0.001,0.009,381044728,128,1,10,10,Inf,default,FALSE,regression_surrogate,219,3.6417,0.0481,0.0308,3.5566,0.0062,480190464,453029888,6.336,0,FALSE,FALSE,,"",453029888,432,,
165,regression_surrogate,variant,3,numeric,regression_surrogate,12,128,250,10,Inf,1000000,1,multisession,1,1000,25,FALSE,FALSE,2,variant=surrogate_none,"",NA,2026-07-10T00:38:14+0200,jullum-ubuntu,4.6.1,1.0.8.9002,b9c5fcd1,1467007,ok,0.068,3.7008,3.537,0.135,0.001,0.012,380058488,128,1,10,10,Inf,default,FALSE,regression_surrogate,220,3.632,0.0483,0.031,3.5465,0.0062,477515776,451211264,6.313,0,FALSE,FALSE,,"",451211264,430.3,,
