id,study,sweep,rep,is_warmup,dataset,approach,n_features,max_n_coalitions,n_MC_samples,min_n_batches,max_batch_size,max_batch_cube_size,workers,backend,dt_threads,n_train,n_explain,iterative,group,group_size,approach_args,pair_role,coalitions_from,coalitions_override,timestamp,hostname,r_version,shapr_version,git_sha,pid,status,data_load_secs,wall_secs,cpu_user_secs,cpu_sys_secs,cpu_user_child_secs,cpu_sys_child_secs,gc_peak_bytes,used_n_coalitions,n_iterations,used_n_batches,used_n_batches_max,effective_max_batch_size,shapley_file,total_time_secs,phase_setup,phase_test_prediction,phase_main_computation,phase_finalize_explanation,peak_rss_tree_bytes,peak_cgroup_bytes,bash_wall_secs,exit_code,timed_out,resource_killed,pair_key,peak_ram_bytes,peak_ram_mb,source_used_n_coalitions,pair_budget_matches
1,extra_accuracy_interactions_gaussian,accuracy_cost,1,FALSE,numeric,gaussian,8,32,25,16,Inf,Inf,1,multisession,1,1000,10,FALSE,FALSE,2,,,,NA,2026-08-02T23:11:10+0200,jullum-ubuntu,4.6.1,1.0.8.9005,334e38eb,1952552,ok,0.7921,1.2981,1.286,0.01,0,0,192416184,32,1,16,16,Inf,1.shapley.rds,1.1966,0.0448,0.0288,1.1184,0.0046,245182464,,3.27,0,FALSE,FALSE,,245182464,233.8,,
2,extra_accuracy_interactions_gaussian,accuracy_cost,2,FALSE,numeric,gaussian,8,32,25,16,Inf,Inf,1,multisession,1,1000,10,FALSE,FALSE,2,,,,NA,2026-08-02T23:09:29+0200,jullum-ubuntu,4.6.1,1.0.8.9005,334e38eb,1951754,ok,0.7857,1.2989,1.287,0.01,0,0,192303592,32,1,16,16,Inf,2.shapley.rds,1.1974,0.0455,0.0295,1.1176,0.0047,244797440,,3.265,0,FALSE,FALSE,,244797440,233.5,,
3,extra_accuracy_interactions_gaussian,accuracy_cost,3,FALSE,numeric,gaussian,8,32,25,16,Inf,Inf,1,multisession,1,1000,10,FALSE,FALSE,2,,,,NA,2026-08-02T23:06:33+0200,jullum-ubuntu,4.6.1,1.0.8.9005,334e38eb,1950171,ok,0.7872,1.2943,1.276,0.011,0,0,192296544,32,1,16,16,Inf,3.shapley.rds,1.192,0.045,0.0293,1.1127,0.005,244056064,,3.261,0,FALSE,FALSE,,244056064,232.8,,
4,extra_accuracy_interactions_gaussian,accuracy_cost,1,FALSE,numeric,gaussian,8,64,25,16,Inf,Inf,1,multisession,1,1000,10,FALSE,FALSE,2,,,,NA,2026-08-02T23:05:31+0200,jullum-ubuntu,4.6.1,1.0.8.9005,334e38eb,1949580,ok,0.7914,1.3659,1.352,0.012,0,0,193095168,64,1,16,16,Inf,4.shapley.rds,1.2635,0.0451,0.0296,1.1838,0.005,244305920,,3.324,0,FALSE,FALSE,,244305920,233,,
5,extra_accuracy_interactions_gaussian,accuracy_cost,2,FALSE,numeric,gaussian,8,64,25,16,Inf,Inf,1,multisession,1,1000,10,FALSE,FALSE,2,,,,NA,2026-08-02T23:06:59+0200,jullum-ubuntu,4.6.1,1.0.8.9005,334e38eb,1950444,ok,0.7934,1.3972,1.383,0.013,0,0,193281904,64,1,16,16,Inf,5.shapley.rds,1.2937,0.0461,0.0293,1.2131,0.0053,243380224,,3.363,0,FALSE,FALSE,,243380224,232.1,,
6,extra_accuracy_interactions_gaussian,accuracy_cost,3,FALSE,numeric,gaussian,8,64,25,16,Inf,Inf,1,multisession,1,1000,10,FALSE,FALSE,2,,,,NA,2026-08-02T23:09:03+0200,jullum-ubuntu,4.6.1,1.0.8.9005,334e38eb,1951450,ok,0.7913,1.3915,1.382,0.008,0,0,193178000,64,1,16,16,Inf,6.shapley.rds,1.2887,0.0459,0.029,1.2087,0.0051,244682752,,3.362,0,FALSE,FALSE,,244682752,233.3,,
7,extra_accuracy_interactions_gaussian,accuracy_cost,1,FALSE,numeric,gaussian,8,128,25,16,Inf,Inf,1,multisession,1,1000,10,FALSE,FALSE,2,,,,NA,2026-08-02T23:10:04+0200,jullum-ubuntu,4.6.1,1.0.8.9005,334e38eb,1952142,ok,0.7908,1.6406,1.625,0.013,0,0,200182544,128,1,16,16,Inf,7.shapley.rds,1.5323,0.0455,0.029,1.4519,0.0059,252698624,,3.58,0,FALSE,FALSE,,252698624,241,,
8,extra_accuracy_interactions_gaussian,accuracy_cost,2,FALSE,numeric,gaussian,8,128,25,16,Inf,Inf,1,multisession,1,1000,10,FALSE,FALSE,2,,,,NA,2026-08-02T23:08:55+0200,jullum-ubuntu,4.6.1,1.0.8.9005,334e38eb,1951374,ok,0.7793,1.6105,1.59,0.018,0,0,197182864,128,1,16,16,Inf,8.shapley.rds,1.5088,0.045,0.0293,1.4282,0.0063,248860672,,3.572,0,FALSE,FALSE,,248860672,237.3,,
9,extra_accuracy_interactions_gaussian,accuracy_cost,3,FALSE,numeric,gaussian,8,128,25,16,Inf,Inf,1,multisession,1,1000,10,FALSE,FALSE,2,,,,NA,2026-08-02T23:09:52+0200,jullum-ubuntu,4.6.1,1.0.8.9005,334e38eb,1952010,ok,0.7945,1.6525,1.639,0.012,0,0,198452040,128,1,16,16,Inf,9.shapley.rds,1.5453,0.0452,0.0291,1.4651,0.0059,251146240,,3.656,0,FALSE,FALSE,,251146240,239.5,,
10,extra_accuracy_interactions_gaussian,accuracy_cost,1,FALSE,numeric,gaussian,8,256,25,16,Inf,Inf,1,multisession,1,1000,10,FALSE,FALSE,2,,,,NA,2026-08-02T23:05:28+0200,jullum-ubuntu,4.6.1,1.0.8.9005,334e38eb,1949542,ok,0.7807,0.603,0.587,0.014,0,0,197012400,256,1,16,16,Inf,10.shapley.rds,0.4959,0.0454,0.0291,0.4137,0.0077,247402496,,2.563,0,FALSE,FALSE,,247402496,235.9,,
11,extra_accuracy_interactions_gaussian,accuracy_cost,2,FALSE,numeric,gaussian,8,256,25,16,Inf,Inf,1,multisession,1,1000,10,FALSE,FALSE,2,,,,NA,2026-08-02T23:05:56+0200,jullum-ubuntu,4.6.1,1.0.8.9005,334e38eb,1949757,ok,0.7899,0.6029,0.592,0.009,0,0,197005064,256,1,16,16,Inf,11.shapley.rds,0.496,0.0451,0.0291,0.4142,0.0077,247799808,,2.573,0,FALSE,FALSE,,247799808,236.3,,
12,extra_accuracy_interactions_gaussian,accuracy_cost,3,FALSE,numeric,gaussian,8,256,25,16,Inf,Inf,1,multisession,1,1000,10,FALSE,FALSE,2,,,,NA,2026-08-02T23:11:17+0200,jullum-ubuntu,4.6.1,1.0.8.9005,334e38eb,1952635,ok,0.7941,0.6038,0.591,0.011,0,0,197004408,256,1,16,16,Inf,12.shapley.rds,0.4963,0.0451,0.029,0.4145,0.0077,247672832,,2.56,0,FALSE,FALSE,,247672832,236.2,,
13,extra_accuracy_interactions_gaussian,accuracy_cost,1,FALSE,numeric,gaussian,8,32,100,16,Inf,Inf,1,multisession,1,1000,10,FALSE,FALSE,2,,,,NA,2026-08-02T23:05:06+0200,jullum-ubuntu,4.6.1,1.0.8.9005,334e38eb,1949308,ok,0.7872,1.308,1.282,0.013,0,0,192449384,32,1,16,16,Inf,13.shapley.rds,1.2008,0.0457,0.0292,1.1211,0.0047,244260864,,3.244,0,FALSE,FALSE,,244260864,232.9,,
14,extra_accuracy_interactions_gaussian,accuracy_cost,2,FALSE,numeric,gaussian,8,32,100,16,Inf,Inf,1,multisession,1,1000,10,FALSE,FALSE,2,,,,NA,2026-08-02T23:06:03+0200,jullum-ubuntu,4.6.1,1.0.8.9005,334e38eb,1949833,ok,0.7935,1.3139,1.297,0.015,0,0,192368928,32,1,16,16,Inf,14.shapley.rds,1.2112,0.0451,0.0289,1.1325,0.0047,245161984,,3.251,0,FALSE,FALSE,,245161984,233.8,,
15,extra_accuracy_interactions_gaussian,accuracy_cost,3,FALSE,numeric,gaussian,8,32,100,16,Inf,Inf,1,multisession,1,1000,10,FALSE,FALSE,2,,,,NA,2026-08-02T23:07:09+0200,jullum-ubuntu,4.6.1,1.0.8.9005,334e38eb,1950573,ok,0.7871,1.2996,1.287,0.011,0,0,192267856,32,1,16,16,Inf,15.shapley.rds,1.1976,0.045,0.0292,1.1186,0.0047,244846592,,3.257,0,FALSE,FALSE,,244846592,233.5,,
16,extra_accuracy_interactions_gaussian,accuracy_cost,1,FALSE,numeric,gaussian,8,64,100,16,Inf,Inf,1,multisession,1,1000,10,FALSE,FALSE,2,,,,NA,2026-08-02T23:06:51+0200,jullum-ubuntu,4.6.1,1.0.8.9005,334e38eb,1950364,ok,0.776,1.4047,1.389,0.014,0,0,196494232,64,1,16,16,Inf,16.shapley.rds,1.3038,0.0446,0.0289,1.2252,0.0051,247779328,,3.361,0,FALSE,FALSE,,247779328,236.3,,
17,extra_accuracy_interactions_gaussian,accuracy_cost,2,FALSE,numeric,gaussian,8,64,100,16,Inf,Inf,1,multisession,1,1000,10,FALSE,FALSE,2,,,,NA,2026-08-02T23:08:47+0200,jullum-ubuntu,4.6.1,1.0.8.9005,334e38eb,1951223,ok,0.782,1.4506,1.436,0.012,0,0,196653720,64,1,16,16,Inf,17.shapley.rds,1.3448,0.0447,0.0287,1.2663,0.005,247885824,,3.399,0,FALSE,FALSE,,247885824,236.4,,
18,extra_accuracy_interactions_gaussian,accuracy_cost,3,FALSE,numeric,gaussian,8,64,100,16,Inf,Inf,1,multisession,1,1000,10,FALSE,FALSE,2,,,,NA,2026-08-02T23:08:44+0200,jullum-ubuntu,4.6.1,1.0.8.9005,334e38eb,1951183,ok,0.795,1.3849,1.366,0.016,0,0,196320168,64,1,16,16,Inf,18.shapley.rds,1.2777,0.0453,0.0291,1.1982,0.0051,247873536,,3.333,0,FALSE,FALSE,,247873536,236.4,,
19,extra_accuracy_interactions_gaussian,accuracy_cost,1,FALSE,numeric,gaussian,8,128,100,16,Inf,Inf,1,multisession,1,1000,10,FALSE,FALSE,2,,,,NA,2026-08-02T23:10:43+0200,jullum-ubuntu,4.6.1,1.0.8.9005,334e38eb,1952304,ok,0.7795,1.6045,1.584,0.017,0,0,206138592,128,1,16,16,Inf,19.shapley.rds,1.4975,0.045,0.0289,1.4176,0.0059,257196032,,3.556,0,FALSE,FALSE,,257196032,245.3,,
20,extra_accuracy_interactions_gaussian,accuracy_cost,2,FALSE,numeric,gaussian,8,128,100,16,Inf,Inf,1,multisession,1,1000,10,FALSE,FALSE,2,,,,NA,2026-08-02T23:07:27+0200,jullum-ubuntu,4.6.1,1.0.8.9005,334e38eb,1950728,ok,0.7885,1.6518,1.638,0.012,0,0,206275856,128,1,16,16,Inf,20.shapley.rds,1.5443,0.0453,0.029,1.464,0.006,257601536,,3.607,0,FALSE,FALSE,,257601536,245.7,,
21,extra_accuracy_interactions_gaussian,accuracy_cost,3,FALSE,numeric,gaussian,8,128,100,16,Inf,Inf,1,multisession,1,1000,10,FALSE,FALSE,2,,,,NA,2026-08-02T23:10:55+0200,jullum-ubuntu,4.6.1,1.0.8.9005,334e38eb,1952428,ok,0.7856,1.7784,1.765,0.011,0,0,206647976,128,1,16,16,Inf,21.shapley.rds,1.6703,0.0452,0.0291,1.5902,0.0059,257994752,,3.757,0,FALSE,FALSE,,257994752,246,,
22,extra_accuracy_interactions_gaussian,accuracy_cost,1,FALSE,numeric,gaussian,8,256,100,16,Inf,Inf,1,multisession,1,1000,10,FALSE,FALSE,2,,,,NA,2026-08-02T23:08:41+0200,jullum-ubuntu,4.6.1,1.0.8.9005,334e38eb,1951145,ok,0.781,0.7294,0.707,0.02,0,0,218068584,256,1,16,16,Inf,22.shapley.rds,0.6279,0.0453,0.0293,0.5457,0.0076,269901824,,2.7,0,FALSE,FALSE,,269901824,257.4,,
23,extra_accuracy_interactions_gaussian,accuracy_cost,2,FALSE,numeric,gaussian,8,256,100,16,Inf,Inf,1,multisession,1,1000,10,FALSE,FALSE,2,,,,NA,2026-08-02T23:05:22+0200,jullum-ubuntu,4.6.1,1.0.8.9005,334e38eb,1949463,ok,0.7782,0.7269,0.705,0.02,0,0,218064128,256,1,16,16,Inf,23.shapley.rds,0.625,0.0446,0.0288,0.544,0.0076,269811712,,2.674,0,FALSE,FALSE,,269811712,257.3,,
24,extra_accuracy_interactions_gaussian,accuracy_cost,3,FALSE,numeric,gaussian,8,256,100,16,Inf,Inf,1,multisession,1,1000,10,FALSE,FALSE,2,,,,NA,2026-08-02T23:06:30+0200,jullum-ubuntu,4.6.1,1.0.8.9005,334e38eb,1950132,ok,0.7911,0.7323,0.705,0.025,0,0,218064160,256,1,16,16,Inf,24.shapley.rds,0.6299,0.0451,0.029,0.5481,0.0077,269791232,,2.669,0,FALSE,FALSE,,269791232,257.3,,
25,extra_accuracy_interactions_gaussian,accuracy_cost,1,FALSE,numeric,gaussian,8,32,400,16,Inf,Inf,1,multisession,1,1000,10,FALSE,FALSE,2,,,,NA,2026-08-02T23:06:22+0200,jullum-ubuntu,4.6.1,1.0.8.9005,334e38eb,1950042,ok,0.7819,1.3707,1.355,0.014,0,0,204732456,32,1,16,16,Inf,25.shapley.rds,1.2687,0.0448,0.0289,1.1903,0.0047,256024576,,3.319,0,FALSE,FALSE,,256024576,244.2,,
26,extra_accuracy_interactions_gaussian,accuracy_cost,2,FALSE,numeric,gaussian,8,32,400,16,Inf,Inf,1,multisession,1,1000,10,FALSE,FALSE,2,,,,NA,2026-08-02T23:05:13+0200,jullum-ubuntu,4.6.1,1.0.8.9005,334e38eb,1949385,ok,0.7884,1.3734,1.349,0.022,0,0,204707272,32,1,16,16,Inf,26.shapley.rds,1.2691,0.0452,0.0288,1.19,0.005,255901696,,3.326,0,FALSE,FALSE,,255901696,244,,
27,extra_accuracy_interactions_gaussian,accuracy_cost,3,FALSE,numeric,gaussian,8,32,400,16,Inf,Inf,1,multisession,1,1000,10,FALSE,FALSE,2,,,,NA,2026-08-02T23:05:35+0200,jullum-ubuntu,4.6.1,1.0.8.9005,334e38eb,1949620,ok,0.7845,1.3836,1.356,0.025,0,0,204766376,32,1,16,16,Inf,27.shapley.rds,1.2814,0.0461,0.0293,1.2013,0.0047,256086016,,3.313,0,FALSE,FALSE,,256086016,244.2,,
28,extra_accuracy_interactions_gaussian,accuracy_cost,1,FALSE,numeric,gaussian,8,64,400,16,Inf,Inf,1,multisession,1,1000,10,FALSE,FALSE,2,,,,NA,2026-08-02T23:09:57+0200,jullum-ubuntu,4.6.1,1.0.8.9005,334e38eb,1952061,ok,0.7899,1.5365,1.509,0.027,0,0,218045200,64,1,16,16,Inf,28.shapley.rds,1.4333,0.0454,0.0293,1.3534,0.0052,270409728,,3.474,0,FALSE,FALSE,,270409728,257.9,,
29,extra_accuracy_interactions_gaussian,accuracy_cost,2,FALSE,numeric,gaussian,8,64,400,16,Inf,Inf,1,multisession,1,1000,10,FALSE,FALSE,2,,,,NA,2026-08-02T23:06:14+0200,jullum-ubuntu,4.6.1,1.0.8.9005,334e38eb,1949966,ok,0.7862,1.5774,1.55,0.025,0,0,218049784,64,1,16,16,Inf,29.shapley.rds,1.4749,0.0452,0.0293,1.3953,0.0052,270127104,,3.551,0,FALSE,FALSE,,270127104,257.6,,
30,extra_accuracy_interactions_gaussian,accuracy_cost,3,FALSE,numeric,gaussian,8,64,400,16,Inf,Inf,1,multisession,1,1000,10,FALSE,FALSE,2,,,,NA,2026-08-02T23:10:00+0200,jullum-ubuntu,4.6.1,1.0.8.9005,334e38eb,1952105,ok,0.7901,1.5456,1.519,0.024,0,0,218046120,64,1,16,16,Inf,30.shapley.rds,1.4372,0.0452,0.029,1.358,0.0051,270204928,,3.55,0,FALSE,FALSE,,270204928,257.7,,
31,extra_accuracy_interactions_gaussian,accuracy_cost,1,FALSE,numeric,gaussian,8,128,400,16,Inf,Inf,1,multisession,1,1000,10,FALSE,FALSE,2,,,,NA,2026-08-02T23:05:59+0200,jullum-ubuntu,4.6.1,1.0.8.9005,334e38eb,1949795,ok,0.7875,2.008,1.974,0.031,0,0,218073904,128,1,16,16,Inf,31.shapley.rds,1.9003,0.0453,0.0291,1.82,0.0059,273928192,,3.966,0,FALSE,FALSE,,273928192,261.2,,
32,extra_accuracy_interactions_gaussian,accuracy_cost,2,FALSE,numeric,gaussian,8,128,400,16,Inf,Inf,1,multisession,1,1000,10,FALSE,FALSE,2,,,,NA,2026-08-02T23:06:10+0200,jullum-ubuntu,4.6.1,1.0.8.9005,334e38eb,1949927,ok,0.7938,1.9627,1.937,0.023,0,0,218078592,128,1,16,16,Inf,32.shapley.rds,1.8544,0.0452,0.0291,1.7742,0.0059,274558976,,3.938,0,FALSE,FALSE,,274558976,261.8,,
33,extra_accuracy_interactions_gaussian,accuracy_cost,3,FALSE,numeric,gaussian,8,128,400,16,Inf,Inf,1,multisession,1,1000,10,FALSE,FALSE,2,,,,NA,2026-08-02T23:06:18+0200,jullum-ubuntu,4.6.1,1.0.8.9005,334e38eb,1950004,ok,0.7885,1.9837,1.958,0.024,0,0,218078672,128,1,16,16,Inf,33.shapley.rds,1.8748,0.0451,0.029,1.7948,0.0059,274595840,,3.95,0,FALSE,FALSE,,274595840,261.9,,
34,extra_accuracy_interactions_gaussian,accuracy_cost,1,FALSE,numeric,gaussian,8,256,400,16,Inf,Inf,1,multisession,1,1000,10,FALSE,FALSE,2,,,,NA,2026-08-02T23:09:36+0200,jullum-ubuntu,4.6.1,1.0.8.9005,334e38eb,1951832,ok,0.7922,1.3089,1.265,0.042,0,0,218115072,256,1,16,16,Inf,34.shapley.rds,1.2054,0.0452,0.0289,1.1233,0.008,278786048,,3.257,0,FALSE,FALSE,,278786048,265.9,,
35,extra_accuracy_interactions_gaussian,accuracy_cost,2,FALSE,numeric,gaussian,8,256,400,16,Inf,Inf,1,multisession,1,1000,10,FALSE,FALSE,2,,,,NA,2026-08-02T23:09:15+0200,jullum-ubuntu,4.6.1,1.0.8.9005,334e38eb,1951600,ok,0.7905,1.3139,1.273,0.04,0,0,218114576,256,1,16,16,Inf,35.shapley.rds,1.2108,0.0459,0.0292,1.1278,0.0078,278495232,,3.259,0,FALSE,FALSE,,278495232,265.6,,
36,extra_accuracy_interactions_gaussian,accuracy_cost,3,FALSE,numeric,gaussian,8,256,400,16,Inf,Inf,1,multisession,1,1000,10,FALSE,FALSE,2,,,,NA,2026-08-02T23:05:10+0200,jullum-ubuntu,4.6.1,1.0.8.9005,334e38eb,1949346,ok,0.7878,1.3011,1.251,0.048,0,0,218115232,256,1,16,16,Inf,36.shapley.rds,1.1983,0.0452,0.029,1.1162,0.0079,278851584,,3.253,0,FALSE,FALSE,,278851584,265.9,,
37,extra_accuracy_interactions_gaussian,accuracy_cost,1,FALSE,numeric,gaussian,8,32,25,16,Inf,Inf,1,multisession,1,1000,50,FALSE,FALSE,2,,,,NA,2026-08-02T23:06:06+0200,jullum-ubuntu,4.6.1,1.0.8.9005,334e38eb,1949888,ok,0.7802,1.3618,1.347,0.013,0,0,193212320,32,1,16,16,Inf,37.shapley.rds,1.2555,0.0446,0.0292,1.1766,0.0051,245858304,,3.317,0,FALSE,FALSE,,245858304,234.5,,
38,extra_accuracy_interactions_gaussian,accuracy_cost,2,FALSE,numeric,gaussian,8,32,25,16,Inf,Inf,1,multisession,1,1000,50,FALSE,FALSE,2,,,,NA,2026-08-02T23:11:13+0200,jullum-ubuntu,4.6.1,1.0.8.9005,334e38eb,1952589,ok,0.7907,1.3706,1.354,0.014,0,0,193341856,32,1,16,16,Inf,38.shapley.rds,1.2602,0.0463,0.0293,1.1795,0.0051,245395456,,3.313,0,FALSE,FALSE,,245395456,234,,
39,extra_accuracy_interactions_gaussian,accuracy_cost,3,FALSE,numeric,gaussian,8,32,25,16,Inf,Inf,1,multisession,1,1000,50,FALSE,FALSE,2,,,,NA,2026-08-02T23:11:06+0200,jullum-ubuntu,4.6.1,1.0.8.9005,334e38eb,1952514,ok,0.7901,1.3431,1.332,0.009,0,0,193293656,32,1,16,16,Inf,39.shapley.rds,1.2409,0.0452,0.0291,1.1615,0.0051,244604928,,3.295,0,FALSE,FALSE,,244604928,233.3,,
40,extra_accuracy_interactions_gaussian,accuracy_cost,1,FALSE,numeric,gaussian,8,64,25,16,Inf,Inf,1,multisession,1,1000,50,FALSE,FALSE,2,,,,NA,2026-08-02T23:10:39+0200,jullum-ubuntu,4.6.1,1.0.8.9005,334e38eb,1952266,ok,0.7888,1.4809,1.46,0.018,0,0,199967824,64,1,16,16,Inf,40.shapley.rds,1.3786,0.0456,0.0288,1.2983,0.0059,250667008,,3.478,0,FALSE,FALSE,,250667008,239.1,,
41,extra_accuracy_interactions_gaussian,accuracy_cost,2,FALSE,numeric,gaussian,8,64,25,16,Inf,Inf,1,multisession,1,1000,50,FALSE,FALSE,2,,,,NA,2026-08-02T23:09:07+0200,jullum-ubuntu,4.6.1,1.0.8.9005,334e38eb,1951507,ok,0.7991,1.4782,1.466,0.01,0,0,199961392,64,1,16,16,Inf,41.shapley.rds,1.3707,0.0451,0.0295,1.2906,0.0055,250744832,,3.468,0,FALSE,FALSE,,250744832,239.1,,
42,extra_accuracy_interactions_gaussian,accuracy_cost,3,FALSE,numeric,gaussian,8,64,25,16,Inf,Inf,1,multisession,1,1000,50,FALSE,FALSE,2,,,,NA,2026-08-02T23:09:18+0200,jullum-ubuntu,4.6.1,1.0.8.9005,334e38eb,1951640,ok,0.7887,1.4574,1.439,0.016,0,0,200044904,64,1,16,16,Inf,42.shapley.rds,1.3506,0.045,0.0289,1.2712,0.0055,251056128,,3.44,0,FALSE,FALSE,,251056128,239.4,,
43,extra_accuracy_interactions_gaussian,accuracy_cost,1,FALSE,numeric,gaussian,8,128,25,16,Inf,Inf,1,multisession,1,1000,50,FALSE,FALSE,2,,,,NA,2026-08-02T23:07:13+0200,jullum-ubuntu,4.6.1,1.0.8.9005,334e38eb,1950611,ok,0.7855,1.8142,1.792,0.02,0,0,212068864,128,1,16,16,Inf,43.shapley.rds,1.7061,0.0452,0.029,1.6255,0.0064,262782976,,3.763,0,FALSE,FALSE,,262782976,250.6,,
44,extra_accuracy_interactions_gaussian,accuracy_cost,2,FALSE,numeric,gaussian,8,128,25,16,Inf,Inf,1,multisession,1,1000,50,FALSE,FALSE,2,,,,NA,2026-08-02T23:06:39+0200,jullum-ubuntu,4.6.1,1.0.8.9005,334e38eb,1950247,ok,0.7831,1.8606,1.837,0.022,0,0,212060624,128,1,16,16,Inf,44.shapley.rds,1.7507,0.0478,0.0303,1.6659,0.0066,262705152,,3.829,0,FALSE,FALSE,,262705152,250.5,,
45,extra_accuracy_interactions_gaussian,accuracy_cost,3,FALSE,numeric,gaussian,8,128,25,16,Inf,Inf,1,multisession,1,1000,50,FALSE,FALSE,2,,,,NA,2026-08-02T23:10:46+0200,jullum-ubuntu,4.6.1,1.0.8.9005,334e38eb,1952345,ok,0.7852,1.7671,1.742,0.021,0,0,212068984,128,1,16,16,Inf,45.shapley.rds,1.6662,0.0447,0.0292,1.5858,0.0065,262672384,,3.725,0,FALSE,FALSE,,262672384,250.5,,
46,extra_accuracy_interactions_gaussian,accuracy_cost,1,FALSE,numeric,gaussian,8,256,25,16,Inf,Inf,1,multisession,1,1000,50,FALSE,FALSE,2,,,,NA,2026-08-02T23:06:36+0200,jullum-ubuntu,4.6.1,1.0.8.9005,334e38eb,1950209,ok,0.7869,0.8225,0.793,0.028,0,0,218112560,256,1,16,16,Inf,46.shapley.rds,0.7156,0.0449,0.0289,0.6334,0.0085,270016512,,2.798,0,FALSE,FALSE,,270016512,257.5,,
47,extra_accuracy_interactions_gaussian,accuracy_cost,2,FALSE,numeric,gaussian,8,256,25,16,Inf,Inf,1,multisession,1,1000,50,FALSE,FALSE,2,,,,NA,2026-08-02T23:09:26+0200,jullum-ubuntu,4.6.1,1.0.8.9005,334e38eb,1951716,ok,0.7904,0.8347,0.815,0.018,0,0,218112392,256,1,16,16,Inf,47.shapley.rds,0.7265,0.0455,0.0291,0.6434,0.0084,269996032,,2.816,0,FALSE,FALSE,,269996032,257.5,,
48,extra_accuracy_interactions_gaussian,accuracy_cost,3,FALSE,numeric,gaussian,8,256,25,16,Inf,Inf,1,multisession,1,1000,50,FALSE,FALSE,2,,,,NA,2026-08-02T23:07:06+0200,jullum-ubuntu,4.6.1,1.0.8.9005,334e38eb,1950535,ok,0.7836,0.8277,0.807,0.019,0,0,218112152,256,1,16,16,Inf,48.shapley.rds,0.7181,0.0452,0.029,0.6355,0.0084,270073856,,2.785,0,FALSE,FALSE,,270073856,257.6,,
49,extra_accuracy_interactions_gaussian,accuracy_cost,1,FALSE,numeric,gaussian,8,32,100,16,Inf,Inf,1,multisession,1,1000,50,FALSE,FALSE,2,,,,NA,2026-08-02T23:07:02+0200,jullum-ubuntu,4.6.1,1.0.8.9005,334e38eb,1950484,ok,0.7902,1.4244,1.406,0.016,0,0,208747256,32,1,16,16,Inf,49.shapley.rds,1.3217,0.0455,0.0294,1.2417,0.0052,259338240,,3.38,0,FALSE,FALSE,,259338240,247.3,,
50,extra_accuracy_interactions_gaussian,accuracy_cost,2,FALSE,numeric,gaussian,8,32,100,16,Inf,Inf,1,multisession,1,1000,50,FALSE,FALSE,2,,,,NA,2026-08-02T23:06:47+0200,jullum-ubuntu,4.6.1,1.0.8.9005,334e38eb,1950326,ok,0.7777,1.4278,1.407,0.019,0,0,208778416,32,1,16,16,Inf,50.shapley.rds,1.3207,0.0461,0.0288,1.2407,0.005,259469312,,3.375,0,FALSE,FALSE,,259469312,247.4,,
51,extra_accuracy_interactions_gaussian,accuracy_cost,3,FALSE,numeric,gaussian,8,32,100,16,Inf,Inf,1,multisession,1,1000,50,FALSE,FALSE,2,,,,NA,2026-08-02T23:06:43+0200,jullum-ubuntu,4.6.1,1.0.8.9005,334e38eb,1950287,ok,0.7869,1.4303,1.409,0.018,0,0,208769792,32,1,16,16,Inf,51.shapley.rds,1.3228,0.0455,0.029,1.243,0.0053,259321856,,3.4,0,FALSE,FALSE,,259321856,247.3,,
52,extra_accuracy_interactions_gaussian,accuracy_cost,1,FALSE,numeric,gaussian,8,64,100,16,Inf,Inf,1,multisession,1,1000,50,FALSE,FALSE,2,,,,NA,2026-08-02T23:09:32+0200,jullum-ubuntu,4.6.1,1.0.8.9005,334e38eb,1951791,ok,0.7796,1.6119,1.588,0.022,0,0,218034168,64,1,16,16,Inf,52.shapley.rds,1.5105,0.0469,0.0304,1.4278,0.0055,271114240,,3.558,0,FALSE,FALSE,,271114240,258.6,,
53,extra_accuracy_interactions_gaussian,accuracy_cost,2,FALSE,numeric,gaussian,8,64,100,16,Inf,Inf,1,multisession,1,1000,50,FALSE,FALSE,2,,,,NA,2026-08-02T23:08:37+0200,jullum-ubuntu,4.6.1,1.0.8.9005,334e38eb,1951107,ok,0.7754,1.6194,1.59,0.027,0,0,218050688,64,1,16,16,Inf,53.shapley.rds,1.5174,0.0448,0.0288,1.4382,0.0056,270979072,,3.557,0,FALSE,FALSE,,270979072,258.4,,
54,extra_accuracy_interactions_gaussian,accuracy_cost,3,FALSE,numeric,gaussian,8,64,100,16,Inf,Inf,1,multisession,1,1000,50,FALSE,FALSE,2,,,,NA,2026-08-02T23:06:25+0200,jullum-ubuntu,4.6.1,1.0.8.9005,334e38eb,1950086,ok,0.793,1.6566,1.631,0.023,0,0,218033656,64,1,16,16,Inf,54.shapley.rds,1.5467,0.0458,0.0295,1.466,0.0055,271106048,,3.636,0,FALSE,FALSE,,271106048,258.5,,
55,extra_accuracy_interactions_gaussian,accuracy_cost,1,FALSE,numeric,gaussian,8,128,100,16,Inf,Inf,1,multisession,1,1000,50,FALSE,FALSE,2,,,,NA,2026-08-02T23:07:23+0200,jullum-ubuntu,4.6.1,1.0.8.9005,334e38eb,1950690,ok,0.789,2.1551,2.117,0.035,0,0,218092368,128,1,16,16,Inf,55.shapley.rds,2.046,0.0448,0.0288,1.9659,0.0065,274825216,,4.117,0,FALSE,FALSE,,274825216,262.1,,
56,extra_accuracy_interactions_gaussian,accuracy_cost,2,FALSE,numeric,gaussian,8,128,100,16,Inf,Inf,1,multisession,1,1000,50,FALSE,FALSE,2,,,,NA,2026-08-02T23:06:54+0200,jullum-ubuntu,4.6.1,1.0.8.9005,334e38eb,1950402,ok,0.7924,2.1263,2.092,0.033,0,0,218092560,128,1,16,16,Inf,56.shapley.rds,2.0173,0.0455,0.0296,1.9355,0.0067,274841600,,4.088,0,FALSE,FALSE,,274841600,262.1,,
57,extra_accuracy_interactions_gaussian,accuracy_cost,3,FALSE,numeric,gaussian,8,128,100,16,Inf,Inf,1,multisession,1,1000,50,FALSE,FALSE,2,,,,NA,2026-08-02T23:08:59+0200,jullum-ubuntu,4.6.1,1.0.8.9005,334e38eb,1951412,ok,0.7898,2.1409,2.102,0.037,0,0,218093264,128,1,16,16,Inf,57.shapley.rds,2.039,0.045,0.029,1.9585,0.0065,274542592,,4.12,0,FALSE,FALSE,,274542592,261.8,,
58,extra_accuracy_interactions_gaussian,accuracy_cost,1,FALSE,numeric,gaussian,8,256,100,16,Inf,Inf,1,multisession,1,1000,50,FALSE,FALSE,2,,,,NA,2026-08-02T23:09:10+0200,jullum-ubuntu,4.6.1,1.0.8.9005,334e38eb,1951549,ok,0.7849,1.6893,1.613,0.074,0,0,218115368,256,1,16,16,Inf,58.shapley.rds,1.5878,0.0451,0.029,1.5054,0.0082,286638080,,3.635,0,FALSE,FALSE,,286638080,273.4,,
59,extra_accuracy_interactions_gaussian,accuracy_cost,2,FALSE,numeric,gaussian,8,256,100,16,Inf,Inf,1,multisession,1,1000,50,FALSE,FALSE,2,,,,NA,2026-08-02T23:05:25+0200,jullum-ubuntu,4.6.1,1.0.8.9005,334e38eb,1949504,ok,0.7845,1.6964,1.622,0.072,0,0,218114296,256,1,16,16,Inf,59.shapley.rds,1.5947,0.045,0.0289,1.5126,0.0082,286593024,,3.622,0,FALSE,FALSE,,286593024,273.3,,
60,extra_accuracy_interactions_gaussian,accuracy_cost,3,FALSE,numeric,gaussian,8,256,100,16,Inf,Inf,1,multisession,1,1000,50,FALSE,FALSE,2,,,,NA,2026-08-02T23:08:51+0200,jullum-ubuntu,4.6.1,1.0.8.9005,334e38eb,1951336,ok,0.7784,1.6981,1.626,0.07,0,0,218113992,256,1,16,16,Inf,60.shapley.rds,1.5963,0.0458,0.0302,1.5121,0.0083,285732864,,3.638,0,FALSE,FALSE,,285732864,272.5,,
61,extra_accuracy_interactions_gaussian,accuracy_cost,1,FALSE,numeric,gaussian,8,32,400,16,Inf,Inf,1,multisession,1,1000,50,FALSE,FALSE,2,,,,NA,2026-08-02T23:09:48+0200,jullum-ubuntu,4.6.1,1.0.8.9005,334e38eb,1951913,ok,0.788,1.7292,1.699,0.028,0,0,218112672,32,1,16,16,Inf,61.shapley.rds,1.6272,0.0451,0.0289,1.5481,0.0052,276135936,,3.687,0,FALSE,FALSE,,276135936,263.3,,
62,extra_accuracy_interactions_gaussian,accuracy_cost,2,FALSE,numeric,gaussian,8,32,400,16,Inf,Inf,1,multisession,1,1000,50,FALSE,FALSE,2,,,,NA,2026-08-02T23:10:08+0200,jullum-ubuntu,4.6.1,1.0.8.9005,334e38eb,1952180,ok,0.7753,1.7507,1.711,0.037,0,0,218112680,32,1,16,16,Inf,62.shapley.rds,1.648,0.0454,0.0289,1.5685,0.0052,273338368,,3.723,0,FALSE,FALSE,,273338368,260.7,,
63,extra_accuracy_interactions_gaussian,accuracy_cost,3,FALSE,numeric,gaussian,8,32,400,16,Inf,Inf,1,multisession,1,1000,50,FALSE,FALSE,2,,,,NA,2026-08-02T23:09:22+0200,jullum-ubuntu,4.6.1,1.0.8.9005,334e38eb,1951678,ok,0.7845,1.7196,1.688,0.028,0,0,218114008,32,1,16,16,Inf,63.shapley.rds,1.6177,0.0448,0.0287,1.539,0.0052,276475904,,3.683,0,FALSE,FALSE,,276475904,263.7,,
64,extra_accuracy_interactions_gaussian,accuracy_cost,1,FALSE,numeric,gaussian,8,64,400,16,Inf,Inf,1,multisession,1,1000,50,FALSE,FALSE,2,,,,NA,2026-08-02T23:08:25+0200,jullum-ubuntu,4.6.1,1.0.8.9005,334e38eb,1951015,ok,0.7899,2.3931,2.317,0.074,0,0,270451416,64,1,16,16,Inf,64.shapley.rds,2.291,0.0453,0.0291,2.2111,0.0055,317448192,,4.385,0,FALSE,FALSE,,317448192,302.7,,
65,extra_accuracy_interactions_gaussian,accuracy_cost,2,FALSE,numeric,gaussian,8,64,400,16,Inf,Inf,1,multisession,1,1000,50,FALSE,FALSE,2,,,,NA,2026-08-02T23:05:17+0200,jullum-ubuntu,4.6.1,1.0.8.9005,334e38eb,1949424,ok,0.7858,2.3966,2.322,0.073,0,0,270422312,64,1,16,16,Inf,65.shapley.rds,2.2944,0.0452,0.0295,2.2134,0.0064,318115840,,4.404,0,FALSE,FALSE,,318115840,303.4,,
66,extra_accuracy_interactions_gaussian,accuracy_cost,3,FALSE,numeric,gaussian,8,64,400,16,Inf,Inf,1,multisession,1,1000,50,FALSE,FALSE,2,,,,NA,2026-08-02T23:10:50+0200,jullum-ubuntu,4.6.1,1.0.8.9005,334e38eb,1952384,ok,0.7738,2.4096,2.339,0.068,0,0,270422408,64,1,16,16,Inf,66.shapley.rds,2.3064,0.0448,0.0288,2.227,0.0058,317505536,,4.386,0,FALSE,FALSE,,317505536,302.8,,
67,extra_accuracy_interactions_gaussian,accuracy_cost,1,FALSE,numeric,gaussian,8,128,400,16,Inf,Inf,1,multisession,1,1000,50,FALSE,FALSE,2,,,,NA,2026-08-02T23:08:30+0200,jullum-ubuntu,4.6.1,1.0.8.9005,334e38eb,1951055,ok,0.7815,4.052,3.967,0.083,0,0,302655032,128,1,16,16,Inf,67.shapley.rds,3.9443,0.0445,0.0289,3.8643,0.0066,323895296,,6.023,0,FALSE,FALSE,,323895296,308.9,,
68,extra_accuracy_interactions_gaussian,accuracy_cost,2,FALSE,numeric,gaussian,8,128,400,16,Inf,Inf,1,multisession,1,1000,50,FALSE,FALSE,2,,,,NA,2026-08-02T23:07:17+0200,jullum-ubuntu,4.6.1,1.0.8.9005,334e38eb,1950651,ok,0.7908,4.1022,4.017,0.083,0,0,302758320,128,1,16,16,Inf,68.shapley.rds,3.991,0.0466,0.0292,3.9088,0.0063,324182016,,6.057,0,FALSE,FALSE,,324182016,309.2,,
69,extra_accuracy_interactions_gaussian,accuracy_cost,3,FALSE,numeric,gaussian,8,128,400,16,Inf,Inf,1,multisession,1,1000,50,FALSE,FALSE,2,,,,NA,2026-08-02T23:11:00+0200,jullum-ubuntu,4.6.1,1.0.8.9005,334e38eb,1952475,ok,0.787,4.0539,3.953,0.099,0,0,302684632,128,1,16,16,Inf,69.shapley.rds,3.9523,0.0451,0.0295,3.8712,0.0064,325373952,,6.022,0,FALSE,FALSE,,325373952,310.3,,
70,extra_accuracy_interactions_gaussian,accuracy_cost,1,FALSE,numeric,gaussian,8,256,400,16,Inf,Inf,1,multisession,1,1000,50,FALSE,FALSE,2,,,,NA,2026-08-02T23:05:47+0200,jullum-ubuntu,4.6.1,1.0.8.9005,334e38eb,1949713,ok,0.7775,6.2062,6.069,0.134,0,0,276921440,256,1,16,16,Inf,70.shapley.rds,6.1049,0.0444,0.0287,6.0233,0.0085,376344576,,8.191,0,FALSE,FALSE,,376344576,358.9,,
71,extra_accuracy_interactions_gaussian,accuracy_cost,2,FALSE,numeric,gaussian,8,256,400,16,Inf,Inf,1,multisession,1,1000,50,FALSE,FALSE,2,,,,NA,2026-08-02T23:05:38+0200,jullum-ubuntu,4.6.1,1.0.8.9005,334e38eb,1949659,ok,0.7895,6.1957,6.064,0.128,0,0,276908520,256,1,16,16,Inf,71.shapley.rds,6.0933,0.0458,0.0298,6.0094,0.0084,376573952,,8.218,0,FALSE,FALSE,,376573952,359.1,,
72,extra_accuracy_interactions_gaussian,accuracy_cost,3,FALSE,numeric,gaussian,8,256,400,16,Inf,Inf,1,multisession,1,1000,50,FALSE,FALSE,2,,,,NA,2026-08-02T23:09:40+0200,jullum-ubuntu,4.6.1,1.0.8.9005,334e38eb,1951872,ok,0.7878,6.2298,6.088,0.14,0,0,276921440,256,1,16,16,Inf,72.shapley.rds,6.1257,0.0473,0.0297,6.0401,0.0087,377458688,,8.207,0,FALSE,FALSE,,377458688,360,,
73,extra_accuracy_interactions_gaussian,accuracy_reference,1,FALSE,numeric,gaussian,8,256,2000,32,Inf,Inf,1,multisession,1,1000,50,FALSE,FALSE,2,,,,NA,2026-08-02T23:07:31+0200,jullum-ubuntu,4.6.1,1.0.8.9005,334e38eb,1950769,ok,0.7933,24.9895,23.125,1.854,0,0,405940616,256,1,32,32,Inf,73.shapley.rds,24.8871,0.0452,0.0292,24.8043,0.0084,558735360,,27.054,0,FALSE,FALSE,,558735360,532.9,,
74,extra_accuracy_interactions_gaussian,accuracy_reference,2,FALSE,numeric,gaussian,8,256,2000,32,Inf,Inf,1,multisession,1,1000,50,FALSE,FALSE,2,,,,NA,2026-08-02T23:10:12+0200,jullum-ubuntu,4.6.1,1.0.8.9005,334e38eb,1952222,ok,0.7917,24.8362,22.928,1.898,0,0,405940536,256,1,32,32,Inf,74.shapley.rds,24.734,0.0452,0.0288,24.6516,0.0084,555376640,,26.869,0,FALSE,FALSE,,555376640,529.6,,
75,extra_accuracy_interactions_gaussian,accuracy_reference,3,FALSE,numeric,gaussian,8,256,2000,32,Inf,Inf,1,multisession,1,1000,50,FALSE,FALSE,2,,,,NA,2026-08-02T23:07:59+0200,jullum-ubuntu,4.6.1,1.0.8.9005,334e38eb,1950868,ok,0.7691,24.6678,22.819,1.843,0,0,405940576,256,1,32,32,Inf,75.shapley.rds,24.5674,0.0439,0.0285,24.4867,0.0083,553594880,,26.644,0,FALSE,FALSE,,553594880,527.9,,
