id,approach,rep,n_features,max_n_coalitions,n_MC_samples,n_explain,wall_secs,bash_wall_secs,peak_ram_mb,accuracy_rmse,accuracy_mae,accuracy_max_abs,reference_noise_rmse
1,gaussian,1,8,32,25,10,1.4094,3.223,229.1,0.146372646396597,0.113134571704738,0.407498635006719,0.00633691074586919
2,gaussian,2,8,32,25,10,1.3981,3.218,228,0.16356275719058,0.130434740227172,0.489937497826363,0.00633691074586919
3,gaussian,3,8,32,25,10,1.4758,3.422,228.1,0.0922672775827807,0.0772547415459859,0.197340134574591,0.00633691074586919
4,gaussian,1,8,64,25,10,1.4593,3.265,230.2,0.105222603683826,0.0852737525836851,0.24491314767456,0.00633691074586919
5,gaussian,2,8,64,25,10,1.469,3.274,230.1,0.111854128166057,0.0955758809265351,0.23049696901511,0.00633691074586919
6,gaussian,3,8,64,25,10,1.4715,3.267,230.2,0.0907945863409374,0.0741571969509383,0.214424252250791,0.00633691074586919
7,gaussian,1,8,128,25,10,1.7521,3.617,230.4,0.100897049177057,0.0797581015776887,0.221744714851207,0.00633691074586919
8,gaussian,2,8,128,25,10,1.7072,3.504,229.8,0.0714550079306699,0.0606834972158549,0.163990321872907,0.00633691074586919
9,gaussian,3,8,128,25,10,1.7478,3.56,230.5,0.077500750776235,0.0612096079082597,0.216225885360529,0.00633691074586919
10,gaussian,1,8,256,25,10,0.7061,2.493,236.1,0.0536432581053354,0.044628098058679,0.121347145083875,0.00633691074586919
11,gaussian,2,8,256,25,10,0.7052,2.543,236,0.10681233639301,0.0836048353070713,0.39242625594914,0.00633691074586919
12,gaussian,3,8,256,25,10,0.7171,2.582,236,0.0614452222456291,0.043014944956548,0.188181019062333,0.00633691074586919
13,gaussian,1,8,32,100,10,1.3988,3.218,227.8,0.0806155357198782,0.0605952302034624,0.285410153865273,0.00633691074586919
14,gaussian,2,8,32,100,10,1.4893,3.293,227.8,0.0803438789371245,0.0597245689473953,0.34508820224593,0.00633691074586919
15,gaussian,3,8,32,100,10,1.4236,3.232,228.3,0.0932026666334031,0.0792909041051005,0.225775307626576,0.00633691074586919
16,gaussian,1,8,64,100,10,1.5117,3.31,235.2,0.0538247624469651,0.0455259101738073,0.138328658521072,0.00633691074586919
17,gaussian,2,8,64,100,10,1.5151,3.324,235.6,0.0436586308874378,0.0355367840248289,0.106660500354133,0.00633691074586919
18,gaussian,3,8,64,100,10,1.4988,3.334,235.1,0.0819004920173998,0.0649771797734098,0.291285904500372,0.00633691074586919
19,gaussian,1,8,128,100,10,1.7056,3.538,245.4,0.0342584504891326,0.027955197358945,0.0804240711809253,0.00633691074586919
20,gaussian,2,8,128,100,10,1.7393,3.548,245.9,0.0315414211149177,0.0269221021869494,0.0634556140716712,0.00633691074586919
21,gaussian,3,8,128,100,10,1.8527,3.679,245.4,0.0691382333017956,0.0644083186897573,0.12086169375429,0.00633691074586919
22,gaussian,1,8,256,100,10,0.8284,2.666,245.8,0.0274523827853509,0.0234550772655017,0.0639252109228631,0.00633691074586919
23,gaussian,2,8,256,100,10,0.8274,2.606,246,0.0280743177991795,0.0215278295100501,0.0681507600328819,0.00633691074586919
24,gaussian,3,8,256,100,10,0.8842,2.722,246.2,0.0253104972719416,0.0201096120365699,0.0717790205556608,0.00633691074586919
25,gaussian,1,8,32,400,10,1.6461,3.535,245.2,0.0632451817727543,0.0490891445490505,0.203296661165468,0.00633691074586919
26,gaussian,2,8,32,400,10,1.4857,3.284,245.5,0.0512952994121162,0.0386039028255475,0.170299131810015,0.00633691074586919
27,gaussian,3,8,32,400,10,1.5429,3.32,245.8,0.0662625616855579,0.0498881105804737,0.205610728869969,0.00633691074586919
28,gaussian,1,8,64,400,10,1.6391,3.419,246.2,0.0388489985495901,0.0297129740777945,0.145337257353924,0.00633691074586919
29,gaussian,2,8,64,400,10,1.7028,3.533,245.8,0.0353598255116024,0.0282744506702159,0.125497551572512,0.00633691074586919
30,gaussian,3,8,64,400,10,1.6246,3.491,245.8,0.024085850238912,0.0190710920364688,0.0531101628548716,0.00633691074586919
31,gaussian,1,8,128,400,10,2.0773,3.858,250.8,0.0280490715069411,0.0235807905292586,0.0695923789515349,0.00633691074586919
32,gaussian,2,8,128,400,10,2.0941,3.942,250.4,0.0166868129964984,0.0133324121454288,0.0582843527720687,0.00633691074586919
33,gaussian,3,8,128,400,10,2.1287,3.979,250.1,0.023582978572706,0.0188837652257836,0.0502974797190579,0.00633691074586919
34,gaussian,1,8,256,400,10,1.4077,3.21,253.7,0.0111817991008103,0.00868664196697984,0.0339930226151373,0.00633691074586919
35,gaussian,2,8,256,400,10,1.4144,3.259,253.6,0.0115009662469598,0.00962630820895601,0.0267053773128917,0.00633691074586919
36,gaussian,3,8,256,400,10,1.4293,3.236,253.3,0.022417448911424,0.016067670001237,0.0675836195427841,0.00633691074586919
37,gaussian,1,8,32,25,50,1.4571,3.26,229.6,0.280115621596906,0.251553067802704,0.745604664493136,0.00633691074586919
38,gaussian,2,8,32,25,50,1.4741,3.285,229.7,0.198685379972297,0.162264910856716,0.538740532133174,0.00633691074586919
39,gaussian,3,8,32,25,50,1.4299,3.233,229.8,0.213911675903442,0.147331120035852,1.19150663965755,0.00633691074586919
40,gaussian,1,8,64,25,50,1.5872,3.427,237,0.145188023804749,0.115286712554476,0.41613077774187,0.00633691074586919
41,gaussian,2,8,64,25,50,1.5518,3.375,237.3,0.112294793085262,0.0908444460226104,0.393956624491359,0.00633691074586919
42,gaussian,3,8,64,25,50,1.5851,3.393,237.3,0.0680665014024103,0.0546274934432113,0.200022954865133,0.00633691074586919
43,gaussian,1,8,128,25,50,1.8913,3.73,245.2,0.0964226868674286,0.0767801800895547,0.284117451079349,0.00633691074586919
44,gaussian,2,8,128,25,50,1.9322,3.772,245.4,0.0569924388812853,0.0442949130736445,0.238090333569541,0.00633691074586919
45,gaussian,3,8,128,25,50,1.8584,3.677,245.3,0.0958947199946078,0.0775429443738269,0.298553640168358,0.00633691074586919
46,gaussian,1,8,256,25,50,0.9288,2.791,247.4,0.0361713959780508,0.0296041531171859,0.097775058613419,0.00633691074586919
47,gaussian,2,8,256,25,50,0.9372,2.777,247.4,0.0559998491984469,0.0447554435267272,0.156596538105745,0.00633691074586919
48,gaussian,3,8,256,25,50,0.9203,2.686,247.2,0.0620331985974369,0.049852600123443,0.180055716785485,0.00633691074586919
49,gaussian,1,8,32,100,50,1.5325,3.348,245.3,0.108780649009089,0.0835533132328587,0.405725586786858,0.00633691074586919
50,gaussian,2,8,32,100,50,1.5417,3.353,245.7,0.0814576023925842,0.0673954701503231,0.224492583844271,0.00633691074586919
51,gaussian,3,8,32,100,50,1.533,3.375,245.3,0.0794333605740067,0.0615519870483005,0.261744738297959,0.00633691074586919
52,gaussian,1,8,64,100,50,1.7124,3.502,246.7,0.0457097911178971,0.0357620246982632,0.160352543790709,0.00633691074586919
53,gaussian,2,8,64,100,50,1.7331,3.544,246.6,0.0699250835965196,0.0571937305515629,0.205009374247886,0.00633691074586919
54,gaussian,3,8,64,100,50,1.8624,3.844,246.4,0.0536021408322123,0.0413418007934257,0.234241993382063,0.00633691074586919
55,gaussian,1,8,128,100,50,2.2536,4.1,251.7,0.0477360207761609,0.0388074252668618,0.159267144409025,0.00633691074586919
56,gaussian,2,8,128,100,50,2.2015,4.016,251.8,0.0342503798938438,0.0278096180999994,0.0940255526658928,0.00633691074586919
57,gaussian,3,8,128,100,50,2.2534,4.075,251.6,0.0466982018735476,0.0381427797120093,0.12117210175084,0.00633691074586919
58,gaussian,1,8,256,100,50,1.8071,3.645,261.5,0.022786236781978,0.0173787557597701,0.103152100388528,0.00633691074586919
59,gaussian,2,8,256,100,50,1.769,3.555,261.1,0.0212948379351088,0.0162795861339828,0.0685208972126397,0.00633691074586919
60,gaussian,3,8,256,100,50,1.7781,3.618,261.1,0.0339088868210558,0.0260933516670599,0.177144905856333,0.00633691074586919
61,gaussian,1,8,32,400,50,1.8382,3.636,250.2,0.0626224586830668,0.0482534028254375,0.290829968978011,0.00633691074586919
62,gaussian,2,8,32,400,50,1.8443,3.67,250.5,0.0680474697348026,0.0521690646162333,0.237847159350461,0.00633691074586919
63,gaussian,3,8,32,400,50,1.8311,3.633,250.7,0.0731406210454667,0.0505760301219775,0.510607873863869,0.00633691074586919
64,gaussian,1,8,64,400,50,2.5143,4.354,257.8,0.0332362003326417,0.0271831887662949,0.0986622522795604,0.00633691074586919
65,gaussian,2,8,64,400,50,2.518,4.312,258.1,0.0443220265158971,0.033944636747805,0.14849331390443,0.00633691074586919
66,gaussian,3,8,64,400,50,2.5065,4.299,257.8,0.0482119940767549,0.0383530332730019,0.143610891086948,0.00633691074586919
67,gaussian,1,8,128,400,50,4.01,5.847,305.3,0.0255873598398601,0.0206757912462521,0.0843884209043679,0.00633691074586919
68,gaussian,2,8,128,400,50,4.2306,6,305.5,0.0229268081210425,0.017644874159507,0.0810211702872298,0.00633691074586919
69,gaussian,3,8,128,400,50,4.0592,5.871,305.4,0.021334820567451,0.0175090720104958,0.0815151351420374,0.00633691074586919
70,gaussian,1,8,256,400,50,6.3172,8.139,341.9,0.0144182259202153,0.0112065679257508,0.0486066515507697,0.00633691074586919
71,gaussian,2,8,256,400,50,6.2406,8.048,341.8,0.0139544048641172,0.0108899935704942,0.0417577663302874,0.00633691074586919
72,gaussian,3,8,256,400,50,6.3042,8.14,341.8,0.0155073432418274,0.0132987299929803,0.048808917072156,0.00633691074586919
