id,study,sweep,rep,dataset,approach,n_features,max_n_coalitions,n_MC_samples,min_n_batches,max_batch_size,max_batch_cube_size,workers,backend,dt_threads,n_train,n_explain,iterative,group,group_size,model_variant,save_explanations,approach_args,pair_role,coalitions_from,coalitions_override,timestamp,hostname,r_version,shapr_version,git_sha,pid,status,data_load_secs,wall_secs,cpu_user_secs,cpu_sys_secs,cpu_user_child_secs,cpu_sys_child_secs,gc_peak_bytes,used_n_coalitions,n_iterations,used_n_batches,used_n_batches_max,effective_max_batch_size,shapley_file,total_time_secs,phase_setup,phase_test_prediction,phase_main_computation,phase_finalize_explanation,peak_rss_tree_bytes,peak_cgroup_bytes,bash_wall_secs,exit_code,timed_out,resource_killed,pair_key,peak_ram_bytes,peak_ram_mb,source_used_n_coalitions,pair_budget_matches
1,accuracy,accuracy_cost,1,numeric,gaussian,8,32,25,16,Inf,Inf,1,multisession,1,1000,10,FALSE,FALSE,2,xgb,TRUE,,,,NA,2026-08-07T11:56:11+0200,jullum-ubuntu,4.6.1,1.0.8.9005,60179b0b,2596220,ok,0.9034,1.4094,1.388,0.02,0,0,213975536,32,1,16,16,Inf,1.shapley.rds,1.2447,0.0424,0.0281,1.1695,0.0047,267067392,240230400,3.223,0,FALSE,FALSE,,240230400,229.1,,
2,accuracy,accuracy_cost,2,numeric,gaussian,8,32,25,16,Inf,Inf,1,multisession,1,1000,10,FALSE,FALSE,2,xgb,TRUE,,,,NA,2026-08-07T11:54:26+0200,jullum-ubuntu,4.6.1,1.0.8.9005,60179b0b,2595144,ok,0.9134,1.3981,1.38,0.017,0,0,213832328,32,1,16,16,Inf,2.shapley.rds,1.235,0.0428,0.0274,1.1597,0.0052,266522624,239083520,3.218,0,FALSE,FALSE,,239083520,228,,
3,accuracy,accuracy_cost,3,numeric,gaussian,8,32,25,16,Inf,Inf,1,multisession,1,1000,10,FALSE,FALSE,2,xgb,TRUE,,,,NA,2026-08-07T11:51:22+0200,jullum-ubuntu,4.6.1,1.0.8.9005,60179b0b,2593142,ok,0.9529,1.4758,1.457,0.018,0,0,213738760,32,1,16,16,Inf,3.shapley.rds,1.303,0.0445,0.0293,1.2242,0.0051,266489856,239210496,3.422,0,FALSE,FALSE,,239210496,228.1,,
4,accuracy,accuracy_cost,1,numeric,gaussian,8,64,25,16,Inf,Inf,1,multisession,1,1000,10,FALSE,FALSE,2,xgb,TRUE,,,,NA,2026-08-07T11:50:16+0200,jullum-ubuntu,4.6.1,1.0.8.9005,60179b0b,2591476,ok,0.9029,1.4593,1.431,0.028,0,0,215171808,64,1,16,16,Inf,4.shapley.rds,1.3014,0.0428,0.0276,1.2257,0.0053,268636160,241344512,3.265,0,FALSE,FALSE,,241344512,230.2,,
5,accuracy,accuracy_cost,2,numeric,gaussian,8,64,25,16,Inf,Inf,1,multisession,1,1000,10,FALSE,FALSE,2,xgb,TRUE,,,,NA,2026-08-07T11:51:49+0200,jullum-ubuntu,4.6.1,1.0.8.9005,60179b0b,2593511,ok,0.8983,1.469,1.456,0.012,0,0,215472000,64,1,16,16,Inf,5.shapley.rds,1.3095,0.0449,0.0285,1.2311,0.005,268451840,241270784,3.274,0,FALSE,FALSE,,241270784,230.1,,
6,accuracy,accuracy_cost,3,numeric,gaussian,8,64,25,16,Inf,Inf,1,multisession,1,1000,10,FALSE,FALSE,2,xgb,TRUE,,,,NA,2026-08-07T11:53:58+0200,jullum-ubuntu,4.6.1,1.0.8.9005,60179b0b,2594780,ok,0.8968,1.4715,1.445,0.025,0,0,215223624,64,1,16,16,Inf,6.shapley.rds,1.3128,0.0424,0.0272,1.238,0.0052,268726272,241352704,3.267,0,FALSE,FALSE,,241352704,230.2,,
7,accuracy,accuracy_cost,1,numeric,gaussian,8,128,25,16,Inf,Inf,1,multisession,1,1000,10,FALSE,FALSE,2,xgb,TRUE,,,,NA,2026-08-07T11:55:03+0200,jullum-ubuntu,4.6.1,1.0.8.9005,60179b0b,2595654,ok,0.9146,1.7521,1.728,0.023,0,0,218582328,128,1,16,16,Inf,7.shapley.rds,1.585,0.0441,0.0277,1.5071,0.006,268881920,241586176,3.617,0,FALSE,FALSE,,241586176,230.4,,
8,accuracy,accuracy_cost,2,numeric,gaussian,8,128,25,16,Inf,Inf,1,multisession,1,1000,10,FALSE,FALSE,2,xgb,TRUE,,,,NA,2026-08-07T11:53:50+0200,jullum-ubuntu,4.6.1,1.0.8.9005,60179b0b,2594621,ok,0.8907,1.7072,1.688,0.018,0,0,218321904,128,1,16,16,Inf,8.shapley.rds,1.5378,0.0423,0.0275,1.4616,0.0063,268816384,240914432,3.504,0,FALSE,FALSE,,240914432,229.8,,
9,accuracy,accuracy_cost,3,numeric,gaussian,8,128,25,16,Inf,Inf,1,multisession,1,1000,10,FALSE,FALSE,2,xgb,TRUE,,,,NA,2026-08-07T11:54:50+0200,jullum-ubuntu,4.6.1,1.0.8.9005,60179b0b,2595459,ok,0.9029,1.7478,1.728,0.017,0,0,218704728,128,1,16,16,Inf,9.shapley.rds,1.5826,0.043,0.0276,1.5057,0.0064,270983168,241741824,3.56,0,FALSE,FALSE,,241741824,230.5,,
10,accuracy,accuracy_cost,1,numeric,gaussian,8,256,25,16,Inf,Inf,1,multisession,1,1000,10,FALSE,FALSE,2,xgb,TRUE,,,,NA,2026-08-07T11:50:13+0200,jullum-ubuntu,4.6.1,1.0.8.9005,60179b0b,2591433,ok,0.8886,0.7061,0.682,0.021,0,0,224864504,256,1,16,16,Inf,10.shapley.rds,0.5483,0.0427,0.0273,0.4651,0.0132,272461824,247599104,2.493,0,FALSE,FALSE,,247599104,236.1,,
11,accuracy,accuracy_cost,2,numeric,gaussian,8,256,25,16,Inf,Inf,1,multisession,1,1000,10,FALSE,FALSE,2,xgb,TRUE,,,,NA,2026-08-07T11:50:41+0200,jullum-ubuntu,4.6.1,1.0.8.9005,60179b0b,2591702,ok,0.9098,0.7052,0.674,0.03,0,0,224878352,256,1,16,16,Inf,11.shapley.rds,0.545,0.0434,0.0276,0.4607,0.0133,274923520,247513088,2.543,0,FALSE,FALSE,,247513088,236,,
12,accuracy,accuracy_cost,3,numeric,gaussian,8,256,25,16,Inf,Inf,1,multisession,1,1000,10,FALSE,FALSE,2,xgb,TRUE,,,,NA,2026-08-07T11:56:19+0200,jullum-ubuntu,4.6.1,1.0.8.9005,60179b0b,2596325,ok,0.9473,0.7171,0.696,0.02,0,0,224878464,256,1,16,16,Inf,12.shapley.rds,0.5546,0.0452,0.0288,0.4671,0.0135,274800640,247431168,2.582,0,FALSE,FALSE,,247431168,236,,
13,accuracy,accuracy_cost,1,numeric,gaussian,8,32,100,16,Inf,Inf,1,multisession,1,1000,10,FALSE,FALSE,2,xgb,TRUE,,,,NA,2026-08-07T11:49:49+0200,jullum-ubuntu,4.6.1,1.0.8.9005,60179b0b,2591030,ok,0.9215,1.3988,1.375,0.021,0,0,216998816,32,1,16,16,Inf,13.shapley.rds,1.2397,0.0426,0.0279,1.1644,0.0048,264146944,238854144,3.218,0,FALSE,FALSE,,238854144,227.8,,
14,accuracy,accuracy_cost,2,numeric,gaussian,8,32,100,16,Inf,Inf,1,multisession,1,1000,10,FALSE,FALSE,2,xgb,TRUE,,,,NA,2026-08-07T11:50:49+0200,jullum-ubuntu,4.6.1,1.0.8.9005,60179b0b,2591800,ok,0.9021,1.4893,1.471,0.018,0,0,217042680,32,1,16,16,Inf,14.shapley.rds,1.3163,0.0454,0.0283,1.2376,0.005,265850880,238886912,3.293,0,FALSE,FALSE,,238886912,227.8,,
15,accuracy,accuracy_cost,3,numeric,gaussian,8,32,100,16,Inf,Inf,1,multisession,1,1000,10,FALSE,FALSE,2,xgb,TRUE,,,,NA,2026-08-07T11:52:01+0200,jullum-ubuntu,4.6.1,1.0.8.9005,60179b0b,2593691,ok,0.903,1.4236,1.411,0.012,0,0,217011368,32,1,16,16,Inf,15.shapley.rds,1.2582,0.0446,0.028,1.1809,0.0047,266309632,239407104,3.232,0,FALSE,FALSE,,239407104,228.3,,
16,accuracy,accuracy_cost,1,numeric,gaussian,8,64,100,16,Inf,Inf,1,multisession,1,1000,10,FALSE,FALSE,2,xgb,TRUE,,,,NA,2026-08-07T11:51:41+0200,jullum-ubuntu,4.6.1,1.0.8.9005,60179b0b,2593422,ok,0.8879,1.5117,1.483,0.023,0,0,224682936,64,1,16,16,Inf,16.shapley.rds,1.3546,0.0433,0.0273,1.278,0.0061,273506304,246599680,3.31,0,FALSE,FALSE,,246599680,235.2,,
17,accuracy,accuracy_cost,2,numeric,gaussian,8,64,100,16,Inf,Inf,1,multisession,1,1000,10,FALSE,FALSE,2,xgb,TRUE,,,,NA,2026-08-07T11:53:42+0200,jullum-ubuntu,4.6.1,1.0.8.9005,60179b0b,2594529,ok,0.8968,1.5151,1.49,0.024,0,0,224765040,64,1,16,16,Inf,17.shapley.rds,1.353,0.042,0.0272,1.2787,0.005,272125952,247091200,3.324,0,FALSE,FALSE,,247091200,235.6,,
18,accuracy,accuracy_cost,3,numeric,gaussian,8,64,100,16,Inf,Inf,1,multisession,1,1000,10,FALSE,FALSE,2,xgb,TRUE,,,,NA,2026-08-07T11:53:38+0200,jullum-ubuntu,4.6.1,1.0.8.9005,60179b0b,2594483,ok,0.9015,1.4988,1.475,0.023,0,0,224588848,64,1,16,16,Inf,18.shapley.rds,1.3336,0.0419,0.0268,1.2599,0.0051,273829888,246571008,3.334,0,FALSE,FALSE,,246571008,235.1,,
19,accuracy,accuracy_cost,1,numeric,gaussian,8,128,100,16,Inf,Inf,1,multisession,1,1000,10,FALSE,FALSE,2,xgb,TRUE,,,,NA,2026-08-07T11:55:43+0200,jullum-ubuntu,4.6.1,1.0.8.9005,60179b0b,2595902,ok,0.9097,1.7056,1.678,0.026,0,0,234628880,128,1,16,16,Inf,19.shapley.rds,1.5431,0.042,0.0268,1.4683,0.0059,284758016,257343488,3.538,0,FALSE,FALSE,,257343488,245.4,,
20,accuracy,accuracy_cost,2,numeric,gaussian,8,128,100,16,Inf,Inf,1,multisession,1,1000,10,FALSE,FALSE,2,xgb,TRUE,,,,NA,2026-08-07T11:52:20+0200,jullum-ubuntu,4.6.1,1.0.8.9005,60179b0b,2593891,ok,0.9008,1.7393,1.711,0.027,0,0,234624952,128,1,16,16,Inf,20.shapley.rds,1.5776,0.044,0.0289,1.4989,0.0058,284454912,257835008,3.548,0,FALSE,FALSE,,257835008,245.9,,
21,accuracy,accuracy_cost,3,numeric,gaussian,8,128,100,16,Inf,Inf,1,multisession,1,1000,10,FALSE,FALSE,2,xgb,TRUE,,,,NA,2026-08-07T11:55:56+0200,jullum-ubuntu,4.6.1,1.0.8.9005,60179b0b,2596051,ok,0.8976,1.8527,1.818,0.033,0,0,234628816,128,1,16,16,Inf,21.shapley.rds,1.6893,0.0427,0.0275,1.6131,0.006,284643328,257368064,3.679,0,FALSE,FALSE,,257368064,245.4,,
22,accuracy,accuracy_cost,1,numeric,gaussian,8,256,100,16,Inf,Inf,1,multisession,1,1000,10,FALSE,FALSE,2,xgb,TRUE,,,,NA,2026-08-07T11:53:35+0200,jullum-ubuntu,4.6.1,1.0.8.9005,60179b0b,2594440,ok,0.9019,0.8284,0.802,0.025,0,0,234569344,256,1,16,16,Inf,22.shapley.rds,0.6655,0.0452,0.0274,0.5851,0.0079,282890240,257753088,2.666,0,FALSE,FALSE,,257753088,245.8,,
23,accuracy,accuracy_cost,2,numeric,gaussian,8,256,100,16,Inf,Inf,1,multisession,1,1000,10,FALSE,FALSE,2,xgb,TRUE,,,,NA,2026-08-07T11:50:06+0200,jullum-ubuntu,4.6.1,1.0.8.9005,60179b0b,2591336,ok,0.886,0.8274,0.796,0.03,0,0,234563936,256,1,16,16,Inf,23.shapley.rds,0.6641,0.0441,0.0279,0.5847,0.0074,284856320,257904640,2.606,0,FALSE,FALSE,,257904640,246,,
24,accuracy,accuracy_cost,3,numeric,gaussian,8,256,100,16,Inf,Inf,1,multisession,1,1000,10,FALSE,FALSE,2,xgb,TRUE,,,,NA,2026-08-07T11:51:18+0200,jullum-ubuntu,4.6.1,1.0.8.9005,60179b0b,2593082,ok,0.9043,0.8842,0.849,0.034,0,0,234563840,256,1,16,16,Inf,24.shapley.rds,0.7089,0.0453,0.029,0.6265,0.0081,285233152,258129920,2.722,0,FALSE,FALSE,,258129920,246.2,,
25,accuracy,accuracy_cost,1,numeric,gaussian,8,32,400,16,Inf,Inf,1,multisession,1,1000,10,FALSE,FALSE,2,xgb,TRUE,,,,NA,2026-08-07T11:51:09+0200,jullum-ubuntu,4.6.1,1.0.8.9005,60179b0b,2592188,ok,0.944,1.6461,1.612,0.034,0,0,234621728,32,1,16,16,Inf,25.shapley.rds,1.4669,0.0489,0.0308,1.3818,0.0055,284495872,257097728,3.535,0,FALSE,FALSE,,257097728,245.2,,
26,accuracy,accuracy_cost,2,numeric,gaussian,8,32,400,16,Inf,Inf,1,multisession,1,1000,10,FALSE,FALSE,2,xgb,TRUE,,,,NA,2026-08-07T11:49:57+0200,jullum-ubuntu,4.6.1,1.0.8.9005,60179b0b,2591225,ok,0.8952,1.4857,1.457,0.027,0,0,234620976,32,1,16,16,Inf,26.shapley.rds,1.3204,0.0435,0.0285,1.2438,0.0046,284655616,257400832,3.284,0,FALSE,FALSE,,257400832,245.5,,
27,accuracy,accuracy_cost,3,numeric,gaussian,8,32,400,16,Inf,Inf,1,multisession,1,1000,10,FALSE,FALSE,2,xgb,TRUE,,,,NA,2026-08-07T11:50:20+0200,jullum-ubuntu,4.6.1,1.0.8.9005,60179b0b,2591521,ok,0.8858,1.5429,1.482,0.032,0,0,234616640,32,1,16,16,Inf,27.shapley.rds,1.3757,0.0442,0.0292,1.2974,0.0049,282361856,257687552,3.32,0,FALSE,FALSE,,257687552,245.8,,
28,accuracy,accuracy_cost,1,numeric,gaussian,8,64,400,16,Inf,Inf,1,multisession,1,1000,10,FALSE,FALSE,2,xgb,TRUE,,,,NA,2026-08-07T11:54:55+0200,jullum-ubuntu,4.6.1,1.0.8.9005,60179b0b,2595537,ok,0.8894,1.6391,1.617,0.021,0,0,234707392,64,1,16,16,Inf,28.shapley.rds,1.4683,0.0431,0.0281,1.3918,0.0054,285155328,258138112,3.419,0,FALSE,FALSE,,258138112,246.2,,
29,accuracy,accuracy_cost,2,numeric,gaussian,8,64,400,16,Inf,Inf,1,multisession,1,1000,10,FALSE,FALSE,2,xgb,TRUE,,,,NA,2026-08-07T11:51:01+0200,jullum-ubuntu,4.6.1,1.0.8.9005,60179b0b,2592025,ok,0.9157,1.7028,1.677,0.024,0,0,234712240,64,1,16,16,Inf,29.shapley.rds,1.5385,0.0457,0.0287,1.4537,0.0104,285224960,257720320,3.533,0,FALSE,FALSE,,257720320,245.8,,
30,accuracy,accuracy_cost,3,numeric,gaussian,8,64,400,16,Inf,Inf,1,multisession,1,1000,10,FALSE,FALSE,2,xgb,TRUE,,,,NA,2026-08-07T11:54:59+0200,jullum-ubuntu,4.6.1,1.0.8.9005,60179b0b,2595584,ok,0.947,1.6246,1.6,0.023,0,0,234707552,64,1,16,16,Inf,30.shapley.rds,1.4608,0.0437,0.0278,1.3843,0.005,285192192,257687552,3.491,0,FALSE,FALSE,,257687552,245.8,,
31,accuracy,accuracy_cost,1,numeric,gaussian,8,128,400,16,Inf,Inf,1,multisession,1,1000,10,FALSE,FALSE,2,xgb,TRUE,,,,NA,2026-08-07T11:50:44+0200,jullum-ubuntu,4.6.1,1.0.8.9005,60179b0b,2591751,ok,0.8916,2.0773,2.052,0.024,0,0,234644624,128,1,16,16,Inf,31.shapley.rds,1.9128,0.0426,0.0275,1.8366,0.0061,288079872,262942720,3.858,0,FALSE,FALSE,,262942720,250.8,,
32,accuracy,accuracy_cost,2,numeric,gaussian,8,128,400,16,Inf,Inf,1,multisession,1,1000,10,FALSE,FALSE,2,xgb,TRUE,,,,NA,2026-08-07T11:50:56+0200,jullum-ubuntu,4.6.1,1.0.8.9005,60179b0b,2591969,ok,0.9163,2.0941,2.068,0.025,0,0,234625576,128,1,16,16,Inf,32.shapley.rds,1.9302,0.0442,0.0282,1.8514,0.0064,289996800,262512640,3.942,0,FALSE,FALSE,,262512640,250.4,,
33,accuracy,accuracy_cost,3,numeric,gaussian,8,128,400,16,Inf,Inf,1,multisession,1,1000,10,FALSE,FALSE,2,xgb,TRUE,,,,NA,2026-08-07T11:51:05+0200,jullum-ubuntu,4.6.1,1.0.8.9005,60179b0b,2592078,ok,0.8883,2.1287,2.097,0.029,0,0,234624120,128,1,16,16,Inf,33.shapley.rds,1.9571,0.0425,0.0279,1.8804,0.0063,287948800,262242304,3.979,0,FALSE,FALSE,,262242304,250.1,,
34,accuracy,accuracy_cost,1,numeric,gaussian,8,256,400,16,Inf,Inf,1,multisession,1,1000,10,FALSE,FALSE,2,xgb,TRUE,,,,NA,2026-08-07T11:54:34+0200,jullum-ubuntu,4.6.1,1.0.8.9005,60179b0b,2595243,ok,0.9008,1.4077,1.369,0.038,0,0,234647360,256,1,16,16,Inf,34.shapley.rds,1.2455,0.0433,0.0277,1.1667,0.0078,291688448,266059776,3.21,0,FALSE,FALSE,,266059776,253.7,,
35,accuracy,accuracy_cost,2,numeric,gaussian,8,256,400,16,Inf,Inf,1,multisession,1,1000,10,FALSE,FALSE,2,xgb,TRUE,,,,NA,2026-08-07T11:54:11+0200,jullum-ubuntu,4.6.1,1.0.8.9005,60179b0b,2594953,ok,0.9121,1.4144,1.369,0.043,0,0,234647464,256,1,16,16,Inf,35.shapley.rds,1.2552,0.0452,0.0277,1.1746,0.0076,291528704,265871360,3.259,0,FALSE,FALSE,,265871360,253.6,,
36,accuracy,accuracy_cost,3,numeric,gaussian,8,256,400,16,Inf,Inf,1,multisession,1,1000,10,FALSE,FALSE,2,xgb,TRUE,,,,NA,2026-08-07T11:49:53+0200,jullum-ubuntu,4.6.1,1.0.8.9005,60179b0b,2591179,ok,0.9076,1.4293,1.387,0.04,0,0,234647048,256,1,16,16,Inf,36.shapley.rds,1.2678,0.0434,0.0282,1.1884,0.0079,291704832,265654272,3.236,0,FALSE,FALSE,,265654272,253.3,,
37,accuracy,accuracy_cost,1,numeric,gaussian,8,32,25,16,Inf,Inf,1,multisession,1,1000,50,FALSE,FALSE,2,xgb,TRUE,,,,NA,2026-08-07T11:50:53+0200,jullum-ubuntu,4.6.1,1.0.8.9005,60179b0b,2591924,ok,0.8939,1.4571,1.441,0.014,0,0,218865992,32,1,16,16,Inf,37.shapley.rds,1.2907,0.043,0.0277,1.2146,0.0054,267120640,240709632,3.26,0,FALSE,FALSE,,240709632,229.6,,
38,accuracy,accuracy_cost,2,numeric,gaussian,8,32,25,16,Inf,Inf,1,multisession,1,1000,50,FALSE,FALSE,2,xgb,TRUE,,,,NA,2026-08-07T11:56:15+0200,jullum-ubuntu,4.6.1,1.0.8.9005,60179b0b,2596271,ok,0.9035,1.4741,1.455,0.018,0,0,218869376,32,1,16,16,Inf,38.shapley.rds,1.3066,0.0438,0.0277,1.2299,0.0052,268206080,240820224,3.285,0,FALSE,FALSE,,240820224,229.7,,
39,accuracy,accuracy_cost,3,numeric,gaussian,8,32,25,16,Inf,Inf,1,multisession,1,1000,50,FALSE,FALSE,2,xgb,TRUE,,,,NA,2026-08-07T11:56:07+0200,jullum-ubuntu,4.6.1,1.0.8.9005,60179b0b,2596176,ok,0.8993,1.4299,1.412,0.017,0,0,218866264,32,1,16,16,Inf,39.shapley.rds,1.2647,0.043,0.0275,1.1892,0.0051,268075008,240971776,3.233,0,FALSE,FALSE,,240971776,229.8,,
40,accuracy,accuracy_cost,1,numeric,gaussian,8,64,25,16,Inf,Inf,1,multisession,1,1000,50,FALSE,FALSE,2,xgb,TRUE,,,,NA,2026-08-07T11:55:39+0200,jullum-ubuntu,4.6.1,1.0.8.9005,60179b0b,2595852,ok,0.9183,1.5872,1.554,0.025,0,0,226505296,64,1,16,16,Inf,40.shapley.rds,1.4213,0.043,0.0278,1.3446,0.0058,277557248,248512512,3.427,0,FALSE,FALSE,,248512512,237,,
41,accuracy,accuracy_cost,2,numeric,gaussian,8,64,25,16,Inf,Inf,1,multisession,1,1000,50,FALSE,FALSE,2,xgb,TRUE,,,,NA,2026-08-07T11:54:02+0200,jullum-ubuntu,4.6.1,1.0.8.9005,60179b0b,2594827,ok,0.9025,1.5518,1.537,0.012,0,0,226506216,64,1,16,16,Inf,41.shapley.rds,1.3887,0.0422,0.0273,1.3136,0.0055,275947520,248848384,3.375,0,FALSE,FALSE,,248848384,237.3,,
42,accuracy,accuracy_cost,3,numeric,gaussian,8,64,25,16,Inf,Inf,1,multisession,1,1000,50,FALSE,FALSE,2,xgb,TRUE,,,,NA,2026-08-07T11:54:15+0200,jullum-ubuntu,4.6.1,1.0.8.9005,60179b0b,2595006,ok,0.9012,1.5851,1.559,0.025,0,0,226505480,64,1,16,16,Inf,42.shapley.rds,1.4192,0.0466,0.0296,1.3374,0.0055,276037632,248815616,3.393,0,FALSE,FALSE,,248815616,237.3,,
43,accuracy,accuracy_cost,1,numeric,gaussian,8,128,25,16,Inf,Inf,1,multisession,1,1000,50,FALSE,FALSE,2,xgb,TRUE,,,,NA,2026-08-07T11:52:05+0200,jullum-ubuntu,4.6.1,1.0.8.9005,60179b0b,2593733,ok,0.9217,1.8913,1.865,0.025,0,0,234617616,128,1,16,16,Inf,43.shapley.rds,1.7264,0.0431,0.0277,1.649,0.0066,284467200,257060864,3.73,0,FALSE,FALSE,,257060864,245.2,,
44,accuracy,accuracy_cost,2,numeric,gaussian,8,128,25,16,Inf,Inf,1,multisession,1,1000,50,FALSE,FALSE,2,xgb,TRUE,,,,NA,2026-08-07T11:51:29+0200,jullum-ubuntu,4.6.1,1.0.8.9005,60179b0b,2593259,ok,0.9055,1.9322,1.903,0.028,0,0,234612560,128,1,16,16,Inf,44.shapley.rds,1.7739,0.0437,0.0275,1.6958,0.0069,284303360,257314816,3.772,0,FALSE,FALSE,,257314816,245.4,,
45,accuracy,accuracy_cost,3,numeric,gaussian,8,128,25,16,Inf,Inf,1,multisession,1,1000,50,FALSE,FALSE,2,xgb,TRUE,,,,NA,2026-08-07T11:55:47+0200,jullum-ubuntu,4.6.1,1.0.8.9005,60179b0b,2595951,ok,0.8951,1.8584,1.833,0.025,0,0,234617776,128,1,16,16,Inf,45.shapley.rds,1.6937,0.0426,0.0274,1.6173,0.0065,284270592,257249280,3.677,0,FALSE,FALSE,,257249280,245.3,,
46,accuracy,accuracy_cost,1,numeric,gaussian,8,256,25,16,Inf,Inf,1,multisession,1,1000,50,FALSE,FALSE,2,xgb,TRUE,,,,NA,2026-08-07T11:51:26+0200,jullum-ubuntu,4.6.1,1.0.8.9005,60179b0b,2593216,ok,0.9131,0.9288,0.902,0.026,0,0,234645344,256,1,16,16,Inf,46.shapley.rds,0.7669,0.0441,0.0282,0.6864,0.0082,286183424,259375104,2.791,0,FALSE,FALSE,,259375104,247.4,,
47,accuracy,accuracy_cost,2,numeric,gaussian,8,256,25,16,Inf,Inf,1,multisession,1,1000,50,FALSE,FALSE,2,xgb,TRUE,,,,NA,2026-08-07T11:54:23+0200,jullum-ubuntu,4.6.1,1.0.8.9005,60179b0b,2595101,ok,0.9166,0.9372,0.907,0.027,0,0,234645328,256,1,16,16,Inf,47.shapley.rds,0.7691,0.045,0.0278,0.6882,0.0082,286257152,259469312,2.777,0,FALSE,FALSE,,259469312,247.4,,
48,accuracy,accuracy_cost,3,numeric,gaussian,8,256,25,16,Inf,Inf,1,multisession,1,1000,50,FALSE,FALSE,2,xgb,TRUE,,,,NA,2026-08-07T11:51:58+0200,jullum-ubuntu,4.6.1,1.0.8.9005,60179b0b,2593639,ok,0.8872,0.9203,0.894,0.025,0,0,234645120,256,1,16,16,Inf,48.shapley.rds,0.7562,0.0426,0.0276,0.6776,0.0084,286375936,259203072,2.686,0,FALSE,FALSE,,259203072,247.2,,
49,accuracy,accuracy_cost,1,numeric,gaussian,8,32,100,16,Inf,Inf,1,multisession,1,1000,50,FALSE,FALSE,2,xgb,TRUE,,,,NA,2026-08-07T11:51:53+0200,jullum-ubuntu,4.6.1,1.0.8.9005,60179b0b,2593578,ok,0.8992,1.5325,1.508,0.023,0,0,234616112,32,1,16,16,Inf,49.shapley.rds,1.3676,0.0432,0.0289,1.2904,0.0051,284831744,257187840,3.348,0,FALSE,FALSE,,257187840,245.3,,
50,accuracy,accuracy_cost,2,numeric,gaussian,8,32,100,16,Inf,Inf,1,multisession,1,1000,50,FALSE,FALSE,2,xgb,TRUE,,,,NA,2026-08-07T11:51:37+0200,jullum-ubuntu,4.6.1,1.0.8.9005,60179b0b,2593372,ok,0.8904,1.5417,1.515,0.025,0,0,234616112,32,1,16,16,Inf,50.shapley.rds,1.3768,0.0428,0.0277,1.3012,0.0051,284577792,257630208,3.353,0,FALSE,FALSE,,257630208,245.7,,
51,accuracy,accuracy_cost,3,numeric,gaussian,8,32,100,16,Inf,Inf,1,multisession,1,1000,50,FALSE,FALSE,2,xgb,TRUE,,,,NA,2026-08-07T11:51:33+0200,jullum-ubuntu,4.6.1,1.0.8.9005,60179b0b,2593306,ok,0.912,1.533,1.503,0.029,0,0,234612208,32,1,16,16,Inf,51.shapley.rds,1.3682,0.0431,0.0274,1.2926,0.005,284778496,257171456,3.375,0,FALSE,FALSE,,257171456,245.3,,
52,accuracy,accuracy_cost,1,numeric,gaussian,8,64,100,16,Inf,Inf,1,multisession,1,1000,50,FALSE,FALSE,2,xgb,TRUE,,,,NA,2026-08-07T11:54:30+0200,jullum-ubuntu,4.6.1,1.0.8.9005,60179b0b,2595193,ok,0.8882,1.7124,1.685,0.027,0,0,234648592,64,1,16,16,Inf,52.shapley.rds,1.5494,0.0436,0.0273,1.473,0.0056,288014336,258650112,3.502,0,FALSE,FALSE,,258650112,246.7,,
53,accuracy,accuracy_cost,2,numeric,gaussian,8,64,100,16,Inf,Inf,1,multisession,1,1000,50,FALSE,FALSE,2,xgb,TRUE,,,,NA,2026-08-07T11:53:31+0200,jullum-ubuntu,4.6.1,1.0.8.9005,60179b0b,2594391,ok,0.9128,1.7331,1.703,0.029,0,0,234648336,64,1,16,16,Inf,53.shapley.rds,1.5672,0.0442,0.0283,1.4892,0.0055,285691904,258613248,3.544,0,FALSE,FALSE,,258613248,246.6,,
54,accuracy,accuracy_cost,3,numeric,gaussian,8,64,100,16,Inf,Inf,1,multisession,1,1000,50,FALSE,FALSE,2,xgb,TRUE,,,,NA,2026-08-07T11:51:14+0200,jullum-ubuntu,4.6.1,1.0.8.9005,60179b0b,2592667,ok,0.9481,1.8624,1.837,0.024,0,0,234648624,64,1,16,16,Inf,54.shapley.rds,1.6898,0.0474,0.0309,1.6059,0.0056,285659136,258396160,3.844,0,FALSE,FALSE,,258396160,246.4,,
55,accuracy,accuracy_cost,1,numeric,gaussian,8,128,100,16,Inf,Inf,1,multisession,1,1000,50,FALSE,FALSE,2,xgb,TRUE,,,,NA,2026-08-07T11:52:15+0200,jullum-ubuntu,4.6.1,1.0.8.9005,60179b0b,2593841,ok,0.9165,2.2536,2.217,0.035,0,0,234644424,128,1,16,16,Inf,55.shapley.rds,2.0882,0.0431,0.0283,2.0104,0.0064,289439744,263970816,4.1,0,FALSE,FALSE,,263970816,251.7,,
56,accuracy,accuracy_cost,2,numeric,gaussian,8,128,100,16,Inf,Inf,1,multisession,1,1000,50,FALSE,FALSE,2,xgb,TRUE,,,,NA,2026-08-07T11:51:45+0200,jullum-ubuntu,4.6.1,1.0.8.9005,60179b0b,2593472,ok,0.8975,2.2015,2.161,0.038,0,0,234645320,128,1,16,16,Inf,56.shapley.rds,2.0357,0.0432,0.0275,1.9584,0.0066,289636352,263979008,4.016,0,FALSE,FALSE,,263979008,251.8,,
57,accuracy,accuracy_cost,3,numeric,gaussian,8,128,100,16,Inf,Inf,1,multisession,1,1000,50,FALSE,FALSE,2,xgb,TRUE,,,,NA,2026-08-07T11:53:54+0200,jullum-ubuntu,4.6.1,1.0.8.9005,60179b0b,2594671,ok,0.9034,2.2534,2.217,0.035,0,0,234646248,128,1,16,16,Inf,57.shapley.rds,2.0859,0.0441,0.0288,2.006,0.0071,289480704,263790592,4.075,0,FALSE,FALSE,,263790592,251.6,,
58,accuracy,accuracy_cost,1,numeric,gaussian,8,256,100,16,Inf,Inf,1,multisession,1,1000,50,FALSE,FALSE,2,xgb,TRUE,,,,NA,2026-08-07T11:54:06+0200,jullum-ubuntu,4.6.1,1.0.8.9005,60179b0b,2594876,ok,0.9019,1.8071,1.725,0.081,0,0,234646160,256,1,16,16,Inf,58.shapley.rds,1.6441,0.0478,0.0306,1.5575,0.0082,299032576,274161664,3.645,0,FALSE,FALSE,,274161664,261.5,,
59,accuracy,accuracy_cost,2,numeric,gaussian,8,256,100,16,Inf,Inf,1,multisession,1,1000,50,FALSE,FALSE,2,xgb,TRUE,,,,NA,2026-08-07T11:50:09+0200,jullum-ubuntu,4.6.1,1.0.8.9005,60179b0b,2591383,ok,0.9003,1.769,1.692,0.076,0,0,234645664,256,1,16,16,Inf,59.shapley.rds,1.6111,0.0427,0.0273,1.5328,0.0083,299040768,273817600,3.555,0,FALSE,FALSE,,273817600,261.1,,
60,accuracy,accuracy_cost,3,numeric,gaussian,8,256,100,16,Inf,Inf,1,multisession,1,1000,50,FALSE,FALSE,2,xgb,TRUE,,,,NA,2026-08-07T11:53:46+0200,jullum-ubuntu,4.6.1,1.0.8.9005,60179b0b,2594578,ok,0.9132,1.7781,1.709,0.068,0,0,234645128,256,1,16,16,Inf,60.shapley.rds,1.6163,0.0455,0.029,1.5335,0.0083,299036672,273817600,3.618,0,FALSE,FALSE,,273817600,261.1,,
61,accuracy,accuracy_cost,1,numeric,gaussian,8,32,400,16,Inf,Inf,1,multisession,1,1000,50,FALSE,FALSE,2,xgb,TRUE,,,,NA,2026-08-07T11:54:46+0200,jullum-ubuntu,4.6.1,1.0.8.9005,60179b0b,2595360,ok,0.8785,1.8382,1.797,0.041,0,0,234485832,32,1,16,16,Inf,61.shapley.rds,1.675,0.0486,0.029,1.5925,0.005,287666176,262348800,3.636,0,FALSE,FALSE,,262348800,250.2,,
62,accuracy,accuracy_cost,2,numeric,gaussian,8,32,400,16,Inf,Inf,1,multisession,1,1000,50,FALSE,FALSE,2,xgb,TRUE,,,,NA,2026-08-07T11:55:07+0200,jullum-ubuntu,4.6.1,1.0.8.9005,60179b0b,2595705,ok,0.9046,1.8443,1.802,0.037,0,0,234483720,32,1,16,16,Inf,62.shapley.rds,1.6793,0.0432,0.0276,1.6032,0.0054,289906688,262713344,3.67,0,FALSE,FALSE,,262713344,250.5,,
63,accuracy,accuracy_cost,3,numeric,gaussian,8,32,400,16,Inf,Inf,1,multisession,1,1000,50,FALSE,FALSE,2,xgb,TRUE,,,,NA,2026-08-07T11:54:19+0200,jullum-ubuntu,4.6.1,1.0.8.9005,60179b0b,2595055,ok,0.8911,1.8311,1.79,0.04,0,0,234481512,32,1,16,16,Inf,63.shapley.rds,1.6679,0.0435,0.0276,1.5919,0.005,289492992,262828032,3.633,0,FALSE,FALSE,,262828032,250.7,,
64,accuracy,accuracy_cost,1,numeric,gaussian,8,64,400,16,Inf,Inf,1,multisession,1,1000,50,FALSE,FALSE,2,xgb,TRUE,,,,NA,2026-08-07T11:53:19+0200,jullum-ubuntu,4.6.1,1.0.8.9005,60179b0b,2594275,ok,0.9036,2.5143,2.464,0.049,0,0,234600568,64,1,16,16,Inf,64.shapley.rds,2.3475,0.0435,0.0276,2.2707,0.0057,296148992,270348288,4.354,0,FALSE,FALSE,,270348288,257.8,,
65,accuracy,accuracy_cost,2,numeric,gaussian,8,64,400,16,Inf,Inf,1,multisession,1,1000,50,FALSE,FALSE,2,xgb,TRUE,,,,NA,2026-08-07T11:50:01+0200,jullum-ubuntu,4.6.1,1.0.8.9005,60179b0b,2591284,ok,0.8863,2.518,2.462,0.055,0,0,234597704,64,1,16,16,Inf,65.shapley.rds,2.3529,0.0428,0.0272,2.2773,0.0056,295792640,270614528,4.312,0,FALSE,FALSE,,270614528,258.1,,
66,accuracy,accuracy_cost,3,numeric,gaussian,8,64,400,16,Inf,Inf,1,multisession,1,1000,50,FALSE,FALSE,2,xgb,TRUE,,,,NA,2026-08-07T11:55:51+0200,jullum-ubuntu,4.6.1,1.0.8.9005,60179b0b,2596002,ok,0.8876,2.5065,2.448,0.057,0,0,234596920,64,1,16,16,Inf,66.shapley.rds,2.3393,0.0427,0.0275,2.2637,0.0055,295571456,270364672,4.299,0,FALSE,FALSE,,270364672,257.8,,
67,accuracy,accuracy_cost,1,numeric,gaussian,8,128,400,16,Inf,Inf,1,multisession,1,1000,50,FALSE,FALSE,2,xgb,TRUE,,,,NA,2026-08-07T11:53:24+0200,jullum-ubuntu,4.6.1,1.0.8.9005,60179b0b,2594322,ok,0.9019,4.01,3.865,0.143,0,0,265580464,128,1,16,16,Inf,67.shapley.rds,3.8413,0.0434,0.0276,3.7638,0.0064,345821184,320110592,5.847,0,FALSE,FALSE,,320110592,305.3,,
68,accuracy,accuracy_cost,2,numeric,gaussian,8,128,400,16,Inf,Inf,1,multisession,1,1000,50,FALSE,FALSE,2,xgb,TRUE,,,,NA,2026-08-07T11:52:09+0200,jullum-ubuntu,4.6.1,1.0.8.9005,60179b0b,2593789,ok,0.8877,4.2306,4.092,0.137,0,0,265580624,128,1,16,16,Inf,68.shapley.rds,3.9287,0.0442,0.0278,3.8502,0.0064,345509888,320372736,6,0,FALSE,FALSE,,320372736,305.5,,
69,accuracy,accuracy_cost,3,numeric,gaussian,8,128,400,16,Inf,Inf,1,multisession,1,1000,50,FALSE,FALSE,2,xgb,TRUE,,,,NA,2026-08-07T11:56:01+0200,jullum-ubuntu,4.6.1,1.0.8.9005,60179b0b,2596107,ok,0.8913,4.0592,3.917,0.14,0,0,265584048,128,1,16,16,Inf,69.shapley.rds,3.8884,0.0469,0.0303,3.8048,0.0065,345563136,320192512,5.871,0,FALSE,FALSE,,320192512,305.4,,
70,accuracy,accuracy_cost,1,numeric,gaussian,8,256,400,16,Inf,Inf,1,multisession,1,1000,50,FALSE,FALSE,2,xgb,TRUE,,,,NA,2026-08-07T11:50:33+0200,jullum-ubuntu,4.6.1,1.0.8.9005,60179b0b,2591648,ok,0.8985,6.3172,6.18,0.136,0,0,285823544,256,1,16,16,Inf,70.shapley.rds,6.1432,0.0428,0.0274,6.0646,0.0084,383709184,358494208,8.139,0,FALSE,FALSE,,358494208,341.9,,
71,accuracy,accuracy_cost,2,numeric,gaussian,8,256,400,16,Inf,Inf,1,multisession,1,1000,50,FALSE,FALSE,2,xgb,TRUE,,,,NA,2026-08-07T11:50:23+0200,jullum-ubuntu,4.6.1,1.0.8.9005,60179b0b,2591580,ok,0.8867,6.2406,6.107,0.132,0,0,285819816,256,1,16,16,Inf,71.shapley.rds,6.07,0.0427,0.0277,5.9912,0.0085,383860736,358375424,8.048,0,FALSE,FALSE,,358375424,341.8,,
72,accuracy,accuracy_cost,3,numeric,gaussian,8,256,400,16,Inf,Inf,1,multisession,1,1000,50,FALSE,FALSE,2,xgb,TRUE,,,,NA,2026-08-07T11:54:38+0200,jullum-ubuntu,4.6.1,1.0.8.9005,60179b0b,2595305,ok,0.9073,6.3042,6.175,0.127,0,0,285823904,256,1,16,16,Inf,72.shapley.rds,6.1295,0.0428,0.0275,6.0508,0.0084,383733760,358428672,8.14,0,FALSE,FALSE,,358428672,341.8,,
73,accuracy,accuracy_reference,1,numeric,gaussian,8,256,2000,32,Inf,Inf,1,multisession,1,1000,50,FALSE,FALSE,2,xgb,TRUE,,,,NA,2026-08-07T11:52:24+0200,jullum-ubuntu,4.6.1,1.0.8.9005,60179b0b,2593940,ok,0.9139,25,23.113,1.877,0,0,406088472,256,1,32,32,Inf,73.shapley.rds,24.8171,0.0435,0.028,24.7372,0.0084,554831872,530673664,26.871,0,FALSE,FALSE,,530673664,506.1,,
74,accuracy,accuracy_reference,2,numeric,gaussian,8,256,2000,32,Inf,Inf,1,multisession,1,1000,50,FALSE,FALSE,2,xgb,TRUE,,,,NA,2026-08-07T11:55:11+0200,jullum-ubuntu,4.6.1,1.0.8.9005,60179b0b,2595758,ok,0.9238,25.1094,23.28,1.822,0,0,406088472,256,1,32,32,Inf,74.shapley.rds,24.9277,0.0435,0.0275,24.8482,0.0085,552488960,530882560,26.989,0,FALSE,FALSE,,530882560,506.3,,
75,accuracy,accuracy_reference,3,numeric,gaussian,8,256,2000,32,Inf,Inf,1,multisession,1,1000,50,FALSE,FALSE,2,xgb,TRUE,,,,NA,2026-08-07T11:52:51+0200,jullum-ubuntu,4.6.1,1.0.8.9005,60179b0b,2594017,ok,0.8979,24.949,23.107,1.833,0,0,406088472,256,1,32,32,Inf,75.shapley.rds,24.7665,0.0423,0.0279,24.688,0.0084,551702528,527319040,26.799,0,FALSE,FALSE,,527319040,502.9,,
