none,group1,group2,group3,group1_rank,group2_rank,group3_rank,correlation,pre_grouped,standardized,test_id,model_type,grouping,No_test_obs,Time
3.63289132713101,-7.57554621479165,5.50465957628888,-0.486767887078824,3,1,2,0,1,0,1,AR-groupA-experiment_gam_diff_corr,A,100,2021-02-12T14:18:14.684483Z
3.63289150579928,-1.70429199347981,5.10425443786829,0.725221346335867,3,1,2,0,1,0,2,AR-groupA-experiment_gam_diff_corr,A,100,2021-02-12T14:18:14.684483Z
3.63289135387969,41.7192598604801,-2.98490650369486,-0.8373762005196,1,3,2,0,1,0,3,AR-groupA-experiment_gam_diff_corr,A,100,2021-02-12T14:18:14.684483Z
3.63289116476185,13.6753992022318,-1.97429781024312,5.6000914448251,1,3,2,0,1,0,4,AR-groupA-experiment_gam_diff_corr,A,100,2021-02-12T14:18:14.684483Z
3.63289107088299,-1.71511832908038,-1.57074004978738,19.0063221480018,3,2,1,0,1,0,5,AR-groupA-experiment_gam_diff_corr,A,100,2021-02-12T14:18:14.684483Z
3.63289110611097,-1.67670951779827,-13.0721259891944,-1.16293528540651,2,3,1,0,1,0,6,AR-groupA-experiment_gam_diff_corr,A,100,2021-02-12T14:18:14.684483Z
3.63289148358341,33.7661030982657,1.08933794455061,-1.46183214693225,1,2,3,0,1,0,7,AR-groupA-experiment_gam_diff_corr,A,100,2021-02-12T14:18:14.684483Z
3.63289135806699,-1.7796956379441,-18.8731562146285,4.16368985181657,2,3,1,0,1,0,8,AR-groupA-experiment_gam_diff_corr,A,100,2021-02-12T14:18:14.684483Z
3.63289132109914,-2.49490513765424,-6.16552084032275,-0.407407447127149,2,3,1,0,1,0,9,AR-groupA-experiment_gam_diff_corr,A,100,2021-02-12T14:18:14.684483Z
3.63289145902285,-6.72790618596367,3.77828106233688,0.381897577169829,3,1,2,0,1,0,10,AR-groupA-experiment_gam_diff_corr,A,100,2021-02-12T14:18:14.684483Z
3.63289117785701,-2.82585665728911,-2.52168508488144,-1.50588234426579,3,2,1,0,1,0,11,AR-groupA-experiment_gam_diff_corr,A,100,2021-02-12T14:18:14.684483Z
3.63289144308426,20.1996435756228,-1.78622005808586,-1.02189038246316,1,3,2,0,1,0,12,AR-groupA-experiment_gam_diff_corr,A,100,2021-02-12T14:18:14.684483Z
3.63289137379654,6.3715957424849,-12.4025940282041,2.00046355926274,1,3,2,0,1,0,13,AR-groupA-experiment_gam_diff_corr,A,100,2021-02-12T14:18:14.684483Z
3.63289131626016,0.170317040397018,-9.04804898784594,-0.615111114058654,1,3,2,0,1,0,14,AR-groupA-experiment_gam_diff_corr,A,100,2021-02-12T14:18:14.684483Z
3.63289142370081,-12.3206255259807,-1.35207465568041,-0.769421116577875,3,2,1,0,1,0,15,AR-groupA-experiment_gam_diff_corr,A,100,2021-02-12T14:18:14.684483Z
3.63289130246359,-1.55247607910303,-1.63299289549827,-17.5677377442374,1,2,3,0,1,0,16,AR-groupA-experiment_gam_diff_corr,A,100,2021-02-12T14:18:14.684483Z
3.63289125198155,6.50900789034797,-2.56673232083163,3.25808789406391,1,3,2,0,1,0,17,AR-groupA-experiment_gam_diff_corr,A,100,2021-02-12T14:18:14.684483Z
3.63289138268594,-1.39546574203965,-6.23781550087456,-3.45549761576695,1,3,2,0,1,0,18,AR-groupA-experiment_gam_diff_corr,A,100,2021-02-12T14:18:14.684483Z
3.6328914438814,-2.61362916286542,-3.58124203746573,-5.63998987025563,1,2,3,0,1,0,19,AR-groupA-experiment_gam_diff_corr,A,100,2021-02-12T14:18:14.684483Z
3.63289140078704,-1.85867585401205,34.2207544340686,4.53231621293763,3,1,2,0,1,0,20,AR-groupA-experiment_gam_diff_corr,A,100,2021-02-12T14:18:14.684483Z
3.63289124655407,-1.61787031201225,-1.91605408283717,-0.0664864613230677,2,3,1,0,1,0,21,AR-groupA-experiment_gam_diff_corr,A,100,2021-02-12T14:18:14.684483Z
3.63289150985127,-1.95990997166071,0.705270677317118,-0.574515315279506,3,1,2,0,1,0,22,AR-groupA-experiment_gam_diff_corr,A,100,2021-02-12T14:18:14.684483Z
3.63289152122708,54.4039363706875,1.37018141015428,-1.09924500822056,1,2,3,0,1,0,23,AR-groupA-experiment_gam_diff_corr,A,100,2021-02-12T14:18:14.684483Z
3.63289130555357,-0.803195292935333,1.51971078124351,-0.0303320869939729,3,1,2,0,1,0,24,AR-groupA-experiment_gam_diff_corr,A,100,2021-02-12T14:18:14.684483Z
3.63289131457342,5.54246401917016,-1.36889954428647,2.78306574097565,1,3,2,0,1,0,25,AR-groupA-experiment_gam_diff_corr,A,100,2021-02-12T14:18:14.684483Z
3.63289135081823,-1.69056318956022,-5.71057739786409,-0.582404534166328,2,3,1,0,1,0,26,AR-groupA-experiment_gam_diff_corr,A,100,2021-02-12T14:18:14.684483Z
3.63289135787599,-2.20728259418191,-3.20159974639429,-0.357528335600536,2,3,1,0,1,0,27,AR-groupA-experiment_gam_diff_corr,A,100,2021-02-12T14:18:14.684483Z
3.63289133561654,0.219309488982412,1.47283415207394,-0.882781727787303,2,1,3,0,1,0,28,AR-groupA-experiment_gam_diff_corr,A,100,2021-02-12T14:18:14.684483Z
3.63289135057239,-9.60861731857399,-5.72661098890288,-0.509791748866622,3,2,1,0,1,0,29,AR-groupA-experiment_gam_diff_corr,A,100,2021-02-12T14:18:14.684483Z
3.632891271776,13.6214746642965,-0.342231682205179,-1.18279074662602,1,2,3,0,1,0,30,AR-groupA-experiment_gam_diff_corr,A,100,2021-02-12T14:18:14.684483Z
3.63289117378731,-1.57216833228876,-1.38614685333179,-2.67675517213405,2,1,3,0,1,0,31,AR-groupA-experiment_gam_diff_corr,A,100,2021-02-12T14:18:14.684483Z
3.63289146460304,-81.5484517406214,-2.2245086240123,-0.498716079569856,3,2,1,0,1,0,32,AR-groupA-experiment_gam_diff_corr,A,100,2021-02-12T14:18:14.684483Z
3.63289127597599,-2.39085905226452,-2.25678413836755,-1.10363216592373,3,2,1,0,1,0,33,AR-groupA-experiment_gam_diff_corr,A,100,2021-02-12T14:18:14.684483Z
3.63289141329945,-1.30900123530378,-1.61821210048037,-0.960914970388455,2,3,1,0,1,0,34,AR-groupA-experiment_gam_diff_corr,A,100,2021-02-12T14:18:14.684483Z
3.63289131686297,32.087050782558,1.71227224046635,-1.36987106334801,1,2,3,0,1,0,35,AR-groupA-experiment_gam_diff_corr,A,100,2021-02-12T14:18:14.684483Z
3.63289125254753,-2.02180055853939,-1.15511543574073,-1.24766427299482,3,1,2,0,1,0,36,AR-groupA-experiment_gam_diff_corr,A,100,2021-02-12T14:18:14.684483Z
3.6328913441339,-9.12071316154217,-2.04244108456566,-0.662436307435144,3,2,1,0,1,0,37,AR-groupA-experiment_gam_diff_corr,A,100,2021-02-12T14:18:14.684483Z
3.63289115190227,-1.78713647914636,1.75854368423117,-1.00395320314282,3,1,2,0,1,0,38,AR-groupA-experiment_gam_diff_corr,A,100,2021-02-12T14:18:14.684483Z
3.63289125908476,-2.65711115839192,18.7000314238761,10.349480829642,3,1,2,0,1,0,39,AR-groupA-experiment_gam_diff_corr,A,100,2021-02-12T14:18:14.684483Z
3.63289133525935,-10.8254258085457,-1.30717339377178,32.9884692524023,3,2,1,0,1,0,40,AR-groupA-experiment_gam_diff_corr,A,100,2021-02-12T14:18:14.684483Z
3.63289119315761,-2.15071262138876,-0.77046433302645,-0.545951779710268,3,2,1,0,1,0,41,AR-groupA-experiment_gam_diff_corr,A,100,2021-02-12T14:18:14.684483Z
3.63289127879979,-18.0958213283837,-1.36519679101747,-2.11739920531537,3,1,2,0,1,0,42,AR-groupA-experiment_gam_diff_corr,A,100,2021-02-12T14:18:14.684483Z
3.63289116593541,77.0366683479262,-3.13733417096561,0.46791250548041,1,3,2,0,1,0,43,AR-groupA-experiment_gam_diff_corr,A,100,2021-02-12T14:18:14.684483Z
3.63289141846085,-1.58157097010138,-3.0937099700115,-1.11849881688324,2,3,1,0,1,0,44,AR-groupA-experiment_gam_diff_corr,A,100,2021-02-12T14:18:14.684483Z
3.63289128374941,-0.178123006281941,28.4993493180044,7.5944455222947,3,1,2,0,1,0,45,AR-groupA-experiment_gam_diff_corr,A,100,2021-02-12T14:18:14.684483Z
3.63289130122581,-4.8466460061505,2.82871042791535,-1.38956924102285,3,1,2,0,1,0,46,AR-groupA-experiment_gam_diff_corr,A,100,2021-02-12T14:18:14.684483Z
3.63289118619899,7.40506703448316,1.69969485361788,-0.762744086547243,1,2,3,0,1,0,47,AR-groupA-experiment_gam_diff_corr,A,100,2021-02-12T14:18:14.684483Z
3.6328912721137,-1.31465923993898,-1.70876731166259,14.9866853445714,2,3,1,0,1,0,48,AR-groupA-experiment_gam_diff_corr,A,100,2021-02-12T14:18:14.684483Z
3.63289131577381,-3.50195403746966,-0.180799111531328,-0.16646131655586,3,2,1,0,1,0,49,AR-groupA-experiment_gam_diff_corr,A,100,2021-02-12T14:18:14.684483Z
3.63289133760016,-1.24185095528504,-2.04577774121789,-0.806552583510508,2,3,1,0,1,0,50,AR-groupA-experiment_gam_diff_corr,A,100,2021-02-12T14:18:14.684483Z
3.63289141100547,-1.54380188586724,-1.99920477401488,0.0187282037163921,2,3,1,0,1,0,51,AR-groupA-experiment_gam_diff_corr,A,100,2021-02-12T14:18:14.684483Z
3.63289127957477,8.67461424542924,-1.31973304513808,9.55928812305489,2,3,1,0,1,0,52,AR-groupA-experiment_gam_diff_corr,A,100,2021-02-12T14:18:14.684483Z
3.63289137994659,-0.983129711593325,-3.80812056087506,-1.81954281842901,1,3,2,0,1,0,53,AR-groupA-experiment_gam_diff_corr,A,100,2021-02-12T14:18:14.684483Z
3.63289136904054,4.91990567635191,63.3186971156578,-0.167676035812541,2,1,3,0,1,0,54,AR-groupA-experiment_gam_diff_corr,A,100,2021-02-12T14:18:14.684483Z
3.63289121125659,0.701684590867343,2.17972616518747,4.84651338134553,3,2,1,0,1,0,55,AR-groupA-experiment_gam_diff_corr,A,100,2021-02-12T14:18:14.684483Z
3.63289133472153,-2.07959119456804,-2.05077096362675,-0.816617365560092,3,2,1,0,1,0,56,AR-groupA-experiment_gam_diff_corr,A,100,2021-02-12T14:18:14.684483Z
3.63289133657245,-2.16415851603013,6.86659437060408,0.0739154328387177,3,1,2,0,1,0,57,AR-groupA-experiment_gam_diff_corr,A,100,2021-02-12T14:18:14.684483Z
3.63289134389624,-2.27434574994138,-1.96000372063761,-1.27003562439585,3,2,1,0,1,0,58,AR-groupA-experiment_gam_diff_corr,A,100,2021-02-12T14:18:14.684483Z
3.63289126169036,-2.50878155582218,20.9083772515005,-0.911510025563008,3,1,2,0,1,0,59,AR-groupA-experiment_gam_diff_corr,A,100,2021-02-12T14:18:14.684483Z
3.6328912701414,-7.26130466818131,-2.08829559759863,2.28463160817414,3,2,1,0,1,0,60,AR-groupA-experiment_gam_diff_corr,A,100,2021-02-12T14:18:14.684483Z
3.63289105206219,-2.00660209632115,-33.6782123453154,-0.992585255302687,2,3,1,0,1,0,61,AR-groupA-experiment_gam_diff_corr,A,100,2021-02-12T14:18:14.684483Z
3.6328914697532,-2.3625773671085,10.3801893406804,-0.469037453142361,3,1,2,0,1,0,62,AR-groupA-experiment_gam_diff_corr,A,100,2021-02-12T14:18:14.684483Z
3.63289124360766,-1.84741895738154,5.1802257183313,-1.06038874127651,3,1,2,0,1,0,63,AR-groupA-experiment_gam_diff_corr,A,100,2021-02-12T14:18:14.684483Z
3.63289142335387,65.7011729534667,-2.84990805319457,-1.11541368986627,1,3,2,0,1,0,64,AR-groupA-experiment_gam_diff_corr,A,100,2021-02-12T14:18:14.684483Z
3.63289143351814,-1.88960147030028,-7.5141741298096,-14.9432911515992,1,2,3,0,1,0,65,AR-groupA-experiment_gam_diff_corr,A,100,2021-02-12T14:18:14.684483Z
3.63289126908808,-9.05130452583329,-17.9857620847426,-1.06655127875525,2,3,1,0,1,0,66,AR-groupA-experiment_gam_diff_corr,A,100,2021-02-12T14:18:14.684483Z
3.63289142104156,2.83307129372747,-2.3141737170231,10.7638752330222,2,3,1,0,1,0,67,AR-groupA-experiment_gam_diff_corr,A,100,2021-02-12T14:18:14.684483Z
3.63289127071795,-1.48883558787052,-16.8942969831878,-1.09598740166157,2,3,1,0,1,0,68,AR-groupA-experiment_gam_diff_corr,A,100,2021-02-12T14:18:14.684483Z
3.63289122390587,15.5581149586174,-2.48094296291972,-2.9313137236688,1,2,3,0,1,0,69,AR-groupA-experiment_gam_diff_corr,A,100,2021-02-12T14:18:14.684483Z
3.63289148524055,-1.85773038710783,-1.55937588673622,-0.498382068636934,3,2,1,0,1,0,70,AR-groupA-experiment_gam_diff_corr,A,100,2021-02-12T14:18:14.684483Z
3.63289127193158,16.9352838327973,2.00552461190952,-4.10215647576407,1,2,3,0,1,0,71,AR-groupA-experiment_gam_diff_corr,A,100,2021-02-12T14:18:14.684483Z
3.63289137752467,-1.98651859924187,-3.58380137726247,-3.96349977643907,1,2,3,0,1,0,72,AR-groupA-experiment_gam_diff_corr,A,100,2021-02-12T14:18:14.684483Z
3.63289124681828,-1.31066668696875,-2.18440828008064,1.68546541550939,2,3,1,0,1,0,73,AR-groupA-experiment_gam_diff_corr,A,100,2021-02-12T14:18:14.684483Z
3.63289137143813,31.9256926667182,-1.55519747235835,-0.678963322849302,1,3,2,0,1,0,74,AR-groupA-experiment_gam_diff_corr,A,100,2021-02-12T14:18:14.684483Z
3.63289141847567,-6.95606132628905,21.700674530009,0.0597917495214997,3,1,2,0,1,0,75,AR-groupA-experiment_gam_diff_corr,A,100,2021-02-12T14:18:14.684483Z
3.6328912990427,-1.43323107162336,-3.48338146084027,-1.00189507423573,2,3,1,0,1,0,76,AR-groupA-experiment_gam_diff_corr,A,100,2021-02-12T14:18:14.684483Z
3.63289123768084,-4.07128416890965,-13.1433783000037,-3.96162386328944,2,3,1,0,1,0,77,AR-groupA-experiment_gam_diff_corr,A,100,2021-02-12T14:18:14.684483Z
3.63289130558424,6.74977490027688,-17.4710686195474,-0.759685116516664,1,3,2,0,1,0,78,AR-groupA-experiment_gam_diff_corr,A,100,2021-02-12T14:18:14.684483Z
3.6328913221902,-1.87886389721991,-0.405968669946681,-0.899914406039896,3,1,2,0,1,0,79,AR-groupA-experiment_gam_diff_corr,A,100,2021-02-12T14:18:14.684483Z
3.63289155018795,-2.22166705325225,-1.69277351565485,-1.28294537586335,3,2,1,0,1,0,80,AR-groupA-experiment_gam_diff_corr,A,100,2021-02-12T14:18:14.684483Z
3.63289112623587,-1.45728930071795,0.806212771926258,-1.16085499398856,3,1,2,0,1,0,81,AR-groupA-experiment_gam_diff_corr,A,100,2021-02-12T14:18:14.684483Z
3.63289127900671,1.39975615071175,-2.03732966487835,1.97487268361597,2,3,1,0,1,0,82,AR-groupA-experiment_gam_diff_corr,A,100,2021-02-12T14:18:14.684483Z
3.63289110951586,-3.38724958435087,-1.4577167064199,-0.438350709524179,3,2,1,0,1,0,83,AR-groupA-experiment_gam_diff_corr,A,100,2021-02-12T14:18:14.684483Z
3.63289130601347,-2.58318807924251,-1.80928547905441,-11.2737479811332,2,1,3,0,1,0,84,AR-groupA-experiment_gam_diff_corr,A,100,2021-02-12T14:18:14.684483Z
3.63289114836411,-0.823583424879903,-1.96423609751797,14.1472119421916,2,3,1,0,1,0,85,AR-groupA-experiment_gam_diff_corr,A,100,2021-02-12T14:18:14.684483Z
3.63289142002864,-0.0169357542702862,-2.26034817777428,3.49084640152125,2,3,1,0,1,0,86,AR-groupA-experiment_gam_diff_corr,A,100,2021-02-12T14:18:14.684483Z
3.63289125715819,-13.4570801060185,6.66587393962695,28.981294841252,3,2,1,0,1,0,87,AR-groupA-experiment_gam_diff_corr,A,100,2021-02-12T14:18:14.684483Z
3.63289116008828,-1.72398112821544,-1.44365483471598,-0.887743825163826,3,2,1,0,1,0,88,AR-groupA-experiment_gam_diff_corr,A,100,2021-02-12T14:18:14.684483Z
3.63289163332866,-5.11080279840281,0.5334731503839,18.9938199662009,3,2,1,0,1,0,89,AR-groupA-experiment_gam_diff_corr,A,100,2021-02-12T14:18:14.684483Z
3.63289118797445,-1.46366244396697,-1.30408749203718,-1.05205378964505,3,2,1,0,1,0,90,AR-groupA-experiment_gam_diff_corr,A,100,2021-02-12T14:18:14.684483Z
3.63289135095361,12.0709902370478,24.221430362093,-0.697880601353973,2,1,3,0,1,0,91,AR-groupA-experiment_gam_diff_corr,A,100,2021-02-12T14:18:14.684483Z
3.63289124885119,3.55210490134682,0.735524483592518,-1.36824642103677,1,2,3,0,1,0,92,AR-groupA-experiment_gam_diff_corr,A,100,2021-02-12T14:18:14.684483Z
3.63289125601556,-1.52734158733919,-2.00944605047698,-4.04054361687965,1,2,3,0,1,0,93,AR-groupA-experiment_gam_diff_corr,A,100,2021-02-12T14:18:14.684483Z
3.63289116885216,-4.10442549455297,-1.85999548678781,2.41433147186698,3,2,1,0,1,0,94,AR-groupA-experiment_gam_diff_corr,A,100,2021-02-12T14:18:14.684483Z
3.63289151178542,-1.67745808894168,-1.80819590432805,4.98027535508525,2,3,1,0,1,0,95,AR-groupA-experiment_gam_diff_corr,A,100,2021-02-12T14:18:14.684483Z
3.63289132347417,16.96683198746,-24.3961388296872,2.37264411669818,1,3,2,0,1,0,96,AR-groupA-experiment_gam_diff_corr,A,100,2021-02-12T14:18:14.684483Z
3.63289122163955,1.65268645921694,20.8114474414805,0.100009057616509,2,1,3,0,1,0,97,AR-groupA-experiment_gam_diff_corr,A,100,2021-02-12T14:18:14.684483Z
3.63289137722615,-1.3633972216996,4.76251998382757,-0.946371527592011,3,1,2,0,1,0,98,AR-groupA-experiment_gam_diff_corr,A,100,2021-02-12T14:18:14.684483Z
3.63289135151863,-1.40539131211508,-2.38957480604656,-0.867257590998492,2,3,1,0,1,0,99,AR-groupA-experiment_gam_diff_corr,A,100,2021-02-12T14:18:14.684483Z
3.63289130350482,4.51804480766296,-1.9053140727806,17.4092907814634,2,3,1,0,1,0,100,AR-groupA-experiment_gam_diff_corr,A,100,2021-02-12T14:18:14.684483Z
5.00288752686004,-1.48929907329683,-16.0911510616204,-0.844068018557242,2,3,1,0.1,1,0,1,AR-groupA-experiment_gam_diff_corr,A,100,2021-02-12T23:24:27.694104Z
5.00288799884721,-3.53010281154385,-3.59067309840591,0.0689002847336312,2,3,1,0.1,1,0,2,AR-groupA-experiment_gam_diff_corr,A,100,2021-02-12T23:24:27.694104Z
5.00288855069155,-4.49379602139761,41.0054231824221,-1.74422045492342,3,1,2,0.1,1,0,3,AR-groupA-experiment_gam_diff_corr,A,100,2021-02-12T23:24:27.694104Z
5.00288827246892,-7.34649063455657,0.498349714026082,6.10425569999876,3,2,1,0.1,1,0,4,AR-groupA-experiment_gam_diff_corr,A,100,2021-02-12T23:24:27.694104Z
5.00288847330979,-3.15236504830066,-3.42725105174292,18.8817805607107,2,3,1,0.1,1,0,5,AR-groupA-experiment_gam_diff_corr,A,100,2021-02-12T23:24:27.694104Z
5.00288855821753,21.2405816173265,0.732864373617211,-2.54123465251885,1,2,3,0.1,1,0,6,AR-groupA-experiment_gam_diff_corr,A,100,2021-02-12T23:24:27.694104Z
5.00288753289854,-19.1618300881458,2.82367194153372,-3.9242482249995,3,1,2,0.1,1,0,7,AR-groupA-experiment_gam_diff_corr,A,100,2021-02-12T23:24:27.694104Z
5.00288955712889,10.823073122268,5.09654570219671,13.1542855546587,2,3,1,0.1,1,0,8,AR-groupA-experiment_gam_diff_corr,A,100,2021-02-12T23:24:27.694104Z
5.00288897349982,13.1123150406519,-3.67684310634392,1.84451359314081,1,3,2,0.1,1,0,9,AR-groupA-experiment_gam_diff_corr,A,100,2021-02-12T23:24:27.694104Z
5.00288796117987,-1.29134276502765,-16.1802920250748,0.0725137176106889,2,3,1,0.1,1,0,10,AR-groupA-experiment_gam_diff_corr,A,100,2021-02-12T23:24:27.694104Z
5.00288792751704,1.87029456329109,-2.13280371848466,-2.6883693271087,1,2,3,0.1,1,0,11,AR-groupA-experiment_gam_diff_corr,A,100,2021-02-12T23:24:27.694104Z
5.00288839367595,-5.09391506288232,9.1306940365536,-1.32098189550458,3,1,2,0.1,1,0,12,AR-groupA-experiment_gam_diff_corr,A,100,2021-02-12T23:24:27.694104Z
5.00288925574868,-2.53964609571128,23.5677310629569,7.03162109404743,3,1,2,0.1,1,0,13,AR-groupA-experiment_gam_diff_corr,A,100,2021-02-12T23:24:27.694104Z
5.00288872210392,-0.821498739874779,14.3542459001338,-1.51888408002332,2,1,3,0.1,1,0,14,AR-groupA-experiment_gam_diff_corr,A,100,2021-02-12T23:24:27.694104Z
5.00288813174354,2.44518851385836,-8.99789113025882,-1.04494319383114,1,3,2,0.1,1,0,15,AR-groupA-experiment_gam_diff_corr,A,100,2021-02-12T23:24:27.694104Z
5.00288753673693,0.381698033502559,-0.751838658969941,-18.0467196578574,1,2,3,0.1,1,0,16,AR-groupA-experiment_gam_diff_corr,A,100,2021-02-12T23:24:27.694104Z
5.00288871286432,-3.19400624871975,4.54885464089786,5.48119063262146,3,2,1,0.1,1,0,17,AR-groupA-experiment_gam_diff_corr,A,100,2021-02-12T23:24:27.694104Z
5.00288843673651,10.4375008229969,1.99499790345244,-3.31872945960397,1,2,3,0.1,1,0,18,AR-groupA-experiment_gam_diff_corr,A,100,2021-02-12T23:24:27.694104Z
5.00288829964727,10.8459056507093,-1.096353534051,-4.62845529681041,1,2,3,0.1,1,0,19,AR-groupA-experiment_gam_diff_corr,A,100,2021-02-12T23:24:27.694104Z
5.00288761922071,-14.1244399775353,-12.0159390549473,1.72359663600577,3,2,1,0.1,1,0,20,AR-groupA-experiment_gam_diff_corr,A,100,2021-02-12T23:24:27.694104Z
5.00288843779198,-0.263603907799545,-3.42709756020078,1.01030278844699,2,3,1,0.1,1,0,21,AR-groupA-experiment_gam_diff_corr,A,100,2021-02-12T23:24:27.694104Z
5.00288771490235,-1.82474407723939,-2.20050054081108,-2.00274798158975,1,3,2,0.1,1,0,22,AR-groupA-experiment_gam_diff_corr,A,100,2021-02-12T23:24:27.694104Z
5.00288780201748,-28.8026361371876,6.77631227609111,-2.01187292444848,3,1,2,0.1,1,0,23,AR-groupA-experiment_gam_diff_corr,A,100,2021-02-12T23:24:27.694104Z
5.00288798516334,-4.74762896845126,-2.00820782915106,0.101499751045453,3,2,1,0.1,1,0,24,AR-groupA-experiment_gam_diff_corr,A,100,2021-02-12T23:24:27.694104Z
5.002888290795,-6.60387771005507,-0.497696393632161,2.52955954230003,3,2,1,0.1,1,0,25,AR-groupA-experiment_gam_diff_corr,A,100,2021-02-12T23:24:27.694104Z
5.00288873767535,2.2712855600918,3.24049963856896,-1.25007164107973,2,1,3,0.1,1,0,26,AR-groupA-experiment_gam_diff_corr,A,100,2021-02-12T23:24:27.694104Z
5.00288842594347,6.48683973264211,-1.03071112620852,-1.66529326823086,1,2,3,0.1,1,0,27,AR-groupA-experiment_gam_diff_corr,A,100,2021-02-12T23:24:27.694104Z
5.00288763174762,-4.2644812270446,-2.13023146495828,-1.9747712512823,3,2,1,0.1,1,0,28,AR-groupA-experiment_gam_diff_corr,A,100,2021-02-12T23:24:27.694104Z
5.00288894221212,30.6807499602616,-3.5682633370165,0.474136464216212,1,3,2,0.1,1,0,29,AR-groupA-experiment_gam_diff_corr,A,100,2021-02-12T23:24:27.694104Z
5.00288771994678,-8.65481203352143,1.43864383712964,-1.7887337458236,3,1,2,0.1,1,0,30,AR-groupA-experiment_gam_diff_corr,A,100,2021-02-12T23:24:27.694104Z
5.00288793991242,0.238628279057624,-0.933095662711212,-3.71261346300244,1,2,3,0.1,1,0,31,AR-groupA-experiment_gam_diff_corr,A,100,2021-02-12T23:24:27.694104Z
5.00288820991118,56.8687634113947,-16.0108795246511,-1.94530781094921,1,3,2,0.1,1,0,32,AR-groupA-experiment_gam_diff_corr,A,100,2021-02-12T23:24:27.694104Z
5.00288845698873,9.05728974951367,-2.78587578498278,-1.95686404009534,1,3,2,0.1,1,0,33,AR-groupA-experiment_gam_diff_corr,A,100,2021-02-12T23:24:27.694104Z
5.00288831783437,-1.09216384423133,-2.2846592444867,-1.58381187994079,1,3,2,0.1,1,0,34,AR-groupA-experiment_gam_diff_corr,A,100,2021-02-12T23:24:27.694104Z
5.00288753045071,-23.1940950084738,2.6168665086417,-2.43946244189489,3,1,2,0.1,1,0,35,AR-groupA-experiment_gam_diff_corr,A,100,2021-02-12T23:24:27.694104Z
5.0028877450459,-2.22299015492557,-2.28218327394809,-1.48427385834275,2,3,1,0.1,1,0,36,AR-groupA-experiment_gam_diff_corr,A,100,2021-02-12T23:24:27.694104Z
5.00288831497255,7.60806369221496,-4.37531812807881,-0.894773675775996,1,3,2,0.1,1,0,37,AR-groupA-experiment_gam_diff_corr,A,100,2021-02-12T23:24:27.694104Z
5.00288766275595,-2.22861008665838,-5.6103218213529,-0.555418933689817,2,3,1,0.1,1,0,38,AR-groupA-experiment_gam_diff_corr,A,100,2021-02-12T23:24:27.694104Z
5.0028877550728,-3.01572391071806,-23.6404385174262,5.07098178382265,2,3,1,0.1,1,0,39,AR-groupA-experiment_gam_diff_corr,A,100,2021-02-12T23:24:27.694104Z
5.00288892668213,1.21884264984521,-9.48962238621002,34.3547217144204,2,3,1,0.1,1,0,40,AR-groupA-experiment_gam_diff_corr,A,100,2021-02-12T23:24:27.694104Z
5.00288790448765,-2.45981040949371,-3.93892019649457,-0.245811850182875,2,3,1,0.1,1,0,41,AR-groupA-experiment_gam_diff_corr,A,100,2021-02-12T23:24:27.694104Z
5.00288769043844,6.64387847922636,-9.31463001173263,-2.91334702197482,1,3,2,0.1,1,0,42,AR-groupA-experiment_gam_diff_corr,A,100,2021-02-12T23:24:27.694104Z
5.00288867853758,-7.87389569345741,60.12480300272,1.66746565546011,3,1,2,0.1,1,0,43,AR-groupA-experiment_gam_diff_corr,A,100,2021-02-12T23:24:27.694104Z
5.00288831861988,-0.32432687654645,2.59353030055962,-2.51759822782279,2,1,3,0.1,1,0,44,AR-groupA-experiment_gam_diff_corr,A,100,2021-02-12T23:24:27.694104Z
5.00288755483813,-24.0721840134315,-5.73409100481466,2.82203708285137,3,2,1,0.1,1,0,45,AR-groupA-experiment_gam_diff_corr,A,100,2021-02-12T23:24:27.694104Z
5.00288742779681,-0.817140494619894,-7.34892478008526,-3.36566930151934,1,3,2,0.1,1,0,46,AR-groupA-experiment_gam_diff_corr,A,100,2021-02-12T23:24:27.694104Z
5.00288769439668,-12.1765410241972,-0.843636686000915,-0.946610665735694,3,1,2,0.1,1,0,47,AR-groupA-experiment_gam_diff_corr,A,100,2021-02-12T23:24:27.694104Z
5.00288858760277,-4.06266828527143,-2.77518982745051,14.9666220592421,3,2,1,0.1,1,0,48,AR-groupA-experiment_gam_diff_corr,A,100,2021-02-12T23:24:27.694104Z
5.00288807316175,-1.78735495063843,-4.36269838891052,-0.0533805122098134,2,3,1,0.1,1,0,49,AR-groupA-experiment_gam_diff_corr,A,100,2021-02-12T23:24:27.694104Z
5.00288804983162,-1.57615565907939,-2.71039777338502,-1.21991279055429,2,3,1,0.1,1,0,50,AR-groupA-experiment_gam_diff_corr,A,100,2021-02-12T23:24:27.694104Z
5.00288835654277,-2.15139513982726,-3.40835917845173,0.534711333638212,2,3,1,0.1,1,0,51,AR-groupA-experiment_gam_diff_corr,A,100,2021-02-12T23:24:27.694104Z
5.00288846676672,-7.27073372431303,-1.26843013919178,8.76762134357926,3,2,1,0.1,1,0,52,AR-groupA-experiment_gam_diff_corr,A,100,2021-02-12T23:24:27.694104Z
5.00288842900851,1.81950749962415,0.337737926779514,-2.98606378520588,1,2,3,0.1,1,0,53,AR-groupA-experiment_gam_diff_corr,A,100,2021-02-12T23:24:27.694104Z
5.00288718438834,-49.6620340329904,-5.01786808105361,-0.729865048911005,3,2,1,0.1,1,0,54,AR-groupA-experiment_gam_diff_corr,A,100,2021-02-12T23:24:27.694104Z
5.00288798767056,-6.95862657472022,-1.99861795424904,3.54600033116411,3,2,1,0.1,1,0,55,AR-groupA-experiment_gam_diff_corr,A,100,2021-02-12T23:24:27.694104Z
5.00288808357412,-1.02954957167026,-1.48942941951204,-1.75983637167917,1,2,3,0.1,1,0,56,AR-groupA-experiment_gam_diff_corr,A,100,2021-02-12T23:24:27.694104Z
5.00288768104873,-5.511270342816,-3.92193317967641,-0.265673871943174,3,2,1,0.1,1,0,57,AR-groupA-experiment_gam_diff_corr,A,100,2021-02-12T23:24:27.694104Z
5.00288842201679,5.40187028731621,-2.80534820513585,-1.53594496632886,1,3,2,0.1,1,0,58,AR-groupA-experiment_gam_diff_corr,A,100,2021-02-12T23:24:27.694104Z
5.0028872270578,-3.24914620319605,-12.6217959073989,-1.10150943881766,2,3,1,0.1,1,0,59,AR-groupA-experiment_gam_diff_corr,A,100,2021-02-12T23:24:27.694104Z
5.00288860792699,7.13225718170034,-4.50886131409154,3.59362722334796,1,3,2,0.1,1,0,60,AR-groupA-experiment_gam_diff_corr,A,100,2021-02-12T23:24:27.694104Z
5.00288902245357,33.8640917824288,10.827892910342,-1.2250490459294,1,2,3,0.1,1,0,61,AR-groupA-experiment_gam_diff_corr,A,100,2021-02-12T23:24:27.694104Z
5.00288754686889,-2.27846405830095,-6.10399224301829,-1.0691914571349,2,3,1,0.1,1,0,62,AR-groupA-experiment_gam_diff_corr,A,100,2021-02-12T23:24:27.694104Z
5.00288735944393,-2.19236871013075,-3.50494341257604,-1.52491302837736,2,3,1,0.1,1,0,63,AR-groupA-experiment_gam_diff_corr,A,100,2021-02-12T23:24:27.694104Z
5.00288834983302,-5.97863364317308,50.8202854765321,-2.17953038479985,3,1,2,0.1,1,0,64,AR-groupA-experiment_gam_diff_corr,A,100,2021-02-12T23:24:27.694104Z
5.00288832367632,7.70299227161609,9.57520135146861,-10.4709122795999,2,1,3,0.1,1,0,65,AR-groupA-experiment_gam_diff_corr,A,100,2021-02-12T23:24:27.694104Z
5.00288881070839,57.2865717877246,-2.23288472190578,-3.36624645363457,1,2,3,0.1,1,0,66,AR-groupA-experiment_gam_diff_corr,A,100,2021-02-12T23:24:27.694104Z
5.00288886103835,-4.45733111263263,0.932274093080581,11.4784480791783,3,2,1,0.1,1,0,67,AR-groupA-experiment_gam_diff_corr,A,100,2021-02-12T23:24:27.694104Z
5.00288899126839,16.6009491384519,6.4830357897188,-1.60468770559919,1,2,3,0.1,1,0,68,AR-groupA-experiment_gam_diff_corr,A,100,2021-02-12T23:24:27.694104Z
5.0028880647865,-2.91909996732996,21.7968470451222,-3.35086820159961,2,1,3,0.1,1,0,69,AR-groupA-experiment_gam_diff_corr,A,100,2021-02-12T23:24:27.694104Z
5.00288802222584,-2.03777930406731,-1.77470758659554,-1.84785986604489,3,1,2,0.1,1,0,70,AR-groupA-experiment_gam_diff_corr,A,100,2021-02-12T23:24:27.694104Z
5.00288721103414,-11.8545725372933,0.924331337027201,-7.80009032261783,3,1,2,0.1,1,0,71,AR-groupA-experiment_gam_diff_corr,A,100,2021-02-12T23:24:27.694104Z
5.00288814252283,0.81788849798483,0.153633875433791,-3.72415624272721,1,2,3,0.1,1,0,72,AR-groupA-experiment_gam_diff_corr,A,100,2021-02-12T23:24:27.694104Z
5.00288836958398,-1.74035153747268,-3.24630057409821,1.90591991449921,2,3,1,0.1,1,0,73,AR-groupA-experiment_gam_diff_corr,A,100,2021-02-12T23:24:27.694104Z
5.00288792941294,-11.4764178449272,7.18490311515862,-1.6202458603317,3,1,2,0.1,1,0,74,AR-groupA-experiment_gam_diff_corr,A,100,2021-02-12T23:24:27.694104Z
5.00288755090189,-0.702869686581098,-36.5137493661052,-0.701220853260047,2,3,1,0.1,1,0,75,AR-groupA-experiment_gam_diff_corr,A,100,2021-02-12T23:24:27.694104Z
5.00288837684107,-1.73684309446867,4.39340842386335,-2.30324137398716,2,1,3,0.1,1,0,76,AR-groupA-experiment_gam_diff_corr,A,100,2021-02-12T23:24:27.694104Z
5.0028884250179,33.0508243435348,-0.290262633436072,-3.22525912429532,1,2,3,0.1,1,0,77,AR-groupA-experiment_gam_diff_corr,A,100,2021-02-12T23:24:27.694104Z
5.00288883107222,-1.64594888443931,44.9099626385568,-2.19363272326114,2,1,3,0.1,1,0,78,AR-groupA-experiment_gam_diff_corr,A,100,2021-02-12T23:24:27.694104Z
5.00288758162995,-2.91433593319505,-1.29988029061298,-2.26380346915716,3,1,2,0.1,1,0,79,AR-groupA-experiment_gam_diff_corr,A,100,2021-02-12T23:24:27.694104Z
5.00288809485384,-1.33011934909822,-1.95844013172233,-2.15535956900475,1,2,3,0.1,1,0,80,AR-groupA-experiment_gam_diff_corr,A,100,2021-02-12T23:24:27.694104Z
5.00288752294354,-1.64606615335822,-3.5981871942329,-1.51719803687377,2,3,1,0.1,1,0,81,AR-groupA-experiment_gam_diff_corr,A,100,2021-02-12T23:24:27.694104Z
5.00288841180705,-3.88694213268742,-0.413547793351483,2.08145167967136,3,2,1,0.1,1,0,82,AR-groupA-experiment_gam_diff_corr,A,100,2021-02-12T23:24:27.694104Z
5.00288771012387,-0.152221567377673,-5.49009858285295,-0.884031008239954,1,3,2,0.1,1,0,83,AR-groupA-experiment_gam_diff_corr,A,100,2021-02-12T23:24:27.694104Z
5.00288739683543,0.499962975319479,-1.86089486180902,-14.0481117784088,1,2,3,0.1,1,0,84,AR-groupA-experiment_gam_diff_corr,A,100,2021-02-12T23:24:27.694104Z
5.00288849432469,-3.15946005752447,-3.83712262990854,14.8680097671834,2,3,1,0.1,1,0,85,AR-groupA-experiment_gam_diff_corr,A,100,2021-02-12T23:24:27.694104Z
5.00288888738572,-3.74659306774788,0.484275299514684,5.43581137771515,3,2,1,0.1,1,0,86,AR-groupA-experiment_gam_diff_corr,A,100,2021-02-12T23:24:27.694104Z
5.00288816341881,-2.61269797351637,-41.730311570573,19.4713898888711,2,3,1,0.1,1,0,87,AR-groupA-experiment_gam_diff_corr,A,100,2021-02-12T23:24:27.694104Z
5.00288808097291,-2.54718245079262,-1.22392830444414,-1.66214091530742,3,1,2,0.1,1,0,88,AR-groupA-experiment_gam_diff_corr,A,100,2021-02-12T23:24:27.694104Z
5.00288869927881,-2.42470539229099,-10.8682266608859,14.845233425925,2,3,1,0.1,1,0,89,AR-groupA-experiment_gam_diff_corr,A,100,2021-02-12T23:24:27.694104Z
5.00288794637285,-1.52422569710563,-2.57279349312886,-1.35602204242718,2,3,1,0.1,1,0,90,AR-groupA-experiment_gam_diff_corr,A,100,2021-02-12T23:24:27.694104Z
5.00288719421469,-30.078284766512,-1.0444317749825,-1.82926155108744,3,1,2,0.1,1,0,91,AR-groupA-experiment_gam_diff_corr,A,100,2021-02-12T23:24:27.694104Z
5.00288744100066,-5.3355106511634,-0.332905078248757,-2.74357275412107,3,1,2,0.1,1,0,92,AR-groupA-experiment_gam_diff_corr,A,100,2021-02-12T23:24:27.694104Z
5.00288775761294,1.07824002449417,-1.94802230261264,-5.58400950794604,1,2,3,0.1,1,0,93,AR-groupA-experiment_gam_diff_corr,A,100,2021-02-12T23:24:27.694104Z
5.00288827865907,-1.11041154721151,-3.66352397092017,2.77637515873775,2,3,1,0.1,1,0,94,AR-groupA-experiment_gam_diff_corr,A,100,2021-02-12T23:24:27.694104Z
5.00288876369718,-3.55571666877235,-2.06271355580687,5.0814923231858,3,2,1,0.1,1,0,95,AR-groupA-experiment_gam_diff_corr,A,100,2021-02-12T23:24:27.694104Z
5.00288958028845,-3.8744970363797,65.4962458727477,10.2906109760881,3,1,2,0.1,1,0,96,AR-groupA-experiment_gam_diff_corr,A,100,2021-02-12T23:24:27.694104Z
5.00288737970957,-20.9222857356984,-2.15845218849203,-0.377076728812424,3,2,1,0.1,1,0,97,AR-groupA-experiment_gam_diff_corr,A,100,2021-02-12T23:24:27.694104Z
5.00288770079179,-5.82451259754154,-1.57573230613138,-1.1952175606441,3,2,1,0.1,1,0,98,AR-groupA-experiment_gam_diff_corr,A,100,2021-02-12T23:24:27.694104Z
5.00288860877362,-1.73966522191171,-0.934494894336563,-0.755900729508296,3,2,1,0.1,1,0,99,AR-groupA-experiment_gam_diff_corr,A,100,2021-02-12T23:24:27.694104Z
5.00288851459541,-8.68854939242892,-2.28680985249464,14.5628908916716,3,2,1,0.1,1,0,100,AR-groupA-experiment_gam_diff_corr,A,100,2021-02-12T23:24:27.694104Z
4.85860085649954,0.695621096456623,-15.9012110373935,-1.82014284040867,1,3,2,0.3,1,0,1,AR-groupA-experiment_gam_diff_corr,A,100,2021-02-13T08:17:56.376387Z
4.8586016082185,-4.09423163662888,-5.05592086497789,0.291015808541617,2,3,1,0.3,1,0,2,AR-groupA-experiment_gam_diff_corr,A,100,2021-02-13T08:17:56.376387Z
4.85860448318401,-7.35888646873849,36.5399482352363,-1.66377682859496,3,1,2,0.3,1,0,3,AR-groupA-experiment_gam_diff_corr,A,100,2021-02-13T08:17:56.376387Z
4.85860313525754,-8.85570002613653,-1.03750919828889,5.86468022329822,3,2,1,0.3,1,0,4,AR-groupA-experiment_gam_diff_corr,A,100,2021-02-13T08:17:56.376387Z
4.85860386591782,-5.28267592938582,-4.42901770424902,15.5333458488436,3,2,1,0.3,1,0,5,AR-groupA-experiment_gam_diff_corr,A,100,2021-02-13T08:17:56.376387Z
4.85860530101142,25.9450729327161,3.08230920357703,-2.86021806202239,1,2,3,0.3,1,0,6,AR-groupA-experiment_gam_diff_corr,A,100,2021-02-13T08:17:56.376387Z
4.85860090941664,-15.8081485823548,5.84300174026034,-6.40095396682857,3,1,2,0.3,1,0,7,AR-groupA-experiment_gam_diff_corr,A,100,2021-02-13T08:17:56.376387Z
4.85860778531346,11.1030307979293,3.64844975511315,27.7502991748676,2,3,1,0.3,1,0,8,AR-groupA-experiment_gam_diff_corr,A,100,2021-02-13T08:17:56.376387Z
4.85860562949481,11.9454270693123,-5.70878243705154,6.157461205897,1,3,2,0.3,1,0,9,AR-groupA-experiment_gam_diff_corr,A,100,2021-02-13T08:17:56.376387Z
4.85860163476238,-0.326641455832294,-16.9086953232817,-0.0475171319906123,2,3,1,0.3,1,0,10,AR-groupA-experiment_gam_diff_corr,A,100,2021-02-13T08:17:56.376387Z
4.85860297638216,5.99346732436084,-2.45787948511448,-3.47730558231056,1,2,3,0.3,1,0,11,AR-groupA-experiment_gam_diff_corr,A,100,2021-02-13T08:17:56.376387Z
4.85860342081285,-6.81168211898722,9.41898690350563,-0.79122522675948,3,1,2,0.3,1,0,12,AR-groupA-experiment_gam_diff_corr,A,100,2021-02-13T08:17:56.376387Z
4.8586066229596,-5.34640924297416,22.7881186479204,15.8619751557292,3,1,2,0.3,1,0,13,AR-groupA-experiment_gam_diff_corr,A,100,2021-02-13T08:17:56.376387Z
4.8586052427162,0.0502697364630143,15.6082205656043,-1.3313927730625,2,1,3,0.3,1,0,14,AR-groupA-experiment_gam_diff_corr,A,100,2021-02-13T08:17:56.376387Z
4.8586024738622,2.27839883448275,-9.56938505032998,-0.812054148669069,1,3,2,0.3,1,0,15,AR-groupA-experiment_gam_diff_corr,A,100,2021-02-13T08:17:56.376387Z
4.85860182115741,2.93077586527128,0.494273242617306,-14.8585668862501,1,2,3,0.3,1,0,16,AR-groupA-experiment_gam_diff_corr,A,100,2021-02-13T08:17:56.376387Z
4.85860455218688,-6.57448513421062,3.35713267710912,7.90011847453839,3,2,1,0.3,1,0,17,AR-groupA-experiment_gam_diff_corr,A,100,2021-02-13T08:17:56.376387Z
4.85860446978999,16.6875518926075,5.93271829136761,-4.43344174218469,1,2,3,0.3,1,0,18,AR-groupA-experiment_gam_diff_corr,A,100,2021-02-13T08:17:56.376387Z
4.858603969569,16.7494350166824,0.734824112467401,-5.40817939362984,1,2,3,0.3,1,0,19,AR-groupA-experiment_gam_diff_corr,A,100,2021-02-13T08:17:56.376387Z
4.85860030103176,-18.925750828581,-17.492093967874,1.39522980396378,3,2,1,0.3,1,0,20,AR-groupA-experiment_gam_diff_corr,A,100,2021-02-13T08:17:56.376387Z
4.85860371883861,-0.141891055714714,-5.00606267857996,2.28505144859548,2,3,1,0.3,1,0,21,AR-groupA-experiment_gam_diff_corr,A,100,2021-02-13T08:17:56.376387Z
4.85860129834364,-0.895555193087538,-2.13268689859025,-3.55062196477985,1,2,3,0.3,1,0,22,AR-groupA-experiment_gam_diff_corr,A,100,2021-02-13T08:17:56.376387Z
4.85860142525933,-23.8090494079558,7.03077145748606,-3.11875901040532,3,1,2,0.3,1,0,23,AR-groupA-experiment_gam_diff_corr,A,100,2021-02-13T08:17:56.376387Z
4.85860200617522,-6.17423688124612,-1.8407823666386,0.208564577932188,3,2,1,0.3,1,0,24,AR-groupA-experiment_gam_diff_corr,A,100,2021-02-13T08:17:56.376387Z
4.85860295035723,-9.28650390015589,-0.926122865728138,2.18831774934085,3,2,1,0.3,1,0,25,AR-groupA-experiment_gam_diff_corr,A,100,2021-02-13T08:17:56.376387Z
4.85860496784404,1.51107522167188,4.33416093632386,-0.308045412500871,2,1,3,0.3,1,0,26,AR-groupA-experiment_gam_diff_corr,A,100,2021-02-13T08:17:56.376387Z
4.85860414288359,6.94272968089514,-0.357705839095809,-2.41856083132717,1,2,3,0.3,1,0,27,AR-groupA-experiment_gam_diff_corr,A,100,2021-02-13T08:17:56.376387Z
4.85860137010341,-3.65585668856394,-0.539426752163897,-2.99759006943252,3,1,2,0.3,1,0,28,AR-groupA-experiment_gam_diff_corr,A,100,2021-02-13T08:17:56.376387Z
4.85860561794936,28.6667872613712,-6.81194345014881,3.71905328835077,1,3,2,0.3,1,0,29,AR-groupA-experiment_gam_diff_corr,A,100,2021-02-13T08:17:56.376387Z
4.85860173821918,-7.20488414483259,1.51116075674408,-1.92900662469395,3,1,2,0.3,1,0,30,AR-groupA-experiment_gam_diff_corr,A,100,2021-02-13T08:17:56.376387Z
4.85860300967748,3.26281924553873,-0.262298616949934,-4.02503678840266,1,2,3,0.3,1,0,31,AR-groupA-experiment_gam_diff_corr,A,100,2021-02-13T08:17:56.376387Z
4.85860342951222,51.8684133924085,-12.9503499047494,-3.24513465319989,1,3,2,0.3,1,0,32,AR-groupA-experiment_gam_diff_corr,A,100,2021-02-13T08:17:56.376387Z
4.85860410970676,7.3239801164228,-4.35364495394843,-1.19244978329668,1,3,2,0.3,1,0,33,AR-groupA-experiment_gam_diff_corr,A,100,2021-02-13T08:17:56.376387Z
4.85860321060882,0.201006665751262,-2.7652703806108,-1.08247625043987,1,3,2,0.3,1,0,34,AR-groupA-experiment_gam_diff_corr,A,100,2021-02-13T08:17:56.376387Z
4.85860102183807,-18.9265193802629,3.62169513268048,-4.16253716408453,3,1,2,0.3,1,0,35,AR-groupA-experiment_gam_diff_corr,A,100,2021-02-13T08:17:56.376387Z
4.85860184311659,-2.08585099020867,-2.1197074321752,-1.68634285035899,2,3,1,0.3,1,0,36,AR-groupA-experiment_gam_diff_corr,A,100,2021-02-13T08:17:56.376387Z
4.8586033561614,5.79755315858748,-5.84022432007482,-0.419078704773051,1,3,2,0.3,1,0,37,AR-groupA-experiment_gam_diff_corr,A,100,2021-02-13T08:17:56.376387Z
4.85860148968355,-2.08059808329767,-5.40791756895002,-0.659093814874919,2,3,1,0.3,1,0,38,AR-groupA-experiment_gam_diff_corr,A,100,2021-02-13T08:17:56.376387Z
4.85860094335323,-3.55783548131026,-28.5047648825782,2.63554104809914,2,3,1,0.3,1,0,39,AR-groupA-experiment_gam_diff_corr,A,100,2021-02-13T08:17:56.376387Z
4.85860467551967,-1.19486426085969,-13.2449053957831,26.9395062572984,2,3,1,0.3,1,0,40,AR-groupA-experiment_gam_diff_corr,A,100,2021-02-13T08:17:56.376387Z
4.85860218258375,-1.76285004038837,-4.42336818507721,-0.0557450511823142,2,3,1,0.3,1,0,41,AR-groupA-experiment_gam_diff_corr,A,100,2021-02-13T08:17:56.376387Z
4.8586018818103,7.74452180388425,-7.53418386112003,-4.73632286309743,1,3,2,0.3,1,0,42,AR-groupA-experiment_gam_diff_corr,A,100,2021-02-13T08:17:56.376387Z
4.85860520663485,-11.1986105083271,48.5494641747896,5.07984535483216,3,1,2,0.3,1,0,43,AR-groupA-experiment_gam_diff_corr,A,100,2021-02-13T08:17:56.376387Z
4.85860381374253,1.06911567864492,5.45520773358384,-3.30863352770665,2,1,3,0.3,1,0,44,AR-groupA-experiment_gam_diff_corr,A,100,2021-02-13T08:17:56.376387Z
4.85860027546612,-28.5562916978819,-7.93139673171572,1.77229458820888,3,2,1,0.3,1,0,45,AR-groupA-experiment_gam_diff_corr,A,100,2021-02-13T08:17:56.376387Z
4.85860090975691,1.16922360608587,-7.53553386482258,-5.39941735086519,1,3,2,0.3,1,0,46,AR-groupA-experiment_gam_diff_corr,A,100,2021-02-13T08:17:56.376387Z
4.85860160321285,-10.0430179259433,0.515737078116736,-0.840920519999762,3,1,2,0.3,1,0,47,AR-groupA-experiment_gam_diff_corr,A,100,2021-02-13T08:17:56.376387Z
4.85860373617224,-6.28456078914664,-4.35200797137222,11.6350061120448,3,2,1,0.3,1,0,48,AR-groupA-experiment_gam_diff_corr,A,100,2021-02-13T08:17:56.376387Z
4.85860236764629,-1.27820330159612,-6.64611118177733,0.411358154383791,2,3,1,0.3,1,0,49,AR-groupA-experiment_gam_diff_corr,A,100,2021-02-13T08:17:56.376387Z
4.85860253744867,-1.56169948310593,-2.73289762752304,-1.43244189325139,2,3,1,0.3,1,0,50,AR-groupA-experiment_gam_diff_corr,A,100,2021-02-13T08:17:56.376387Z
4.85860309310341,-2.1356259612506,-3.68176277439545,0.763968088169475,2,3,1,0.3,1,0,51,AR-groupA-experiment_gam_diff_corr,A,100,2021-02-13T08:17:56.376387Z
4.85860343080429,-10.2069656381789,-1.40871736151165,7.68763609979609,3,2,1,0.3,1,0,52,AR-groupA-experiment_gam_diff_corr,A,100,2021-02-13T08:17:56.376387Z
4.85860412555792,5.02292920104244,5.33956192368976,-3.85462808477723,2,1,3,0.3,1,0,53,AR-groupA-experiment_gam_diff_corr,A,100,2021-02-13T08:17:56.376387Z
4.85859910504308,-57.5281745914286,-6.02113097503652,-1.07816289431885,3,2,1,0.3,1,0,54,AR-groupA-experiment_gam_diff_corr,A,100,2021-02-13T08:17:56.376387Z
4.85860210619586,-8.86283406220701,-1.98156870785014,2.51090721203974,3,2,1,0.3,1,0,55,AR-groupA-experiment_gam_diff_corr,A,100,2021-02-13T08:17:56.376387Z
4.85860288115974,-0.364110436478796,-2.06115501201668,-2.76905665197154,1,2,3,0.3,1,0,56,AR-groupA-experiment_gam_diff_corr,A,100,2021-02-13T08:17:56.376387Z
4.8586011017778,-5.33287580692259,-8.20979860177036,-0.0347004546728797,2,3,1,0.3,1,0,57,AR-groupA-experiment_gam_diff_corr,A,100,2021-02-13T08:17:56.376387Z
4.85860385183181,5.50837980181978,-4.25882250939609,-1.0615294307048,1,3,2,0.3,1,0,58,AR-groupA-experiment_gam_diff_corr,A,100,2021-02-13T08:17:56.376387Z
4.85859995889735,-3.24752803238455,-15.6246799129565,-1.83384353243363,2,3,1,0.3,1,0,59,AR-groupA-experiment_gam_diff_corr,A,100,2021-02-13T08:17:56.376387Z
4.85860416692459,4.82358561836733,-6.97918828187934,5.42090880965212,2,3,1,0.3,1,0,60,AR-groupA-experiment_gam_diff_corr,A,100,2021-02-13T08:17:56.376387Z
4.85860728141554,40.828648987707,17.1325815565086,2.37869419056381,1,2,3,0.3,1,0,61,AR-groupA-experiment_gam_diff_corr,A,100,2021-02-13T08:17:56.376387Z
4.85860063968251,-2.81802134997333,-7.38704128148497,-2.51407107627021,2,3,1,0.3,1,0,62,AR-groupA-experiment_gam_diff_corr,A,100,2021-02-13T08:17:56.376387Z
4.8586006726534,-2.00603451790911,-3.51446913686344,-3.69820192325286,1,2,3,0.3,1,0,63,AR-groupA-experiment_gam_diff_corr,A,100,2021-02-13T08:17:56.376387Z
4.85860401814089,-7.58205852240667,47.7842436026592,-3.59070735348776,3,1,2,0.3,1,0,64,AR-groupA-experiment_gam_diff_corr,A,100,2021-02-13T08:17:56.376387Z
4.85860439083271,12.2582759586523,17.3630771556137,-8.17994739184384,2,1,3,0.3,1,0,65,AR-groupA-experiment_gam_diff_corr,A,100,2021-02-13T08:17:56.376387Z
4.85860606037167,60.8191247930879,-4.05360767897122,-3.66614244745884,1,3,2,0.3,1,0,66,AR-groupA-experiment_gam_diff_corr,A,100,2021-02-13T08:17:56.376387Z
4.85860447119055,-6.68264515980861,-0.86544885834832,12.1419602869956,3,2,1,0.3,1,0,67,AR-groupA-experiment_gam_diff_corr,A,100,2021-02-13T08:17:56.376387Z
4.85860629309073,19.0237707954215,8.55655188396224,1.17704892839929,1,2,3,0.3,1,0,68,AR-groupA-experiment_gam_diff_corr,A,100,2021-02-13T08:17:56.376387Z
4.85860356923798,-4.12452707147954,23.9880755112562,-4.56982233072487,2,1,3,0.3,1,0,69,AR-groupA-experiment_gam_diff_corr,A,100,2021-02-13T08:17:56.376387Z
4.85860232028809,-1.90134583421447,-1.23763969109541,-2.39386468621969,2,1,3,0.3,1,0,70,AR-groupA-experiment_gam_diff_corr,A,100,2021-02-13T08:17:56.376387Z
4.85860047512863,-9.75213246823352,3.27882203530185,-10.8889480380572,2,1,3,0.3,1,0,71,AR-groupA-experiment_gam_diff_corr,A,100,2021-02-13T08:17:56.376387Z
4.8586034157773,2.97183689403219,2.950166372235,-4.62705782383257,1,2,3,0.3,1,0,72,AR-groupA-experiment_gam_diff_corr,A,100,2021-02-13T08:17:56.376387Z
4.85860345121633,-2.06065739215718,-4.58155441949597,3.09919740013051,2,3,1,0.3,1,0,73,AR-groupA-experiment_gam_diff_corr,A,100,2021-02-13T08:17:56.376387Z
4.85860223320877,-10.7793584148842,8.02226566543505,-1.96210193472899,3,1,2,0.3,1,0,74,AR-groupA-experiment_gam_diff_corr,A,100,2021-02-13T08:17:56.376387Z
4.85860031276409,0.495969309462181,-34.9468381879983,-0.505651872620282,1,3,2,0.3,1,0,75,AR-groupA-experiment_gam_diff_corr,A,100,2021-02-13T08:17:56.376387Z
4.85860407520827,-1.30338023698536,7.12429723122253,-2.94073056127241,2,1,3,0.3,1,0,76,AR-groupA-experiment_gam_diff_corr,A,100,2021-02-13T08:17:56.376387Z
4.85860499217506,40.3714930603171,1.82070816277896,-5.12446587092236,1,2,3,0.3,1,0,77,AR-groupA-experiment_gam_diff_corr,A,100,2021-02-13T08:17:56.376387Z
4.85860603578779,-1.17135003717419,50.0460095365845,-2.41218982255112,2,1,3,0.3,1,0,78,AR-groupA-experiment_gam_diff_corr,A,100,2021-02-13T08:17:56.376387Z
4.85860137184654,-2.05715277858238,-0.393747803319967,-4.09467006499251,2,1,3,0.3,1,0,79,AR-groupA-experiment_gam_diff_corr,A,100,2021-02-13T08:17:56.376387Z
4.85860255083479,0.0206828232894949,-1.57112506454884,-3.32535436082612,1,2,3,0.3,1,0,80,AR-groupA-experiment_gam_diff_corr,A,100,2021-02-13T08:17:56.376387Z
4.85860135210827,-0.707544125927905,-3.71319147028541,-1.77536029102268,1,3,2,0.3,1,0,81,AR-groupA-experiment_gam_diff_corr,A,100,2021-02-13T08:17:56.376387Z
4.85860353288116,-5.05112457413103,-0.928745534446583,3.2274469645141,3,2,1,0.3,1,0,82,AR-groupA-experiment_gam_diff_corr,A,100,2021-02-13T08:17:56.376387Z
4.85860194416663,0.172086760648117,-5.65810351567053,-1.1769921021535,1,3,2,0.3,1,0,83,AR-groupA-experiment_gam_diff_corr,A,100,2021-02-13T08:17:56.376387Z
4.85860128547962,4.29264384147487,-1.28760358590359,-13.6404134302556,1,2,3,0.3,1,0,84,AR-groupA-experiment_gam_diff_corr,A,100,2021-02-13T08:17:56.376387Z
4.85860378900748,-5.92178745645027,-4.09221926425473,12.0804382769749,3,2,1,0.3,1,0,85,AR-groupA-experiment_gam_diff_corr,A,100,2021-02-13T08:17:56.376387Z
4.85860474301394,-5.79160237422939,-0.320889477468761,7.43423208517418,3,2,1,0.3,1,0,86,AR-groupA-experiment_gam_diff_corr,A,100,2021-02-13T08:17:56.376387Z
4.85860200515512,-1.48046408746247,-50.3706146529936,9.43678007755693,2,3,1,0.3,1,0,87,AR-groupA-experiment_gam_diff_corr,A,100,2021-02-13T08:17:56.376387Z
4.85860313675082,-2.16555316652068,-0.814265968333929,-1.70701347125126,3,1,2,0.3,1,0,88,AR-groupA-experiment_gam_diff_corr,A,100,2021-02-13T08:17:56.376387Z
4.85860318879936,-2.04734311898195,-15.2927550088161,9.185080216753,2,3,1,0.3,1,0,89,AR-groupA-experiment_gam_diff_corr,A,100,2021-02-13T08:17:56.376387Z
4.85860248170237,-0.751092465467688,-3.40841519400775,-0.834783230120696,1,3,2,0.3,1,0,90,AR-groupA-experiment_gam_diff_corr,A,100,2021-02-13T08:17:56.376387Z
4.85859971927879,-28.2351298499356,1.03830194225468,-4.85291922305325,3,1,2,0.3,1,0,91,AR-groupA-experiment_gam_diff_corr,A,100,2021-02-13T08:17:56.376387Z
4.85860110936786,-4.79493627509831,1.21329811706395,-4.90609613708422,2,1,3,0.3,1,0,92,AR-groupA-experiment_gam_diff_corr,A,100,2021-02-13T08:17:56.376387Z
4.85860244628146,2.21237581551296,-1.37419105302778,-6.08479846765793,1,2,3,0.3,1,0,93,AR-groupA-experiment_gam_diff_corr,A,100,2021-02-13T08:17:56.376387Z
4.85860327413517,-1.51034146453867,-6.0229756884991,3.50475893077961,2,3,1,0.3,1,0,94,AR-groupA-experiment_gam_diff_corr,A,100,2021-02-13T08:17:56.376387Z
4.85860398028481,-4.91340511071018,-3.20820204916524,6.20910774000533,3,2,1,0.3,1,0,95,AR-groupA-experiment_gam_diff_corr,A,100,2021-02-13T08:17:56.376387Z
4.85860832025572,-8.95936743598265,61.8039156019179,25.2035637935989,3,1,2,0.3,1,0,96,AR-groupA-experiment_gam_diff_corr,A,100,2021-02-13T08:17:56.376387Z
4.85860022874965,-23.8244682670061,-1.61695223819778,0.104851689747074,3,2,1,0.3,1,0,97,AR-groupA-experiment_gam_diff_corr,A,100,2021-02-13T08:17:56.376387Z
4.85860118597425,-5.91034475434558,-1.9370822017031,-1.06842534151993,3,2,1,0.3,1,0,98,AR-groupA-experiment_gam_diff_corr,A,100,2021-02-13T08:17:56.376387Z
4.85860426454415,-1.83648388793983,-0.895635909747449,0.104987748707635,3,2,1,0.3,1,0,99,AR-groupA-experiment_gam_diff_corr,A,100,2021-02-13T08:17:56.376387Z
4.85860338576149,-12.4829477914939,-2.62490183798997,11.8082223935086,3,2,1,0.3,1,0,100,AR-groupA-experiment_gam_diff_corr,A,100,2021-02-13T08:17:56.376387Z
4.72624777751163,1.62025234422195,-13.2413334582035,-3.58473896195087,1,3,2,0.7,1,0,1,AR-groupA-experiment_gam_diff_corr,A,100,2021-02-13T17:11:32.945577Z
4.72624859720523,-4.62940571215349,-5.35647919901558,-0.743583178572728,2,3,1,0.7,1,0,2,AR-groupA-experiment_gam_diff_corr,A,100,2021-02-13T17:11:32.945577Z
4.72625476932566,-8.58997992643182,24.1188440389833,-1.25926274440735,3,1,2,0.7,1,0,3,AR-groupA-experiment_gam_diff_corr,A,100,2021-02-13T17:11:32.945577Z
4.72625092462058,-6.33821728589833,-1.47022159414211,0.842140703457679,3,2,1,0.7,1,0,4,AR-groupA-experiment_gam_diff_corr,A,100,2021-02-13T17:11:32.945577Z
4.72625185877838,-4.32261918414737,-4.05717099810057,4.82947610920987,3,2,1,0.7,1,0,5,AR-groupA-experiment_gam_diff_corr,A,100,2021-02-13T17:11:32.945577Z
4.72625952584978,28.8793602877442,6.92436114659765,2.08002331731971,1,2,3,0.7,1,0,6,AR-groupA-experiment_gam_diff_corr,A,100,2021-02-13T17:11:32.945577Z
4.72624819295588,-8.543280958289,3.33665774454758,-6.42291345374685,3,1,2,0.7,1,0,7,AR-groupA-experiment_gam_diff_corr,A,100,2021-02-13T17:11:32.945577Z
4.72626699687675,11.1369028495775,2.36236157294553,46.4486418548472,2,3,1,0.7,1,0,8,AR-groupA-experiment_gam_diff_corr,A,100,2021-02-13T17:11:32.945577Z
4.72625744620802,11.1843005978694,-5.79995081839721,12.3491191530955,2,3,1,0.7,1,0,9,AR-groupA-experiment_gam_diff_corr,A,100,2021-02-13T17:11:32.945577Z
4.72624863033238,0.410611637552801,-11.2436587154945,-0.687890767709436,1,3,2,0.7,1,0,10,AR-groupA-experiment_gam_diff_corr,A,100,2021-02-13T17:11:32.945577Z
4.72625202811907,1.73244894815779,-2.21668433548027,-3.16612750807746,1,2,3,0.7,1,0,11,AR-groupA-experiment_gam_diff_corr,A,100,2021-02-13T17:11:32.945577Z
4.72625177607858,-4.61275666156258,3.47450064474789,-1.19434075344403,3,1,2,0.7,1,0,12,AR-groupA-experiment_gam_diff_corr,A,100,2021-02-13T17:11:32.945577Z
4.72626185814116,-8.7113849693273,23.4225164345031,26.6044338827151,3,2,1,0.7,1,0,13,AR-groupA-experiment_gam_diff_corr,A,100,2021-02-13T17:11:32.945577Z
4.72625793944555,4.81598635032303,19.1538204297997,2.55267636836945,2,1,3,0.7,1,0,14,AR-groupA-experiment_gam_diff_corr,A,100,2021-02-13T17:11:32.945577Z
4.72625027973523,0.0593168159652334,-5.30094192502061,-1.32927649224965,1,3,2,0.7,1,0,15,AR-groupA-experiment_gam_diff_corr,A,100,2021-02-13T17:11:32.945577Z
4.72625070155783,1.18600835456104,-0.102332678064474,-5.85761632509045,1,2,3,0.7,1,0,16,AR-groupA-experiment_gam_diff_corr,A,100,2021-02-13T17:11:32.945577Z
4.72625363710896,-6.32452787605657,-0.0484493539178739,6.55268608298175,3,2,1,0.7,1,0,17,AR-groupA-experiment_gam_diff_corr,A,100,2021-02-13T17:11:32.945577Z
4.72625637117705,17.7775997208088,9.90198304487486,-5.45552135080248,1,2,3,0.7,1,0,18,AR-groupA-experiment_gam_diff_corr,A,100,2021-02-13T17:11:32.945577Z
4.72625478557709,16.6076661944751,2.67421956834782,-5.77284302109018,1,2,3,0.7,1,0,19,AR-groupA-experiment_gam_diff_corr,A,100,2021-02-13T17:11:32.945577Z
4.72624293770253,-28.4732956383107,-23.9590509178341,0.996487720019973,3,2,1,0.7,1,0,20,AR-groupA-experiment_gam_diff_corr,A,100,2021-02-13T17:11:32.945577Z
4.72625212303748,-0.697111842115383,-3.91795596485482,1.28352721971868,2,3,1,0.7,1,0,21,AR-groupA-experiment_gam_diff_corr,A,100,2021-02-13T17:11:32.945577Z
4.72624904937806,-0.932585609628797,-1.99199821234195,-3.78150051301282,1,2,3,0.7,1,0,22,AR-groupA-experiment_gam_diff_corr,A,100,2021-02-13T17:11:32.945577Z
4.72624860013498,-13.2835521961686,3.21950436713566,-3.35891737571002,3,1,2,0.7,1,0,23,AR-groupA-experiment_gam_diff_corr,A,100,2021-02-13T17:11:32.945577Z
4.72624949594279,-4.62737547208755,-1.69601989910767,-0.963149178930541,3,2,1,0.7,1,0,24,AR-groupA-experiment_gam_diff_corr,A,100,2021-02-13T17:11:32.945577Z
4.72625065649947,-4.49183551763339,-1.09273409735003,-0.0943884897038351,3,2,1,0.7,1,0,25,AR-groupA-experiment_gam_diff_corr,A,100,2021-02-13T17:11:32.945577Z
4.72625627788533,4.54260543847449,4.30766826838511,3.5527276884746,1,2,3,0.7,1,0,26,AR-groupA-experiment_gam_diff_corr,A,100,2021-02-13T17:11:32.945577Z
4.72625427179425,8.07667218274424,0.843092471669653,-2.23786259386754,1,2,3,0.7,1,0,27,AR-groupA-experiment_gam_diff_corr,A,100,2021-02-13T17:11:32.945577Z
4.72624918759723,-3.27295059558524,-0.460224676399973,-3.63316200291518,2,1,3,0.7,1,0,28,AR-groupA-experiment_gam_diff_corr,A,100,2021-02-13T17:11:32.945577Z
4.72625789623863,23.9513850268291,-8.96801547047572,9.0367343964796,1,3,2,0.7,1,0,29,AR-groupA-experiment_gam_diff_corr,A,100,2021-02-13T17:11:32.945577Z
4.72624970875007,-5.09277531150668,0.185749278915315,-2.29786739059212,3,1,2,0.7,1,0,30,AR-groupA-experiment_gam_diff_corr,A,100,2021-02-13T17:11:32.945577Z
4.72625202961283,1.7513878047911,-0.398268175026061,-3.29851692448272,1,2,3,0.7,1,0,31,AR-groupA-experiment_gam_diff_corr,A,100,2021-02-13T17:11:32.945577Z
4.72625286916448,23.1269870041651,-7.08944081324321,-4.00704524010922,1,3,2,0.7,1,0,32,AR-groupA-experiment_gam_diff_corr,A,100,2021-02-13T17:11:32.945577Z
4.72625356591397,5.38208999115353,-3.83271508829128,0.122357061323587,1,3,2,0.7,1,0,33,AR-groupA-experiment_gam_diff_corr,A,100,2021-02-13T17:11:32.945577Z
4.72625149281594,-1.22058769984705,-2.61337682954971,-1.36025082198759,1,3,2,0.7,1,0,34,AR-groupA-experiment_gam_diff_corr,A,100,2021-02-13T17:11:32.945577Z
4.72624827598414,-10.91016564047,2.47002464886478,-4.45306561294527,3,1,2,0.7,1,0,35,AR-groupA-experiment_gam_diff_corr,A,100,2021-02-13T17:11:32.945577Z
4.72624995555326,-1.84269935772252,-1.89770401026987,-2.30523183764481,1,2,3,0.7,1,0,36,AR-groupA-experiment_gam_diff_corr,A,100,2021-02-13T17:11:32.945577Z
4.7262517270275,2.05244361615231,-4.58024959810212,-1.18488729558923,1,3,2,0.7,1,0,37,AR-groupA-experiment_gam_diff_corr,A,100,2021-02-13T17:11:32.945577Z
4.72624911405199,-2.81414833740722,-4.35777997210636,-1.27619816547959,2,3,1,0.7,1,0,38,AR-groupA-experiment_gam_diff_corr,A,100,2021-02-13T17:11:32.945577Z
4.72624562736779,-6.70716855477866,-29.2631063488622,2.73338842045017,2,3,1,0.7,1,0,39,AR-groupA-experiment_gam_diff_corr,A,100,2021-02-13T17:11:32.945577Z
4.72625268345364,-3.40386558626655,-8.34448279737917,9.73585137213599,2,3,1,0.7,1,0,40,AR-groupA-experiment_gam_diff_corr,A,100,2021-02-13T17:11:32.945577Z
4.7262501065339,-1.31584972015353,-3.44252626252374,-1.08237514850619,2,3,1,0.7,1,0,41,AR-groupA-experiment_gam_diff_corr,A,100,2021-02-13T17:11:32.945577Z
4.72625015459872,1.5935276187525,-4.13912673757612,-3.33473061034842,1,3,2,0.7,1,0,42,AR-groupA-experiment_gam_diff_corr,A,100,2021-02-13T17:11:32.945577Z
4.72625660225568,-13.3338018992342,29.5886492796694,6.05249065769597,3,1,2,0.7,1,0,43,AR-groupA-experiment_gam_diff_corr,A,100,2021-02-13T17:11:32.945577Z
4.72625371667372,2.31317040030858,6.58706941080164,-3.55865692985458,2,1,3,0.7,1,0,44,AR-groupA-experiment_gam_diff_corr,A,100,2021-02-13T17:11:32.945577Z
4.72624343080483,-34.7106504150046,-15.6127923801495,2.63759667152732,3,2,1,0.7,1,0,45,AR-groupA-experiment_gam_diff_corr,A,100,2021-02-13T17:11:32.945577Z
4.72624843522784,1.44367989564521,-4.71065144666243,-5.8811385428839,1,2,3,0.7,1,0,46,AR-groupA-experiment_gam_diff_corr,A,100,2021-02-13T17:11:32.945577Z
4.72624927256236,-6.74081306741468,-0.324280685190442,-1.49078893417181,3,1,2,0.7,1,0,47,AR-groupA-experiment_gam_diff_corr,A,100,2021-02-13T17:11:32.945577Z
4.72625150151891,-4.57503054466086,-3.57407431241988,3.16616228084793,3,2,1,0.7,1,0,48,AR-groupA-experiment_gam_diff_corr,A,100,2021-02-13T17:11:32.945577Z
4.72625010830151,-1.48599034870846,-4.42342592007569,-0.963381365519784,2,3,1,0.7,1,0,49,AR-groupA-experiment_gam_diff_corr,A,100,2021-02-13T17:11:32.945577Z
4.72625064571861,-1.66642745280353,-2.22531500674733,-1.7376536382916,1,3,2,0.7,1,0,50,AR-groupA-experiment_gam_diff_corr,A,100,2021-02-13T17:11:32.945577Z
4.72625104831241,-2.01119674934219,-2.71825693165796,-0.486443237359708,2,3,1,0.7,1,0,51,AR-groupA-experiment_gam_diff_corr,A,100,2021-02-13T17:11:32.945577Z
4.72625107880899,-6.00775517092022,-1.78217419204015,1.79142269965069,3,2,1,0.7,1,0,52,AR-groupA-experiment_gam_diff_corr,A,100,2021-02-13T17:11:32.945577Z
4.72625421410602,5.66639511099252,6.52086342236379,-3.65111166699652,2,1,3,0.7,1,0,53,AR-groupA-experiment_gam_diff_corr,A,100,2021-02-13T17:11:32.945577Z
4.72623775091807,-65.5940834358372,-11.5812029964337,-8.43219796889011,3,2,1,0.7,1,0,54,AR-groupA-experiment_gam_diff_corr,A,100,2021-02-13T17:11:32.945577Z
4.72624944170918,-6.99995487286698,-2.13501739634741,0.134560974405608,3,2,1,0.7,1,0,55,AR-groupA-experiment_gam_diff_corr,A,100,2021-02-13T17:11:32.945577Z
4.72625134650783,-1.09803106773495,-2.04730029914455,-2.12398014937015,1,2,3,0.7,1,0,56,AR-groupA-experiment_gam_diff_corr,A,100,2021-02-13T17:11:32.945577Z
4.72624795588862,-4.86365626245198,-8.86581503447074,-1.29520205397613,2,3,1,0.7,1,0,57,AR-groupA-experiment_gam_diff_corr,A,100,2021-02-13T17:11:32.945577Z
4.72625280756884,4.46348306117483,-4.09165771147498,-0.904098975019407,1,3,2,0.7,1,0,58,AR-groupA-experiment_gam_diff_corr,A,100,2021-02-13T17:11:32.945577Z
4.72624474528112,-5.26892878146357,-18.1893532792009,-6.49767423123704,1,3,2,0.7,1,0,59,AR-groupA-experiment_gam_diff_corr,A,100,2021-02-13T17:11:32.945577Z
4.72625275608694,1.23799406731231,-6.01313490229895,3.64814511088906,2,3,1,0.7,1,0,60,AR-groupA-experiment_gam_diff_corr,A,100,2021-02-13T17:11:32.945577Z
4.7262698963608,53.8278635009908,26.798719254194,20.2475529999895,1,2,3,0.7,1,0,61,AR-groupA-experiment_gam_diff_corr,A,100,2021-02-13T17:11:32.945577Z
4.72624703224072,-2.18284240009938,-6.83477863310498,-5.42552914755075,1,3,2,0.7,1,0,62,AR-groupA-experiment_gam_diff_corr,A,100,2021-02-13T17:11:32.945577Z
4.72624783406367,-1.70548100211596,-3.69682922546896,-5.56232211816883,1,2,3,0.7,1,0,63,AR-groupA-experiment_gam_diff_corr,A,100,2021-02-13T17:11:32.945577Z
4.72625425172022,-7.86424217891,27.5370566335054,-4.20307588284612,3,1,2,0.7,1,0,64,AR-groupA-experiment_gam_diff_corr,A,100,2021-02-13T17:11:32.945577Z
4.72625707448374,17.3012182736584,22.7767274474337,-9.25890474526949,2,1,3,0.7,1,0,65,AR-groupA-experiment_gam_diff_corr,A,100,2021-02-13T17:11:32.945577Z
4.72626236819419,60.2284728076728,-1.94551931546992,-0.373053598988054,1,3,2,0.7,1,0,66,AR-groupA-experiment_gam_diff_corr,A,100,2021-02-13T17:11:32.945577Z
4.72625280407433,-5.78266807895575,-2.26166444224939,6.84020679723306,3,2,1,0.7,1,0,67,AR-groupA-experiment_gam_diff_corr,A,100,2021-02-13T17:11:32.945577Z
4.7262624383645,25.1989364564362,14.557908927135,11.4094638232098,1,2,3,0.7,1,0,68,AR-groupA-experiment_gam_diff_corr,A,100,2021-02-13T17:11:32.945577Z
4.72625361870638,-3.85749479761104,15.8271121606681,-4.70011036395615,2,1,3,0.7,1,0,69,AR-groupA-experiment_gam_diff_corr,A,100,2021-02-13T17:11:32.945577Z
4.72625049177445,-1.45581247663836,-1.38837454765901,-2.38027800593003,2,1,3,0.7,1,0,70,AR-groupA-experiment_gam_diff_corr,A,100,2021-02-13T17:11:32.945577Z
4.72624783449614,-5.17533205304329,3.04778695586955,-9.6248369482408,2,1,3,0.7,1,0,71,AR-groupA-experiment_gam_diff_corr,A,100,2021-02-13T17:11:32.945577Z
4.72625308891915,4.83548402846899,3.42043336249972,-4.29601479479572,1,2,3,0.7,1,0,72,AR-groupA-experiment_gam_diff_corr,A,100,2021-02-13T17:11:32.945577Z
4.72625158495834,-2.13214622878036,-3.8255749260126,0.912346294818915,2,3,1,0.7,1,0,73,AR-groupA-experiment_gam_diff_corr,A,100,2021-02-13T17:11:32.945577Z
4.72625033482511,-5.03366917498696,1.42184979844781,-2.25672955986988,3,1,2,0.7,1,0,74,AR-groupA-experiment_gam_diff_corr,A,100,2021-02-13T17:11:32.945577Z
4.72624467188806,0.516900867766791,-37.1986840238796,-1.93060300445364,1,3,2,0.7,1,0,75,AR-groupA-experiment_gam_diff_corr,A,100,2021-02-13T17:11:32.945577Z
4.72625405399813,0.586641719346923,6.37959221441515,-2.11271740422472,2,1,3,0.7,1,0,76,AR-groupA-experiment_gam_diff_corr,A,100,2021-02-13T17:11:32.945577Z
4.72625898263207,41.7626364217014,4.79430597223174,-6.91869105259975,1,2,3,0.7,1,0,77,AR-groupA-experiment_gam_diff_corr,A,100,2021-02-13T17:11:32.945577Z
4.72626250536112,1.44020003164855,52.4385551051989,3.46108261009548,3,1,2,0.7,1,0,78,AR-groupA-experiment_gam_diff_corr,A,100,2021-02-13T17:11:32.945577Z
4.72624945155062,-1.48120162304433,-0.51218099616579,-4.12390332073737,2,1,3,0.7,1,0,79,AR-groupA-experiment_gam_diff_corr,A,100,2021-02-13T17:11:32.945577Z
4.72625088365924,-0.675931339958056,-1.60346908400566,-2.73164191474704,1,2,3,0.7,1,0,80,AR-groupA-experiment_gam_diff_corr,A,100,2021-02-13T17:11:32.945577Z
4.72624923677007,-0.953673412284797,-3.3628113568875,-2.46340475190859,1,3,2,0.7,1,0,81,AR-groupA-experiment_gam_diff_corr,A,100,2021-02-13T17:11:32.945577Z
4.726251693108,-3.85809795375021,-1.59488977975856,0.776375473723409,3,2,1,0.7,1,0,82,AR-groupA-experiment_gam_diff_corr,A,100,2021-02-13T17:11:32.945577Z
4.72625005791302,-0.535766824046269,-3.28357439343495,-1.60698565139702,1,3,2,0.7,1,0,83,AR-groupA-experiment_gam_diff_corr,A,100,2021-02-13T17:11:32.945577Z
4.72624970986948,1.15372225844595,-1.41046354644679,-7.09987077296306,1,2,3,0.7,1,0,84,AR-groupA-experiment_gam_diff_corr,A,100,2021-02-13T17:11:32.945577Z
4.7262517902341,-4.59609433143475,-3.4390041631251,3.8331119430257,3,2,1,0.7,1,0,85,AR-groupA-experiment_gam_diff_corr,A,100,2021-02-13T17:11:32.945577Z
4.72625380468683,-6.33283058629503,-0.683733044110823,6.30399458125963,3,2,1,0.7,1,0,86,AR-groupA-experiment_gam_diff_corr,A,100,2021-02-13T17:11:32.945577Z
4.72624728016248,-0.552027945676038,-38.4125627673048,3.45774302232322,2,3,1,0.7,1,0,87,AR-groupA-experiment_gam_diff_corr,A,100,2021-02-13T17:11:32.945577Z
4.7262517806624,-2.07583017889364,-0.78356521308039,-1.68632679247787,3,1,2,0.7,1,0,88,AR-groupA-experiment_gam_diff_corr,A,100,2021-02-13T17:11:32.945577Z
4.72625004017091,-1.73406026776257,-8.47383699411844,1.74535723268729,2,3,1,0.7,1,0,89,AR-groupA-experiment_gam_diff_corr,A,100,2021-02-13T17:11:32.945577Z
4.72625062483579,-1.44941766000539,-2.7627025657151,-1.43187428781241,2,3,1,0.7,1,0,90,AR-groupA-experiment_gam_diff_corr,A,100,2021-02-13T17:11:32.945577Z
4.72624347973805,-30.6706633919271,2.39190529703063,-12.214354246936,3,1,2,0.7,1,0,91,AR-groupA-experiment_gam_diff_corr,A,100,2021-02-13T17:11:32.945577Z
4.72624900567636,-3.0662068834716,0.826032060000934,-4.99077244413623,2,1,3,0.7,1,0,92,AR-groupA-experiment_gam_diff_corr,A,100,2021-02-13T17:11:32.945577Z
4.72625136175307,2.08791414460841,-1.27680775232902,-3.63044117142271,1,2,3,0.7,1,0,93,AR-groupA-experiment_gam_diff_corr,A,100,2021-02-13T17:11:32.945577Z
4.72625132533215,-1.58495977543688,-3.62854071540103,0.560509866982769,2,3,1,0.7,1,0,94,AR-groupA-experiment_gam_diff_corr,A,100,2021-02-13T17:11:32.945577Z
4.72625197177859,-4.35386990174456,-2.85889721569353,2.76615010096736,3,2,1,0.7,1,0,95,AR-groupA-experiment_gam_diff_corr,A,100,2021-02-13T17:11:32.945577Z
4.72627048456947,-14.7327627200055,56.6894167525571,47.6969800154658,3,1,2,0.7,1,0,96,AR-groupA-experiment_gam_diff_corr,A,100,2021-02-13T17:11:32.945577Z
4.72624499049978,-25.7539634384687,-3.29671800433202,-1.15370822201864,3,2,1,0.7,1,0,97,AR-groupA-experiment_gam_diff_corr,A,100,2021-02-13T17:11:32.945577Z
4.72624839824561,-5.39842060950528,-1.97031665684311,-2.56210565483534,3,1,2,0.7,1,0,98,AR-groupA-experiment_gam_diff_corr,A,100,2021-02-13T17:11:32.945577Z
4.72625349062471,-1.05808949891488,-0.975358298589291,1.76183047842042,3,2,1,0.7,1,0,99,AR-groupA-experiment_gam_diff_corr,A,100,2021-02-13T17:11:32.945577Z
4.72625082536393,-6.30938263513549,-2.50423648505818,2.34232547934848,3,2,1,0.7,1,0,100,AR-groupA-experiment_gam_diff_corr,A,100,2021-02-13T17:11:32.945577Z
4.60740949385844,-3.12784953148718,-4.58724154269891,-6.12317038612015,1,2,3,0.9,1,0,1,AR-groupA-experiment_gam_diff_corr,A,100,2021-02-14T02:02:59.893244Z
4.60740960065618,-2.54424238469365,-3.02690718645095,-5.92060679893536,1,2,3,0.9,1,0,2,AR-groupA-experiment_gam_diff_corr,A,100,2021-02-14T02:02:59.893244Z
4.60741420225227,1.37194913155153,2.85892036100885,-1.3104861118131,2,1,3,0.9,1,0,3,AR-groupA-experiment_gam_diff_corr,A,100,2021-02-14T02:02:59.893244Z
4.60741168281344,-1.58885445952532,-1.60717269205136,-1.59251522447394,1,3,2,0.9,1,0,4,AR-groupA-experiment_gam_diff_corr,A,100,2021-02-14T02:02:59.893244Z
4.60741168051857,-1.77701134081817,-1.57541000545582,-1.83914243629782,2,1,3,0.9,1,0,5,AR-groupA-experiment_gam_diff_corr,A,100,2021-02-14T02:02:59.893244Z
4.60742665641964,13.8743701123591,11.5919347468888,21.9857016562279,2,3,1,0.9,1,0,6,AR-groupA-experiment_gam_diff_corr,A,100,2021-02-14T02:02:59.893244Z
4.60741114417384,-2.58084739964149,-3.5078260721503,-1.54939551297233,2,3,1,0.9,1,0,7,AR-groupA-experiment_gam_diff_corr,A,100,2021-02-14T02:02:59.893244Z
4.6074325680703,31.1816890004421,17.4672782891919,22.2027239152397,1,3,2,0.9,1,0,8,AR-groupA-experiment_gam_diff_corr,A,100,2021-02-14T02:02:59.893244Z
4.60741805519588,7.86236285118331,7.79603906298909,1.84892475987886,1,2,3,0.9,1,0,9,AR-groupA-experiment_gam_diff_corr,A,100,2021-02-14T02:02:59.893244Z
4.60741042485436,-3.30341060206729,-2.38345800290783,-3.23543133967508,3,1,2,0.9,1,0,10,AR-groupA-experiment_gam_diff_corr,A,100,2021-02-14T02:02:59.893244Z
4.60741258409532,-1.06039070889509,-1.31143528408684,-0.291682422162891,2,3,1,0.9,1,0,11,AR-groupA-experiment_gam_diff_corr,A,100,2021-02-14T02:02:59.893244Z
4.6074118099629,-2.02671362025582,-1.65648262667075,-1.71838727252487,3,1,2,0.9,1,0,12,AR-groupA-experiment_gam_diff_corr,A,100,2021-02-14T02:02:59.893244Z
4.60742446294694,23.5506500323222,19.7454270037624,1.27734167837738,1,2,3,0.9,1,0,13,AR-groupA-experiment_gam_diff_corr,A,100,2021-02-14T02:02:59.893244Z
4.60742150116259,9.17666926693493,14.0549257580882,7.17536440808115,2,1,3,0.9,1,0,14,AR-groupA-experiment_gam_diff_corr,A,100,2021-02-14T02:02:59.893244Z
4.60741166597218,-1.8053412064923,-1.70329477781081,-1.91176012734622,2,1,3,0.9,1,0,15,AR-groupA-experiment_gam_diff_corr,A,100,2021-02-14T02:02:59.893244Z
4.60741184268243,-1.43303609672186,-1.88417653777847,-1.21117228923212,2,3,1,0.9,1,0,16,AR-groupA-experiment_gam_diff_corr,A,100,2021-02-14T02:02:59.893244Z
4.60741268486966,-0.58705252833273,0.931534921495568,-1.6651661111978,2,1,3,0.9,1,0,17,AR-groupA-experiment_gam_diff_corr,A,100,2021-02-14T02:02:59.893244Z
4.60741951517209,9.56874240579704,7.00066700021833,6.35326271733886,1,2,3,0.9,1,0,18,AR-groupA-experiment_gam_diff_corr,A,100,2021-02-14T02:02:59.893244Z
4.6074166298186,2.37045119028024,3.51764715379589,5.34417354541865,3,2,1,0.9,1,0,19,AR-groupA-experiment_gam_diff_corr,A,100,2021-02-14T02:02:59.893244Z
4.60739643670667,-17.23143761798,-16.1672676457861,-26.7065652370739,2,1,3,0.9,1,0,20,AR-groupA-experiment_gam_diff_corr,A,100,2021-02-14T02:02:59.893244Z
4.60741196787617,-1.68789323370088,-2.12097312301458,-1.5650973773824,2,3,1,0.9,1,0,21,AR-groupA-experiment_gam_diff_corr,A,100,2021-02-14T02:02:59.893244Z
4.60741125654902,-2.36137932790117,-2.48733775308014,-1.72762304799793,2,3,1,0.9,1,0,22,AR-groupA-experiment_gam_diff_corr,A,100,2021-02-14T02:02:59.893244Z
4.60741117933298,-1.95847019557526,-3.27222790305589,-2.47614417145183,1,3,2,0.9,1,0,23,AR-groupA-experiment_gam_diff_corr,A,100,2021-02-14T02:02:59.893244Z
4.60741108222406,-1.60671245795459,-1.41202924882743,-3.71737048436464,2,1,3,0.9,1,0,24,AR-groupA-experiment_gam_diff_corr,A,100,2021-02-14T02:02:59.893244Z
4.60741166862547,-1.69527061527865,-1.75943389648962,-1.81534746580832,1,2,3,0.9,1,0,25,AR-groupA-experiment_gam_diff_corr,A,100,2021-02-14T02:02:59.893244Z
4.6074181082256,6.86384540396039,8.53347840289692,2.4128342712009,2,1,3,0.9,1,0,26,AR-groupA-experiment_gam_diff_corr,A,100,2021-02-14T02:02:59.893244Z
4.60741532952723,4.66777969880783,2.07687888625892,0.769243201073884,1,2,3,0.9,1,0,27,AR-groupA-experiment_gam_diff_corr,A,100,2021-02-14T02:02:59.893244Z
4.60741117961413,-1.82651698352841,-1.25307635221043,-2.75835259070844,2,1,3,0.9,1,0,28,AR-groupA-experiment_gam_diff_corr,A,100,2021-02-14T02:02:59.893244Z
4.6074194635485,4.06184709357522,4.9645947662261,10.4157894060572,3,2,1,0.9,1,0,29,AR-groupA-experiment_gam_diff_corr,A,100,2021-02-14T02:02:59.893244Z
4.60741148964128,-1.31206671860334,-1.70844080855977,-2.49381575853407,1,2,3,0.9,1,0,30,AR-groupA-experiment_gam_diff_corr,A,100,2021-02-14T02:02:59.893244Z
4.60741249994612,-0.294943777961782,-1.5741002373179,-0.766275187240671,1,3,2,0.9,1,0,31,AR-groupA-experiment_gam_diff_corr,A,100,2021-02-14T02:02:59.893244Z
4.60741209202877,-0.701918419155419,-1.35485552223982,-1.53105054301585,1,2,3,0.9,1,0,32,AR-groupA-experiment_gam_diff_corr,A,100,2021-02-14T02:02:59.893244Z
4.60741375757439,-0.0585169122952314,0.820453256902944,0.130004528757302,3,1,2,0.9,1,0,33,AR-groupA-experiment_gam_diff_corr,A,100,2021-02-14T02:02:59.893244Z
4.60741187878394,-1.98095139067687,-2.17761180851563,-1.39064995866316,2,3,1,0.9,1,0,34,AR-groupA-experiment_gam_diff_corr,A,100,2021-02-14T02:02:59.893244Z
4.60741091614897,-2.09640869999862,-3.26907746473584,-2.60122194893798,1,3,2,0.9,1,0,35,AR-groupA-experiment_gam_diff_corr,A,100,2021-02-14T02:02:59.893244Z
4.60741164926891,-1.67945333829577,-2.18103212385983,-2.00711262203723,1,3,2,0.9,1,0,36,AR-groupA-experiment_gam_diff_corr,A,100,2021-02-14T02:02:59.893244Z
4.60741192930002,-2.07234564801318,-1.97362947121515,-0.880944981169178,3,2,1,0.9,1,0,37,AR-groupA-experiment_gam_diff_corr,A,100,2021-02-14T02:02:59.893244Z
4.60741095926035,-2.06438456074343,-2.83635841165998,-2.45065217436188,1,3,2,0.9,1,0,38,AR-groupA-experiment_gam_diff_corr,A,100,2021-02-14T02:02:59.893244Z
4.6074037839319,-7.11503477685387,-11.5076559241956,-15.9511320134454,1,2,3,0.9,1,0,39,AR-groupA-experiment_gam_diff_corr,A,100,2021-02-14T02:02:59.893244Z
4.60741169867388,-1.54276665031235,-1.56686716285171,-1.6985947896266,1,2,3,0.9,1,0,40,AR-groupA-experiment_gam_diff_corr,A,100,2021-02-14T02:02:59.893244Z
4.60741162255367,-1.48273350664377,-1.73150230936277,-1.82215687683897,1,2,3,0.9,1,0,41,AR-groupA-experiment_gam_diff_corr,A,100,2021-02-14T02:02:59.893244Z
4.60741167052903,-1.53068025870032,-1.72753345823657,-1.76244337745328,1,2,3,0.9,1,0,42,AR-groupA-experiment_gam_diff_corr,A,100,2021-02-14T02:02:59.893244Z
4.60741520035711,2.3492255827652,4.25460359755215,2.67360252341736,3,1,2,0.9,1,0,43,AR-groupA-experiment_gam_diff_corr,A,100,2021-02-14T02:02:59.893244Z
4.60741458677532,4.22667516128284,4.39147522637196,-1.77552302700286,2,1,3,0.9,1,0,44,AR-groupA-experiment_gam_diff_corr,A,100,2021-02-14T02:02:59.893244Z
4.60739958522912,-15.0164833925694,-21.6653491994611,-14.3823456550041,2,3,1,0.9,1,0,45,AR-groupA-experiment_gam_diff_corr,A,100,2021-02-14T02:02:59.893244Z
4.60741089648099,-2.35956251135601,-2.87025879987142,-2.79182077132524,1,3,2,0.9,1,0,46,AR-groupA-experiment_gam_diff_corr,A,100,2021-02-14T02:02:59.893244Z
4.60741129913704,-2.05962632416952,-3.05201392938759,-1.57476997921985,2,3,1,0.9,1,0,47,AR-groupA-experiment_gam_diff_corr,A,100,2021-02-14T02:02:59.893244Z
4.60741166772873,-1.84696293753743,-1.62553872996138,-1.893471190106,2,1,3,0.9,1,0,48,AR-groupA-experiment_gam_diff_corr,A,100,2021-02-14T02:02:59.893244Z
4.60741151523176,-1.41150342794093,-1.41813637944846,-2.29703904822138,1,2,3,0.9,1,0,49,AR-groupA-experiment_gam_diff_corr,A,100,2021-02-14T02:02:59.893244Z
4.60741168259156,-1.78216553127112,-1.73151327285054,-1.62894414331315,3,2,1,0.9,1,0,50,AR-groupA-experiment_gam_diff_corr,A,100,2021-02-14T02:02:59.893244Z
4.60741169188594,-1.74931461741525,-2.12370880597684,-1.74691354681681,2,3,1,0.9,1,0,51,AR-groupA-experiment_gam_diff_corr,A,100,2021-02-14T02:02:59.893244Z
4.60741166339264,-1.74423578686714,-1.70314513930528,-1.74405427792636,3,1,2,0.9,1,0,52,AR-groupA-experiment_gam_diff_corr,A,100,2021-02-14T02:02:59.893244Z
4.60741621143664,0.93403171198419,-1.94950211492171,9.47949285134814,2,3,1,0.9,1,0,53,AR-groupA-experiment_gam_diff_corr,A,100,2021-02-14T02:02:59.893244Z
4.6073874372227,-47.826798031851,-38.7038832689392,-12.7001429092168,3,2,1,0.9,1,0,54,AR-groupA-experiment_gam_diff_corr,A,100,2021-02-14T02:02:59.893244Z
4.60741118173912,-2.79064971049848,-2.65672556985836,-1.54189508292626,3,2,1,0.9,1,0,55,AR-groupA-experiment_gam_diff_corr,A,100,2021-02-14T02:02:59.893244Z
4.60741191407339,-2.23055164707367,-1.83871871330593,-1.31508260083565,3,2,1,0.9,1,0,56,AR-groupA-experiment_gam_diff_corr,A,100,2021-02-14T02:02:59.893244Z
4.60740907915277,-5.72297473330831,-3.43797596020385,-5.54564397634462,3,1,2,0.9,1,0,57,AR-groupA-experiment_gam_diff_corr,A,100,2021-02-14T02:02:59.893244Z
4.60741301303587,-0.416530521243443,-2.11771665774346,1.0674729425129,2,3,1,0.9,1,0,58,AR-groupA-experiment_gam_diff_corr,A,100,2021-02-14T02:02:59.893244Z
4.60740321957107,-14.8072931264763,-7.06342311312428,-13.5111888083652,3,1,2,0.9,1,0,59,AR-groupA-experiment_gam_diff_corr,A,100,2021-02-14T02:02:59.893244Z
4.60741206613523,-0.986025649886757,-0.795710364044162,-1.80000229459453,2,1,3,0.9,1,0,60,AR-groupA-experiment_gam_diff_corr,A,100,2021-02-14T02:02:59.893244Z
4.60744727387192,40.446379478188,43.4332420340735,39.4789532495682,2,1,3,0.9,1,0,61,AR-groupA-experiment_gam_diff_corr,A,100,2021-02-14T02:02:59.893244Z
4.60740780592822,-8.11984371203518,-3.00247592065359,-7.16685453780405,3,1,2,0.9,1,0,62,AR-groupA-experiment_gam_diff_corr,A,100,2021-02-14T02:02:59.893244Z
4.60740975457232,-4.9693327554804,-3.8098423732084,-3.13959010684545,3,2,1,0.9,1,0,63,AR-groupA-experiment_gam_diff_corr,A,100,2021-02-14T02:02:59.893244Z
4.60741368376287,-1.95735956518642,2.68993583305456,0.893560928594416,3,1,2,0.9,1,0,64,AR-groupA-experiment_gam_diff_corr,A,100,2021-02-14T02:02:59.893244Z
4.60742082881094,15.3642189902568,6.4121043055846,6.66268592311875,1,3,2,0.9,1,0,65,AR-groupA-experiment_gam_diff_corr,A,100,2021-02-14T02:02:59.893244Z
4.60743094947589,14.1082557670211,21.8852043119875,28.9664054025803,3,2,1,0.9,1,0,66,AR-groupA-experiment_gam_diff_corr,A,100,2021-02-14T02:02:59.893244Z
4.60741188169706,-1.49959016150865,-1.26290479279723,-1.61630415289903,2,1,3,0.9,1,0,67,AR-groupA-experiment_gam_diff_corr,A,100,2021-02-14T02:02:59.893244Z
4.60743050538909,19.8841993218116,17.6728381787676,23.5859913931613,2,3,1,0.9,1,0,68,AR-groupA-experiment_gam_diff_corr,A,100,2021-02-14T02:02:59.893244Z
4.60741389095736,-0.388980090895966,5.12392216855146,0.199511387289474,3,1,2,0.9,1,0,69,AR-groupA-experiment_gam_diff_corr,A,100,2021-02-14T02:02:59.893244Z
4.60741168487876,-1.58942917176524,-1.64873938438,-1.59467489993256,1,3,2,0.9,1,0,70,AR-groupA-experiment_gam_diff_corr,A,100,2021-02-14T02:02:59.893244Z
4.60741097079718,-2.727834000942,-2.67020864371722,-2.8422586222887,2,1,3,0.9,1,0,71,AR-groupA-experiment_gam_diff_corr,A,100,2021-02-14T02:02:59.893244Z
4.60741405467108,-0.311912604146409,0.742662507891478,1.83447521989608,3,2,1,0.9,1,0,72,AR-groupA-experiment_gam_diff_corr,A,100,2021-02-14T02:02:59.893244Z
4.6074117484642,-1.49635785110772,-1.74668029086763,-1.72534737710434,1,3,2,0.9,1,0,73,AR-groupA-experiment_gam_diff_corr,A,100,2021-02-14T02:02:59.893244Z
4.60741166200298,-1.86763450592144,-1.44510587848416,-1.78607967277724,3,1,2,0.9,1,0,74,AR-groupA-experiment_gam_diff_corr,A,100,2021-02-14T02:02:59.893244Z
4.60740267054022,-10.4501218415828,-8.34680630432926,-18.0735047807241,2,1,3,0.9,1,0,75,AR-groupA-experiment_gam_diff_corr,A,100,2021-02-14T02:02:59.893244Z
4.60741480621351,4.28440727140691,3.27960833528451,-0.540137884383284,1,2,3,0.9,1,0,76,AR-groupA-experiment_gam_diff_corr,A,100,2021-02-14T02:02:59.893244Z
4.60742636552125,5.13463354375426,10.3553445924835,30.191060432754,3,2,1,0.9,1,0,77,AR-groupA-experiment_gam_diff_corr,A,100,2021-02-14T02:02:59.893244Z
4.60743020888389,26.6279367219455,22.8717371769423,14.9539053830221,1,2,3,0.9,1,0,78,AR-groupA-experiment_gam_diff_corr,A,100,2021-02-14T02:02:59.893244Z
4.60741154193926,-1.5412739183805,-1.98860761070697,-2.06665315873021,1,2,3,0.9,1,0,79,AR-groupA-experiment_gam_diff_corr,A,100,2021-02-14T02:02:59.893244Z
4.60741175851452,-1.92662173252259,-1.74405867553473,-1.48211277387596,3,2,1,0.9,1,0,80,AR-groupA-experiment_gam_diff_corr,A,100,2021-02-14T02:02:59.893244Z
4.60741122016793,-2.77481670994185,-1.32803506998918,-2.32118472071105,3,1,2,0.9,1,0,81,AR-groupA-experiment_gam_diff_corr,A,100,2021-02-14T02:02:59.893244Z
4.60741176101895,-1.50627502885342,-1.68706347057497,-1.69271300899653,1,2,3,0.9,1,0,82,AR-groupA-experiment_gam_diff_corr,A,100,2021-02-14T02:02:59.893244Z
4.60741166067566,-1.84757752217307,-1.75621256668648,-1.66882234243884,3,2,1,0.9,1,0,83,AR-groupA-experiment_gam_diff_corr,A,100,2021-02-14T02:02:59.893244Z
4.6074116726677,-1.58685343954939,-2.00369871740681,-1.74908773289247,1,3,2,0.9,1,0,84,AR-groupA-experiment_gam_diff_corr,A,100,2021-02-14T02:02:59.893244Z
4.60741168298133,-1.56430673489209,-1.76505057883912,-1.94835527956324,1,2,3,0.9,1,0,85,AR-groupA-experiment_gam_diff_corr,A,100,2021-02-14T02:02:59.893244Z
4.60741309529701,-1.33768128043835,-1.61090479586987,1.5321104675454,2,3,1,0.9,1,0,86,AR-groupA-experiment_gam_diff_corr,A,100,2021-02-14T02:02:59.893244Z
4.6074083801,-3.80140448337484,-7.54043393646502,-9.15823740193885,1,2,3,0.9,1,0,87,AR-groupA-experiment_gam_diff_corr,A,100,2021-02-14T02:02:59.893244Z
4.60741218320771,-2.16899369261136,-1.93443157785793,-0.754786835219895,3,2,1,0.9,1,0,88,AR-groupA-experiment_gam_diff_corr,A,100,2021-02-14T02:02:59.893244Z
4.60741135295079,-1.38363714887281,-2.44577739801755,-2.77552330194034,1,2,3,0.9,1,0,89,AR-groupA-experiment_gam_diff_corr,A,100,2021-02-14T02:02:59.893244Z
4.60741167587442,-1.56996859774588,-1.78376883939593,-1.89248037768756,1,2,3,0.9,1,0,90,AR-groupA-experiment_gam_diff_corr,A,100,2021-02-14T02:02:59.893244Z
4.60740145212929,-12.5987710919452,-6.94065123425544,-21.3746643304633,2,1,3,0.9,1,0,91,AR-groupA-experiment_gam_diff_corr,A,100,2021-02-14T02:02:59.893244Z
4.60741138779949,-2.07774039104216,-3.16201292001891,-1.60555739030425,2,3,1,0.9,1,0,92,AR-groupA-experiment_gam_diff_corr,A,100,2021-02-14T02:02:59.893244Z
4.60741196619453,-1.14440054922995,-1.75929073013367,-1.68175450728077,1,3,2,0.9,1,0,93,AR-groupA-experiment_gam_diff_corr,A,100,2021-02-14T02:02:59.893244Z
4.60741174159239,-1.80454076229218,-1.90735821878884,-1.57271399187471,2,3,1,0.9,1,0,94,AR-groupA-experiment_gam_diff_corr,A,100,2021-02-14T02:02:59.893244Z
4.60741178641423,-1.59040504392762,-1.82095569753001,-1.44450047010472,2,3,1,0.9,1,0,95,AR-groupA-experiment_gam_diff_corr,A,100,2021-02-14T02:02:59.893244Z
4.60743817411591,33.2823720561611,37.7282677824067,28.9010372737142,2,1,3,0.9,1,0,96,AR-groupA-experiment_gam_diff_corr,A,100,2021-02-14T02:02:59.893244Z
4.60740338713569,-9.68914182151497,-10.0231564158972,-14.2094225801268,1,2,3,0.9,1,0,97,AR-groupA-experiment_gam_diff_corr,A,100,2021-02-14T02:02:59.893244Z
4.60741013379506,-3.51771175644168,-3.88840277349856,-3.24092258021939,2,3,1,0.9,1,0,98,AR-groupA-experiment_gam_diff_corr,A,100,2021-02-14T02:02:59.893244Z
4.60741353107109,2.64777716494009,0.364408583031064,-1.42119961291175,1,2,3,0.9,1,0,99,AR-groupA-experiment_gam_diff_corr,A,100,2021-02-14T02:02:59.893244Z
4.60741165771309,-1.86337102321653,-1.87360643739083,-1.97068921021845,1,2,3,0.9,1,0,100,AR-groupA-experiment_gam_diff_corr,A,100,2021-02-14T02:02:59.893244Z
