none,group1,group2,group3,group4,group5,group1_rank,group2_rank,group3_rank,group4_rank,group5_rank,correlation,pre_grouped,standardized,test_id,model_type,grouping,No_test_obs,Time
-1.52492399511561,1.28227626911175,0.134562459188771,1.50281110283081,-1.33979130195062,1.65239010162873,3,4,2,5,1,0,1,0,1,AR-experiment_lm_diff_corr,B,100,2021-02-13T16:59:06.281743Z
-1.52492402919571,-0.23670399949702,2.18670107190275,-0.13936133374767,0.91083238621594,1.09092185886338,5,1,4,3,2,0,1,0,2,AR-experiment_lm_diff_corr,B,100,2021-02-13T16:59:06.281743Z
-1.52492400197013,-0.0501690374957371,-1.42485133805324,-7.57411274207261,-1.30027190274612,-0.943943722038019,1,4,5,3,2,0,1,0,3,AR-experiment_lm_diff_corr,B,100,2021-02-13T16:59:06.281743Z
-1.52492399907182,-0.766754266650281,1.28630579667388,1.02923794551917,2.88693691267325,-0.678042499264298,5,2,3,1,4,0,1,0,4,AR-experiment_lm_diff_corr,B,100,2021-02-13T16:59:06.281743Z
-1.52492401872544,-0.622030929509661,0.954881407653225,2.77551151432934,6.06394686438626,0.405587286554144,5,3,2,1,4,0,1,0,5,AR-experiment_lm_diff_corr,B,100,2021-02-13T16:59:06.281743Z
-1.52492399176233,0.2591763894338,-2.15566841955273,-1.74930818187124,-1.35041782040914,-2.35846598761051,1,4,3,2,5,0,1,0,6,AR-experiment_lm_diff_corr,B,100,2021-02-13T16:59:06.281743Z
-1.52492401902089,0.144014439620753,1.3636065955774,1.75087626390417,-1.15865966089952,1.03416675282853,4,2,1,5,3,0,1,0,7,AR-experiment_lm_diff_corr,B,100,2021-02-13T16:59:06.281743Z
-1.52492404132979,0.140558017377573,0.0910879042034012,0.693924287646934,2.46675824216606,-3.12684673956697,3,4,2,1,5,0,1,0,8,AR-experiment_lm_diff_corr,B,100,2021-02-13T16:59:06.281743Z
-1.5249240204324,0.422786758862873,-1.15896186276508,1.73800034838765,0.390086138182761,-2.231354973607,2,4,1,3,5,0,1,0,9,AR-experiment_lm_diff_corr,B,100,2021-02-13T16:59:06.281743Z
-1.52492399545277,0.885698737756014,-3.40519379653643,0.173218110424685,0.418641911437975,0.880200046002423,1,5,4,3,2,0,1,0,10,AR-experiment_lm_diff_corr,B,100,2021-02-13T16:59:06.281743Z
-1.52492400181329,0.0420811702262061,1.62660069041569,-2.63114957681315,-1.31496072915508,-0.281275202767345,2,1,5,4,3,0,1,0,11,AR-experiment_lm_diff_corr,B,100,2021-02-13T16:59:06.281743Z
-1.52492397682849,-0.565773300006374,2.16580318812996,1.89011018557149,-0.856903401512046,-0.443106757428017,4,1,2,5,3,0,1,0,12,AR-experiment_lm_diff_corr,B,100,2021-02-13T16:59:06.281743Z
-1.52492402760782,-0.430598828210596,1.30712104325204,-3.04084767792448,1.51341803183845,-2.14303068575026,3,2,5,1,4,0,1,0,13,AR-experiment_lm_diff_corr,B,100,2021-02-13T16:59:06.281743Z
-1.52492402597719,-0.93202450726931,2.22586751294971,1.33235032086854,-1.32909045682598,-2.25365233190174,3,1,2,4,5,0,1,0,14,AR-experiment_lm_diff_corr,B,100,2021-02-13T16:59:06.281743Z
-1.52492401091131,1.52543225050999,1.02087744788128,1.80340388170111,-0.523569178833033,0.650608396213026,2,3,1,5,4,0,1,0,15,AR-experiment_lm_diff_corr,B,100,2021-02-13T16:59:06.281743Z
-1.52492398883419,-0.583225440822348,-2.38738553513324,1.77647070806287,1.61979786226595,-0.107368823581903,4,5,1,2,3,0,1,0,16,AR-experiment_lm_diff_corr,B,100,2021-02-13T16:59:06.281743Z
-1.52492401251895,-0.97428676968571,1.60373432289389,1.57235346848384,1.81811495760731,-0.707699159482699,5,2,3,1,4,0,1,0,17,AR-experiment_lm_diff_corr,B,100,2021-02-13T16:59:06.281743Z
-1.5249239960597,-0.157166577927096,-0.109040504645116,-2.59071481393235,-0.834240835143248,-1.83760441636697,2,1,5,3,4,0,1,0,18,AR-experiment_lm_diff_corr,B,100,2021-02-13T16:59:06.281743Z
-1.52492402514943,-0.175053110922673,1.501085256755,-4.01563360289839,-0.416184777426799,-1.06035009624562,2,1,5,3,4,0,1,0,19,AR-experiment_lm_diff_corr,B,100,2021-02-13T16:59:06.281743Z
-1.5249240005002,-0.374949364452958,0.114920537616501,1.28908893172144,2.37154888136638,1.8429484453418,5,4,3,1,2,0,1,0,20,AR-experiment_lm_diff_corr,B,100,2021-02-13T16:59:06.281743Z
-1.52492398556781,0.44866796971443,1.75956501560037,0.471984234923684,0.445993776764611,-1.06491573794191,3,1,2,4,5,0,1,0,21,AR-experiment_lm_diff_corr,B,100,2021-02-13T16:59:06.281743Z
-1.52492402067523,-0.209376138736755,1.4705570824508,0.788772881810651,-1.39322167646899,0.212418579527896,4,1,2,5,3,0,1,0,22,AR-experiment_lm_diff_corr,B,100,2021-02-13T16:59:06.281743Z
-1.5249240010937,0.408290691093486,-0.0162213168076763,1.96821240881975,-1.37669327894879,0.449785924219153,3,4,1,5,2,0,1,0,23,AR-experiment_lm_diff_corr,B,100,2021-02-13T16:59:06.281743Z
-1.52492398324718,-0.717219366421649,1.98771883138268,1.93791151271907,0.942604846842926,1.63523341797287,5,1,2,4,3,0,1,0,24,AR-experiment_lm_diff_corr,B,100,2021-02-13T16:59:06.281743Z
-1.52492398687183,-0.920955032483542,-4.82088203141631,0.997457826391876,1.5967662835605,0.168347921265269,4,5,2,1,3,0,1,0,25,AR-experiment_lm_diff_corr,B,100,2021-02-13T16:59:06.281743Z
-1.524924003279,-0.453148146620563,-0.576172470786781,0.457150107900026,-1.23036154528396,-1.47574244920984,2,3,1,4,5,0,1,0,26,AR-experiment_lm_diff_corr,B,100,2021-02-13T16:59:06.281743Z
-1.52492401712467,0.155568173553708,1.53239207653418,-0.560748570261128,-1.39541115135686,-1.10028135781225,2,1,3,5,4,0,1,0,27,AR-experiment_lm_diff_corr,B,100,2021-02-13T16:59:06.281743Z
-1.52492399024383,-0.961677481992395,-1.1212963359141,1.34172251643831,-1.30622593257855,1.48562109296943,3,4,2,5,1,0,1,0,28,AR-experiment_lm_diff_corr,B,100,2021-02-13T16:59:06.281743Z
-1.52492398660697,1.20496725886999,-7.41713600468827,1.47821119084249,-0.403541163978975,-1.67074797948577,2,5,1,3,4,0,1,0,29,AR-experiment_lm_diff_corr,B,100,2021-02-13T16:59:06.281743Z
-1.52492400104504,-0.630829935352592,0.437867157435097,0.811585248988483,-1.28898516084441,0.399427253479616,4,2,1,5,3,0,1,0,30,AR-experiment_lm_diff_corr,B,100,2021-02-13T16:59:06.281743Z
-1.52492402495394,-0.0832310217914566,-0.0993567042534769,1.59794339383499,-1.369387774958,-0.555312656646251,2,3,1,5,4,0,1,0,31,AR-experiment_lm_diff_corr,B,100,2021-02-13T16:59:06.281743Z
-1.52492400277324,4.68215466273377,-0.825005911251149,0.947353299305913,-1.30638330669081,-1.84490564833158,1,3,2,4,5,0,1,0,32,AR-experiment_lm_diff_corr,B,100,2021-02-13T16:59:06.281743Z
-1.52492399777737,0.0769221389134975,-4.27122395611329,2.0458443324355,-1.26144335946841,-0.693131165391036,2,5,1,4,3,0,1,0,33,AR-experiment_lm_diff_corr,B,100,2021-02-13T16:59:06.281743Z
-1.52492398369917,-0.218868704339613,0.953851081503357,-1.45278016993313,-1.0170802627991,-0.112994353690118,3,1,5,4,2,0,1,0,34,AR-experiment_lm_diff_corr,B,100,2021-02-13T16:59:06.281743Z
-1.52492399012085,0.128232369668315,1.76065282475206,1.34334072857921,-1.53127553072557,1.072917502402,4,1,2,5,3,0,1,0,35,AR-experiment_lm_diff_corr,B,100,2021-02-13T16:59:06.281743Z
-1.52492401876103,-0.405398806053671,0.854304358467128,-14.5829717518373,-1.17473841082771,-0.529173157950928,2,1,5,4,3,0,1,0,36,AR-experiment_lm_diff_corr,B,100,2021-02-13T16:59:06.281743Z
-1.52492398355515,1.40569835136238,1.05463336224935,-0.771378458501458,-0.734303563520743,-0.411439588865686,1,2,5,4,3,0,1,0,37,AR-experiment_lm_diff_corr,B,100,2021-02-13T16:59:06.281743Z
-1.52492397581238,-0.239777639995839,1.7560578879272,-0.907243971506884,-0.0863735671010243,2.1892661245798,4,2,5,3,1,0,1,0,38,AR-experiment_lm_diff_corr,B,100,2021-02-13T16:59:06.281743Z
-1.52492399008141,0.726434842399954,1.21706870261922,-0.714093194178916,3.99890221813831,2.17610038646912,4,3,5,1,2,0,1,0,39,AR-experiment_lm_diff_corr,B,100,2021-02-13T16:59:06.281743Z
-1.52492399819136,1.69014032805322,2.14654113199666,-3.02733167415542,8.83202084287947,0.458884752684847,3,2,5,1,4,0,1,0,40,AR-experiment_lm_diff_corr,B,100,2021-02-13T16:59:06.281743Z
-1.52492397834031,-0.00497633058590262,0.606937419725273,1.69588505943034,-0.10492956433392,-0.168911032905006,3,2,1,4,5,0,1,0,41,AR-experiment_lm_diff_corr,B,100,2021-02-13T16:59:06.281743Z
-1.52492402842894,2.15436303176865,-3.56632787978993,-2.68583035634514,-1.26220069122186,0.265883379767118,1,5,4,3,2,0,1,0,42,AR-experiment_lm_diff_corr,B,100,2021-02-13T16:59:06.281743Z
-1.52492399387157,0.723736050568222,0.158097507721459,-0.12320611366289,0.474754798228674,-1.2417952699707,1,3,4,2,5,0,1,0,43,AR-experiment_lm_diff_corr,B,100,2021-02-13T16:59:06.281743Z
-1.52492400592732,-0.543979258882084,0.982287576475855,-0.625286989104925,-1.06865279614822,-1.72693540054093,2,1,3,4,5,0,1,0,44,AR-experiment_lm_diff_corr,B,100,2021-02-13T16:59:06.281743Z
-1.52492400787279,-0.264212792779367,1.74322070243325,1.17536440705294,3.07168855915903,2.22729798569533,5,3,4,1,2,0,1,0,45,AR-experiment_lm_diff_corr,B,100,2021-02-13T16:59:06.281743Z
-1.52492398388919,0.924954774502015,-0.992350526644332,1.59730141581042,-1.29460903156028,0.607693170743838,2,4,1,5,3,0,1,0,46,AR-experiment_lm_diff_corr,B,100,2021-02-13T16:59:06.281743Z
-1.52492401829681,-0.374893569872111,0.922142437784668,2.20391288134396,-0.649316575725286,0.635801467213228,4,2,1,5,3,0,1,0,47,AR-experiment_lm_diff_corr,B,100,2021-02-13T16:59:06.281743Z
-1.52492398470241,-0.438333065577059,0.472292019153085,-0.507929063157569,5.17982835761312,-0.67232253778934,3,2,4,1,5,0,1,0,48,AR-experiment_lm_diff_corr,B,100,2021-02-13T16:59:06.281743Z
-1.52492400262111,0.509580053336669,-0.461874016266027,0.146803617753952,0.377202060940009,0.0883441817112486,1,5,3,2,4,0,1,0,49,AR-experiment_lm_diff_corr,B,100,2021-02-13T16:59:06.281743Z
-1.52492400036634,-0.463209215891805,-0.0265175313344204,1.54373366084123,-1.01416138419325,-0.254553199563573,4,2,1,5,3,0,1,0,50,AR-experiment_lm_diff_corr,B,100,2021-02-13T16:59:06.281743Z
-1.52492400114337,-0.204845319765173,2.00789814870592,1.98944078676923,0.220707905752388,0.773434416407635,5,1,2,4,3,0,1,0,51,AR-experiment_lm_diff_corr,B,100,2021-02-13T16:59:06.281743Z
-1.52492400213615,-0.362135101788353,0.810456334347348,0.320025763273506,3.8900358489415,-0.119747838977829,5,2,3,1,4,0,1,0,52,AR-experiment_lm_diff_corr,B,100,2021-02-13T16:59:06.281743Z
-1.52492402429568,-0.0148443316177129,-2.76273425766203,1.64641804185978,-1.48131233880849,-1.54578346282294,2,5,1,3,4,0,1,0,53,AR-experiment_lm_diff_corr,B,100,2021-02-13T16:59:06.281743Z
-1.52492400260569,-0.791605916429333,1.13382635838328,-6.01887127162903,0.178942771217693,3.05594270678394,4,2,5,3,1,0,1,0,54,AR-experiment_lm_diff_corr,B,100,2021-02-13T16:59:06.281743Z
-1.52492400225375,-0.562212417056427,0.588208189028873,-0.687801721139404,2.49467150046314,1.20799656045493,4,3,5,1,2,0,1,0,55,AR-experiment_lm_diff_corr,B,100,2021-02-13T16:59:06.281743Z
-1.52492399658039,-0.0496280519247114,0.747199747994513,-8.96374100075189,-1.37694763546689,-0.749088273716293,2,1,5,4,3,0,1,0,56,AR-experiment_lm_diff_corr,B,100,2021-02-13T16:59:06.281743Z
-1.52492398283565,-0.754681499858701,1.0294184888234,4.29494544090175,-0.425147038231718,1.66297217742267,5,3,1,4,2,0,1,0,57,AR-experiment_lm_diff_corr,B,100,2021-02-13T16:59:06.281743Z
-1.52492400728327,0.705296483890939,0.776417412688887,1.13086569823227,-1.03469740777761,-1.69528750275876,3,2,1,4,5,0,1,0,58,AR-experiment_lm_diff_corr,B,100,2021-02-13T16:59:06.281743Z
-1.5249240199568,-0.643665609296091,-0.0561403610610345,1.72864867590288,-1.00660209816435,2.09450609545462,4,3,2,5,1,0,1,0,59,AR-experiment_lm_diff_corr,B,100,2021-02-13T16:59:06.281743Z
-1.52492400719497,1.33412200391067,1.6485455115848,1.66527426319003,1.4797687511758,-0.735121360808595,4,2,1,3,5,0,1,0,60,AR-experiment_lm_diff_corr,B,100,2021-02-13T16:59:06.281743Z
-1.52492400726943,-0.12307930310792,-2.37760411425972,-1.03573549941085,-1.17548278210543,-3.25724899162313,1,4,2,3,5,0,1,0,61,AR-experiment_lm_diff_corr,B,100,2021-02-13T16:59:06.281743Z
-1.52492400329386,-0.678423411165959,2.08051775313483,1.83319055284235,-1.20625945415944,1.68404060054181,4,1,2,5,3,0,1,0,62,AR-experiment_lm_diff_corr,B,100,2021-02-13T16:59:06.281743Z
-1.52492401749734,-0.299382725358704,-0.624666905006853,-3.28215571846926,-1.45057960266027,1.04012893658543,2,3,5,4,1,0,1,0,63,AR-experiment_lm_diff_corr,B,100,2021-02-13T16:59:06.281743Z
-1.52492401100194,-0.0506434926334586,0.677287271394462,1.56486176020062,-1.32414097055052,-0.742511775727997,3,2,1,5,4,0,1,0,64,AR-experiment_lm_diff_corr,B,100,2021-02-13T16:59:06.281743Z
-1.52492399002187,-0.196518355131612,2.09105737075676,1.34558257194746,1.09021050396579,-2.19145141479231,4,1,2,3,5,0,1,0,65,AR-experiment_lm_diff_corr,B,100,2021-02-13T16:59:06.281743Z
-1.52492401406598,1.05577400273091,-2.43343286923717,1.66201788885949,-1.71997869452584,-1.94317395352682,2,5,1,3,4,0,1,0,66,AR-experiment_lm_diff_corr,B,100,2021-02-13T16:59:06.281743Z
-1.52492399532004,-0.632301163779,0.473545724408387,-0.448167486093855,3.66181342306229,0.0605346226778458,5,2,4,1,3,0,1,0,67,AR-experiment_lm_diff_corr,B,100,2021-02-13T16:59:06.281743Z
-1.52492398302836,-0.185340168468267,1.16555784835858,1.64150943787376,-1.27836957721198,-2.1843891666792,3,2,1,4,5,0,1,0,68,AR-experiment_lm_diff_corr,B,100,2021-02-13T16:59:06.281743Z
-1.52492400306867,-1.29387906872612,1.5534863013914,1.95363689558197,-1.06270723866343,-1.1976458473591,5,2,1,3,4,0,1,0,69,AR-experiment_lm_diff_corr,B,100,2021-02-13T16:59:06.281743Z
-1.52492400358376,-0.455172284463369,-0.540981069776906,1.20537820137741,-1.37020693167169,0.533103943285879,3,4,1,5,2,0,1,0,70,AR-experiment_lm_diff_corr,B,100,2021-02-13T16:59:06.281743Z
-1.52492399275969,-0.380078292931782,-1.97127431439506,2.04745480161008,-0.790717458100569,1.03354254216109,3,5,1,4,2,0,1,0,71,AR-experiment_lm_diff_corr,B,100,2021-02-13T16:59:06.281743Z
-1.5249239786998,-0.523171510377911,1.24622295805661,-6.44628182899647,-1.28140897407676,-1.38380496423451,2,1,5,3,4,0,1,0,72,AR-experiment_lm_diff_corr,B,100,2021-02-13T16:59:06.281743Z
-1.52492401030736,-0.0187869675887253,-1.6725426278464,1.32713320254498,1.08025517197274,-0.233771032112593,3,5,1,2,4,0,1,0,73,AR-experiment_lm_diff_corr,B,100,2021-02-13T16:59:06.281743Z
-1.52492399049277,-0.203771699414365,0.613072512401517,2.32130658326944,-1.27853104298495,0.401267578098679,4,2,1,5,3,0,1,0,74,AR-experiment_lm_diff_corr,B,100,2021-02-13T16:59:06.281743Z
-1.52492401325171,0.944428523363679,1.35913780436296,-5.15918383773622,0.167772041199183,2.28838339677649,3,2,5,4,1,0,1,0,75,AR-experiment_lm_diff_corr,B,100,2021-02-13T16:59:06.281743Z
-1.52492400760605,-0.44674319687888,1.33688413192391,1.9423620647718,-1.37212300001577,-1.13968486182889,3,2,1,5,4,0,1,0,76,AR-experiment_lm_diff_corr,B,100,2021-02-13T16:59:06.281743Z
-1.52492399227229,0.152917591377343,0.251268420776369,1.66342357885812,-0.878672595988899,-1.4554238507291,3,2,1,4,5,0,1,0,77,AR-experiment_lm_diff_corr,B,100,2021-02-13T16:59:06.281743Z
-1.52492400185952,-0.321739483783555,1.20228531782233,-0.265315101128979,-1.47219791944993,-2.21886340676046,3,1,2,4,5,0,1,0,78,AR-experiment_lm_diff_corr,B,100,2021-02-13T16:59:06.281743Z
-1.52492399567226,-0.599206240222031,1.06570841033715,0.916509283763508,-1.31137212301703,0.268758790233688,4,1,2,5,3,0,1,0,79,AR-experiment_lm_diff_corr,B,100,2021-02-13T16:59:06.281743Z
-1.52492401813306,0.0734313027576276,1.12378600719409,2.21875283252435,-1.2932693977959,0.0072123982172561,3,2,1,5,4,0,1,0,80,AR-experiment_lm_diff_corr,B,100,2021-02-13T16:59:06.281743Z
-1.52492399776498,-0.674568709512829,-3.19130060883741,1.82543590166054,-1.08865985348934,0.561108950874232,3,5,1,4,2,0,1,0,81,AR-experiment_lm_diff_corr,B,100,2021-02-13T16:59:06.281743Z
-1.52492399171114,-0.319117509374846,1.44989848762267,0.932234672719476,1.28430514423982,-0.303205865717658,5,1,3,2,4,0,1,0,82,AR-experiment_lm_diff_corr,B,100,2021-02-13T16:59:06.281743Z
-1.52492400525475,0.835302277462533,1.85658433825731,2.02203477292833,-1.05730263806646,0.159567980759022,3,2,1,5,4,0,1,0,83,AR-experiment_lm_diff_corr,B,100,2021-02-13T16:59:06.281743Z
-1.52492400473789,0.641111748121229,-0.668733689929474,1.62255470431995,0.336214919645132,0.0398354454523907,2,5,1,3,4,0,1,0,84,AR-experiment_lm_diff_corr,B,100,2021-02-13T16:59:06.281743Z
-1.52492397628983,-0.363080550283619,1.09371154699977,1.77426070904604,5.06753035340119,0.940905261662006,5,3,2,1,4,0,1,0,85,AR-experiment_lm_diff_corr,B,100,2021-02-13T16:59:06.281743Z
-1.52492400161552,-0.837787442045717,-6.15285261597063,0.732911199758254,1.87955416688283,-0.51748066583587,4,5,2,1,3,0,1,0,86,AR-experiment_lm_diff_corr,B,100,2021-02-13T16:59:06.281743Z
-1.5249239954574,1.58250995808175,-4.49455691498184,-5.69756591070291,7.6543812233937,2.03923255693105,3,4,5,1,2,0,1,0,87,AR-experiment_lm_diff_corr,B,100,2021-02-13T16:59:06.281743Z
-1.52492398683101,-0.791711876783114,1.74519695741484,1.04455971944454,-1.26963198843239,0.181869726078504,4,1,2,5,3,0,1,0,88,AR-experiment_lm_diff_corr,B,100,2021-02-13T16:59:06.281743Z
-1.52492400784587,1.19067304254379,1.71447271910923,1.16018880581775,6.03759310345235,0.843728786191572,3,2,4,1,5,0,1,0,89,AR-experiment_lm_diff_corr,B,100,2021-02-13T16:59:06.281743Z
-1.52492399779015,0.427883015649471,1.54396519473661,-2.0821976832622,-0.686856493283314,-0.135498211276394,2,1,5,4,3,0,1,0,90,AR-experiment_lm_diff_corr,B,100,2021-02-13T16:59:06.281743Z
-1.52492400014045,-1.05062687609683,2.33133227803924,1.73325424589508,-1.33146105356027,1.62695106459309,4,1,2,5,3,0,1,0,91,AR-experiment_lm_diff_corr,B,100,2021-02-13T16:59:06.281743Z
-1.52492402424297,-0.482851219063623,-0.304441562117823,2.28419626248169,-1.40533567192442,0.456268141649556,4,3,1,5,2,0,1,0,92,AR-experiment_lm_diff_corr,B,100,2021-02-13T16:59:06.281743Z
-1.52492398463827,0.0299345802507737,2.07707713984893,1.02991627466951,-0.669245184549289,-1.39132604053356,3,1,2,4,5,0,1,0,93,AR-experiment_lm_diff_corr,B,100,2021-02-13T16:59:06.281743Z
-1.52492401683338,-0.0702681483608985,1.45924104647142,1.92784621063915,1.39023727262837,-0.2049603593915,4,2,1,3,5,0,1,0,94,AR-experiment_lm_diff_corr,B,100,2021-02-13T16:59:06.281743Z
-1.52492399799515,-0.331321726342081,-0.986714174726071,2.24154655615785,2.27271733541681,-0.337045836566172,3,5,2,1,4,0,1,0,95,AR-experiment_lm_diff_corr,B,100,2021-02-13T16:59:06.281743Z
-1.52492399875724,-0.422596358185467,1.07129113324143,1.71173597928895,1.77291286767893,-3.46932530285956,4,3,2,1,5,0,1,0,96,AR-experiment_lm_diff_corr,B,100,2021-02-13T16:59:06.281743Z
-1.52492402451871,-0.673183459882985,1.47540693726975,-2.63945350281511,0.380706681833603,1.84874846762394,4,2,5,3,1,0,1,0,97,AR-experiment_lm_diff_corr,B,100,2021-02-13T16:59:06.281743Z
-1.52492399448415,-0.477056485446722,-3.3715647667656,-1.35160600740003,-0.535301454918447,1.34922045277754,2,5,4,3,1,0,1,0,98,AR-experiment_lm_diff_corr,B,100,2021-02-13T16:59:06.281743Z
-1.52492401860686,-0.125704263014322,1.14456879750991,-0.947910484061867,-0.623471420711623,-0.609260652711936,2,1,5,4,3,0,1,0,99,AR-experiment_lm_diff_corr,B,100,2021-02-13T16:59:06.281743Z
-1.52492401731197,-0.56249176498036,1.06932321708445,-3.48671900466894,5.35203723560364,0.584899067268734,4,2,5,1,3,0,1,0,100,AR-experiment_lm_diff_corr,B,100,2021-02-13T16:59:06.281743Z
-1.77868967755952,1.69218770260272,0.240863935286101,2.21787938094279,-1.29305025081554,-0.531909027249756,2,3,1,5,4,0.1,1,0,1,AR-experiment_lm_diff_corr,B,100,2021-02-13T17:11:10.000880Z
-1.7786897138125,-0.168268967876887,1.73712865039526,-2.59394737709817,-1.21673490793414,-0.234757983336194,2,1,5,4,3,0.1,1,0,2,AR-experiment_lm_diff_corr,B,100,2021-02-13T17:11:10.000880Z
-1.77868945829713,0.754304817570247,-5.39603274184635,1.55274361266501,2.41662857089831,0.803187685623784,4,5,2,1,3,0.1,1,0,3,AR-experiment_lm_diff_corr,B,100,2021-02-13T17:11:10.000880Z
-1.77868958278795,-0.814355544982726,0.0167483668133799,-4.53357166875023,-0.00557817115519521,-0.0489630157600267,4,1,5,2,3,0.1,1,0,4,AR-experiment_lm_diff_corr,B,100,2021-02-13T17:11:10.000880Z
-1.77868961604589,-0.200746326619656,1.52832681807609,-2.46465753643328,1.82680787302811,-0.0686599716513517,4,2,5,1,3,0.1,1,0,5,AR-experiment_lm_diff_corr,B,100,2021-02-13T17:11:10.000880Z
-1.77868940903816,-0.568778526457826,1.69825889746115,-6.4450162235419,-0.335879302134721,-0.483353208506522,4,1,5,2,3,0.1,1,0,6,AR-experiment_lm_diff_corr,B,100,2021-02-13T17:11:10.000880Z
-1.77868962035585,-0.199716813674552,-2.07340116479419,0.889241391727703,-0.0593996473931587,-0.520301704902586,3,5,1,2,4,0.1,1,0,7,AR-experiment_lm_diff_corr,B,100,2021-02-13T17:11:10.000880Z
-1.77868948702404,-0.886825650068382,1.40854716613758,2.34057531843954,7.32232890572127,0.23618492090253,5,3,2,1,4,0.1,1,0,8,AR-experiment_lm_diff_corr,B,100,2021-02-13T17:11:10.000880Z
-1.77868950055877,-0.715236389674899,1.60809227129393,0.796369835639016,3.48847897971879,0.307521132663424,5,2,3,1,4,0.1,1,0,9,AR-experiment_lm_diff_corr,B,100,2021-02-13T17:11:10.000880Z
-1.77868966930914,1.16701584785427,1.65434737392822,1.93441651791233,-0.331773292858278,-2.02130807177701,3,2,1,4,5,0.1,1,0,10,AR-experiment_lm_diff_corr,B,100,2021-02-13T17:11:10.000880Z
-1.77868954568414,0.0385698781201426,1.83003204878626,3.11370857812496,-1.18769161560142,1.94426225576283,4,3,1,5,2,0.1,1,0,11,AR-experiment_lm_diff_corr,B,100,2021-02-13T17:11:10.000880Z
-1.77868951583579,-0.189981138987691,0.541752928690816,-0.708484937438518,-1.39041469848076,1.52749768185232,3,2,4,5,1,0.1,1,0,12,AR-experiment_lm_diff_corr,B,100,2021-02-13T17:11:10.000880Z
-1.77868947485661,0.0545145880165963,1.90262956000134,2.83389829980131,-0.147602034182216,0.0975240291806457,4,2,1,5,3,0.1,1,0,13,AR-experiment_lm_diff_corr,B,100,2021-02-13T17:11:10.000880Z
-1.77868947703619,-0.542822556958372,1.18685044869864,2.08864338411648,-1.14638793207004,3.06566009745606,4,3,2,5,1,0.1,1,0,14,AR-experiment_lm_diff_corr,B,100,2021-02-13T17:11:10.000880Z
-1.77868964399753,1.35360696165191,1.78394572996387,1.69081925250557,-0.468445270469487,0.319762505800533,3,1,2,5,4,0.1,1,0,15,AR-experiment_lm_diff_corr,B,100,2021-02-13T17:11:10.000880Z
-1.77868949831919,-0.218312558293637,-2.35871099500068,-7.79183193886699,-1.51382625037472,0.159991478283517,2,4,5,3,1,0.1,1,0,16,AR-experiment_lm_diff_corr,B,100,2021-02-13T17:11:10.000880Z
-1.77868953397118,-0.18545990728132,1.73808782936834,0.394721737450253,0.575653815984831,0.789659578697056,5,1,4,3,2,0.1,1,0,17,AR-experiment_lm_diff_corr,B,100,2021-02-13T17:11:10.000880Z
-1.77868942737272,-0.53000938824529,2.28748939757198,-5.8838944985843,-1.65763914617178,0.219730239805678,3,1,5,4,2,0.1,1,0,18,AR-experiment_lm_diff_corr,B,100,2021-02-13T17:11:10.000880Z
-1.778689488083,-0.0776376051713673,-1.96795370247874,-1.06536727616108,-0.762094665285164,3.03511643380313,2,5,4,3,1,0.1,1,0,19,AR-experiment_lm_diff_corr,B,100,2021-02-13T17:11:10.000880Z
-1.77868975538221,0.0497768177696569,0.211205956721546,-3.35806214869718,-1.09567086076172,-1.84376985790046,2,1,5,3,4,0.1,1,0,20,AR-experiment_lm_diff_corr,B,100,2021-02-13T17:11:10.000880Z
-1.77868955733585,-0.424798928589509,2.15132853529747,1.58934788071394,-1.02918542589733,0.568423689134498,4,1,2,5,3,0.1,1,0,21,AR-experiment_lm_diff_corr,B,100,2021-02-13T17:11:10.000880Z
-1.77868965413369,-0.350308058355155,-1.43757842882704,1.35387347676189,-1.36053340197608,0.714771046867701,3,5,1,4,2,0.1,1,0,22,AR-experiment_lm_diff_corr,B,100,2021-02-13T17:11:10.000880Z
-1.77868959215631,-0.304395882938519,-2.62711978011291,1.38639028583414,-1.22361453592272,-1.04355541297367,2,5,1,4,3,0.1,1,0,23,AR-experiment_lm_diff_corr,B,100,2021-02-13T17:11:10.000880Z
-1.77868961865231,-0.0339899865299934,1.29040838294201,-2.02841442653822,-1.24322214187564,0.160354266578705,3,1,5,4,2,0.1,1,0,24,AR-experiment_lm_diff_corr,B,100,2021-02-13T17:11:10.000880Z
-1.77868955201076,-0.560009345095722,-1.91303579942061,1.65276189015707,2.41851171258588,-1.75653611038135,3,5,2,1,4,0.1,1,0,25,AR-experiment_lm_diff_corr,B,100,2021-02-13T17:11:10.000880Z
-1.77868945685282,-0.275597061145781,0.737878389743233,0.278539120474516,2.16899758100072,0.630391960060195,5,2,4,1,3,0.1,1,0,26,AR-experiment_lm_diff_corr,B,100,2021-02-13T17:11:10.000880Z
-1.77868950350566,-0.333009417964018,1.76655798398489,0.178550898881124,-1.70110354346354,0.876050536532649,4,1,3,5,2,0.1,1,0,27,AR-experiment_lm_diff_corr,B,100,2021-02-13T17:11:10.000880Z
-1.77868959394183,-0.160836479136045,-2.67750302205585,1.74345212815418,-0.960928944491652,-0.311841083390304,2,5,1,4,3,0.1,1,0,28,AR-experiment_lm_diff_corr,B,100,2021-02-13T17:11:10.000880Z
-1.77868945059105,0.0352655885871625,1.48583427764295,-5.85866042665102,7.58424529507292,-1.24924327047229,3,2,5,1,4,0.1,1,0,29,AR-experiment_lm_diff_corr,B,100,2021-02-13T17:11:10.000880Z
-1.77868958212776,-0.517185134282976,-2.31582081029822,1.79980779944366,-1.1413706740451,0.0672137131193342,3,5,1,4,2,0.1,1,0,30,AR-experiment_lm_diff_corr,B,100,2021-02-13T17:11:10.000880Z
-1.77868952501682,-0.288122729692307,-1.08493603416057,-0.636502876553173,-0.756515312081856,0.630502730458033,2,5,3,4,1,0.1,1,0,31,AR-experiment_lm_diff_corr,B,100,2021-02-13T17:11:10.000880Z
-1.77868957254923,1.70801087799791,2.03097305222546,-4.65713746086665,-0.576997891653297,0.575855324028053,2,1,5,4,3,0.1,1,0,32,AR-experiment_lm_diff_corr,B,100,2021-02-13T17:11:10.000880Z
-1.77868948822512,-0.00228884303915727,1.70551500289378,-2.86418232223812,2.25237688558457,-0.559321520470177,3,2,5,1,4,0.1,1,0,33,AR-experiment_lm_diff_corr,B,100,2021-02-13T17:11:10.000880Z
-1.77868954645183,-0.0602993113205456,2.43009888042551,1.74351214064022,-1.46170056757882,-0.153980602375528,3,1,2,5,4,0.1,1,0,34,AR-experiment_lm_diff_corr,B,100,2021-02-13T17:11:10.000880Z
-1.77868960403341,-0.284607843852929,-3.23419888908478,-0.66600200064208,-0.907406094668888,0.204733000226238,2,5,3,4,1,0.1,1,0,35,AR-experiment_lm_diff_corr,B,100,2021-02-13T17:11:10.000880Z
-1.77868961751859,-0.98511261083303,-7.21952908929139,1.15469920652915,1.22802144456101,1.19731900603887,4,5,3,1,2,0.1,1,0,36,AR-experiment_lm_diff_corr,B,100,2021-02-13T17:11:10.000880Z
-1.77868955704328,0.561904515876781,-0.292362873318963,1.81705478461229,1.11066764084724,1.00692216763886,4,5,1,2,3,0.1,1,0,37,AR-experiment_lm_diff_corr,B,100,2021-02-13T17:11:10.000880Z
-1.77868964130945,0.565969618192356,2.10329394826277,-1.20578671447192,-1.10102583881797,-0.0602064948957649,2,1,5,4,3,0.1,1,0,38,AR-experiment_lm_diff_corr,B,100,2021-02-13T17:11:10.000880Z
-1.77868973790381,1.36937670319665,1.98551477632464,-3.66240564878183,-1.04950616675759,-1.46729187731084,2,1,5,3,4,0.1,1,0,39,AR-experiment_lm_diff_corr,B,100,2021-02-13T17:11:10.000880Z
-1.77868964242375,1.26910937115073,2.1690452933307,-2.56589738455949,0.762407919754633,-0.00444216145089021,2,1,5,3,4,0.1,1,0,40,AR-experiment_lm_diff_corr,B,100,2021-02-13T17:11:10.000880Z
-1.77868959744083,-0.312112357052897,0.271915414842113,1.61700176880983,-0.312174040691738,0.2342091874368,4,2,1,5,3,0.1,1,0,41,AR-experiment_lm_diff_corr,B,100,2021-02-13T17:11:10.000880Z
-1.77868963035661,1.41973579580402,1.84018127067797,-3.91526580856135,-1.31072355462128,-1.85893789401177,2,1,5,3,4,0.1,1,0,42,AR-experiment_lm_diff_corr,B,100,2021-02-13T17:11:10.000880Z
-1.77868945855744,1.35391612650332,-0.944189473320985,1.5109807375932,0.996630079673115,-0.132563195441306,2,5,1,3,4,0.1,1,0,43,AR-experiment_lm_diff_corr,B,100,2021-02-13T17:11:10.000880Z
-1.77868947151784,-0.753477005004422,1.75784218233402,-1.38636311039634,-1.58605491638363,0.843593327315935,3,1,4,5,2,0.1,1,0,44,AR-experiment_lm_diff_corr,B,100,2021-02-13T17:11:10.000880Z
-1.7786897537299,-0.162092538749329,-0.754464163162937,-19.4696507532548,-1.23783982600324,0.01638765198821,2,3,5,4,1,0.1,1,0,45,AR-experiment_lm_diff_corr,B,100,2021-02-13T17:11:10.000880Z
-1.7786896216697,0.741777495254185,-1.35261714349324,1.30339363427585,-1.13274907828926,-0.579945612315693,2,5,1,4,3,0.1,1,0,46,AR-experiment_lm_diff_corr,B,100,2021-02-13T17:11:10.000880Z
-1.7786896372654,-0.661716576461668,-0.177138174856711,-0.852486814842595,-1.30081217916307,-1.03621797627208,2,1,3,5,4,0.1,1,0,47,AR-experiment_lm_diff_corr,B,100,2021-02-13T17:11:10.000880Z
-1.77868957185393,-0.877679063304481,-0.293445525458354,-2.02680618116956,3.93799065898595,-0.251778656251709,4,3,5,1,2,0.1,1,0,48,AR-experiment_lm_diff_corr,B,100,2021-02-13T17:11:10.000880Z
-1.77868962929539,0.189235019168711,2.02066226265726,2.64050958451004,-0.519112587706213,-0.855090522749239,3,2,1,4,5,0.1,1,0,49,AR-experiment_lm_diff_corr,B,100,2021-02-13T17:11:10.000880Z
-1.77868957466153,-0.525912463777018,0.668924072461426,1.94497193206791,-1.15587719007134,-0.392786129451571,4,2,1,5,3,0.1,1,0,50,AR-experiment_lm_diff_corr,B,100,2021-02-13T17:11:10.000880Z
-1.7786895949896,0.20932472405167,1.15659223602101,-0.143030820926606,-0.922440013236927,1.38368071382757,3,2,4,5,1,0.1,1,0,51,AR-experiment_lm_diff_corr,B,100,2021-02-13T17:11:10.000880Z
-1.77868959133303,-0.572621730991762,2.13420126866872,-1.9246296328802,-0.683614580665123,-1.41494890950699,2,1,5,3,4,0.1,1,0,52,AR-experiment_lm_diff_corr,B,100,2021-02-13T17:11:10.000880Z
-1.77868947588709,-0.620108611764697,0.463790139458231,-3.91897599653243,0.124473458741885,-1.26427436221924,3,1,5,2,4,0.1,1,0,53,AR-experiment_lm_diff_corr,B,100,2021-02-13T17:11:10.000880Z
-1.77868980176003,-0.128902026788846,1.50729177538026,-7.74046379532268,1.67690225107023,-2.36212393404031,3,2,5,1,4,0.1,1,0,54,AR-experiment_lm_diff_corr,B,100,2021-02-13T17:11:10.000880Z
-1.77868964506214,-0.233702038416692,1.84600727081258,-2.76830763761458,-1.27102460548893,-1.80399062166682,2,1,5,3,4,0.1,1,0,55,AR-experiment_lm_diff_corr,B,100,2021-02-13T17:11:10.000880Z
-1.77868953456015,-0.452949666262897,-4.53040360133173,1.61587057190096,1.27843892916123,1.37339091267944,4,5,1,3,2,0.1,1,0,56,AR-experiment_lm_diff_corr,B,100,2021-02-13T17:11:10.000880Z
-1.77868966076779,0.126269199704442,-0.885023484166864,-0.436617893467219,-1.29315331898033,0.456971723524972,2,4,3,5,1,0.1,1,0,57,AR-experiment_lm_diff_corr,B,100,2021-02-13T17:11:10.000880Z
-1.7786895324057,-0.719458681706638,0.369018609308323,1.71689244093648,0.44008863470733,0.420567342216851,5,4,1,2,3,0.1,1,0,58,AR-experiment_lm_diff_corr,B,100,2021-02-13T17:11:10.000880Z
-1.77868974389985,0.874383582032986,-0.923276327771565,0.831592675808011,-1.23122725077711,-0.322750969785109,1,4,2,5,3,0.1,1,0,59,AR-experiment_lm_diff_corr,B,100,2021-02-13T17:11:10.000880Z
-1.7786895822764,0.358467130353373,1.20384265853271,1.89215922719839,1.95345689325004,1.05934652595299,5,3,2,1,4,0.1,1,0,60,AR-experiment_lm_diff_corr,B,100,2021-02-13T17:11:10.000880Z
-1.77868937765971,-0.595069661986581,1.82827056871236,-6.96856378623028,1.50731282093381,-0.0483535561767583,4,1,5,2,3,0.1,1,0,61,AR-experiment_lm_diff_corr,B,100,2021-02-13T17:11:10.000880Z
-1.77868970648928,0.470002473667507,0.228244691795883,-1.04936287031049,-1.04165846731054,1.16665670678754,2,3,5,4,1,0.1,1,0,62,AR-experiment_lm_diff_corr,B,100,2021-02-13T17:11:10.000880Z
-1.77868968950541,0.0360484035759589,1.957501880841,1.83647913796402,-0.851050641522189,-1.79343853386755,3,1,2,4,5,0.1,1,0,63,AR-experiment_lm_diff_corr,B,100,2021-02-13T17:11:10.000880Z
-1.77868947211841,1.13759703550343,-0.0850353834462211,1.61241422987668,-1.80847551827601,0.51096564311833,2,4,1,5,3,0.1,1,0,64,AR-experiment_lm_diff_corr,B,100,2021-02-13T17:11:10.000880Z
-1.77868942286311,-0.648443637176985,0.85808760430515,-2.25223768434159,-1.41846930247276,2.31077463859929,3,2,5,4,1,0.1,1,0,65,AR-experiment_lm_diff_corr,B,100,2021-02-13T17:11:10.000880Z
-1.77868942676351,-0.0152289452857439,1.13129201315579,-8.78405236404809,1.00077755840575,0.56629386587458,4,1,5,2,3,0.1,1,0,66,AR-experiment_lm_diff_corr,B,100,2021-02-13T17:11:10.000880Z
-1.77868955211905,-0.16710593425842,1.4707455321296,-0.312588570219885,-0.144578419043381,-0.857518066387144,3,1,4,2,5,0.1,1,0,67,AR-experiment_lm_diff_corr,B,100,2021-02-13T17:11:10.000880Z
-1.77868941350146,-0.380845791357941,1.31925521433574,0.507179104913162,0.010393751868882,1.4938310135358,5,2,3,4,1,0.1,1,0,68,AR-experiment_lm_diff_corr,B,100,2021-02-13T17:11:10.000880Z
-1.77868946397394,-0.102004588136419,0.351857447151152,0.863528414067073,-1.69464888270234,1.87280178476921,4,3,2,5,1,0.1,1,0,69,AR-experiment_lm_diff_corr,B,100,2021-02-13T17:11:10.000880Z
-1.7786895711993,-0.194381226630554,0.625678916509471,1.25202912386309,-1.38606380103749,-0.768482702427927,3,2,1,5,4,0.1,1,0,70,AR-experiment_lm_diff_corr,B,100,2021-02-13T17:11:10.000880Z
-1.77868958012976,-0.434330781669638,-4.24797628923878,1.00975136382285,-1.23192091826922,-1.15831878839755,2,5,1,4,3,0.1,1,0,71,AR-experiment_lm_diff_corr,B,100,2021-02-13T17:11:10.000880Z
-1.77868946568443,-0.620759302564796,1.43240085364794,-1.22155256592659,-1.03387332400904,0.971532712007197,3,1,5,4,2,0.1,1,0,72,AR-experiment_lm_diff_corr,B,100,2021-02-13T17:11:10.000880Z
-1.77868957866285,-0.103000413746649,0.279514405123775,1.8038093028023,3.03009029722786,-0.530994539274661,4,3,2,1,5,0.1,1,0,73,AR-experiment_lm_diff_corr,B,100,2021-02-13T17:11:10.000880Z
-1.77868953885833,-0.0477813388156739,-1.15513509089325,1.51623483104564,-1.38559362742106,-0.194828093067134,2,4,1,5,3,0.1,1,0,74,AR-experiment_lm_diff_corr,B,100,2021-02-13T17:11:10.000880Z
-1.77868975899943,2.14668267744319,-3.81339076656368,-1.52994221285627,0.439747261979014,0.786202259009773,1,5,4,3,2,0.1,1,0,75,AR-experiment_lm_diff_corr,B,100,2021-02-13T17:11:10.000880Z
-1.7786894798847,-0.396631391703442,-0.0365496331290543,1.00640395285763,-0.813470430236222,1.38709253589162,4,3,2,5,1,0.1,1,0,76,AR-experiment_lm_diff_corr,B,100,2021-02-13T17:11:10.000880Z
-1.77868940743123,-0.00145210531622109,0.979563084487915,-5.99997608027954,-1.42993319201732,1.58615181455764,3,2,5,4,1,0.1,1,0,77,AR-experiment_lm_diff_corr,B,100,2021-02-13T17:11:10.000880Z
-1.77868939500821,0.366256415217621,0.0141998563674082,1.01449835110524,0.454866693922113,1.42142569727064,4,5,2,3,1,0.1,1,0,78,AR-experiment_lm_diff_corr,B,100,2021-02-13T17:11:10.000880Z
-1.77868958521306,-0.601951932389661,-2.53149849962062,1.83687075299533,-1.28676537621515,0.628740938685811,3,5,1,4,2,0.1,1,0,79,AR-experiment_lm_diff_corr,B,100,2021-02-13T17:11:10.000880Z
-1.77868957861967,-0.113359145226387,0.619902408193656,1.34804126734314,-1.422401441667,0.416872806190194,4,2,1,5,3,0.1,1,0,80,AR-experiment_lm_diff_corr,B,100,2021-02-13T17:11:10.000880Z
-1.77868961911156,-0.0335338529154562,-0.381673665678656,1.33141166032794,-0.783382332382649,-0.982274009635961,2,3,1,4,5,0.1,1,0,81,AR-experiment_lm_diff_corr,B,100,2021-02-13T17:11:10.000880Z
-1.77868955471363,-0.441650832281597,1.74259131394567,-0.040163900898757,-1.24564824425772,-0.551337888834978,3,1,2,5,4,0.1,1,0,82,AR-experiment_lm_diff_corr,B,100,2021-02-13T17:11:10.000880Z
-1.77868963349366,0.405283992846904,0.334959220757271,0.913077167067488,-1.25590308827279,1.20516739151348,3,4,2,5,1,0.1,1,0,83,AR-experiment_lm_diff_corr,B,100,2021-02-13T17:11:10.000880Z
-1.77868957646436,0.105230971517523,-1.03057407948866,-3.36296859168893,-1.26845736641908,-0.296247698588739,1,3,5,4,2,0.1,1,0,84,AR-experiment_lm_diff_corr,B,100,2021-02-13T17:11:10.000880Z
-1.77868956172666,-0.0240188891383161,0.670635771639304,-0.803270802904089,2.4112425055522,-0.0816575609794985,3,2,5,1,4,0.1,1,0,85,AR-experiment_lm_diff_corr,B,100,2021-02-13T17:11:10.000880Z
-1.77868950808625,-0.171247577985893,-0.486137637344481,1.44058955421761,5.39737646944924,-1.92667051499952,3,4,2,1,5,0.1,1,0,86,AR-experiment_lm_diff_corr,B,100,2021-02-13T17:11:10.000880Z
-1.77868973575635,2.32948277244819,2.16592870895226,0.768386720824516,0.835391018528651,-2.77158138866218,1,2,4,3,5,0.1,1,0,87,AR-experiment_lm_diff_corr,B,100,2021-02-13T17:11:10.000880Z
-1.77868952231096,-0.0873148315813161,0.292735374289677,1.41265900852435,-1.36921385020817,1.88635366349724,4,3,2,5,1,0.1,1,0,88,AR-experiment_lm_diff_corr,B,100,2021-02-13T17:11:10.000880Z
-1.77868967480021,0.872868276528992,1.01850908517769,-2.72474284320506,2.10875946958759,-0.344836115789448,3,2,5,1,4,0.1,1,0,89,AR-experiment_lm_diff_corr,B,100,2021-02-13T17:11:10.000880Z
-1.77868959806097,-0.0616613839393394,2.22102497233491,2.29875421347231,-1.41818824684286,-0.321729149916523,3,2,1,5,4,0.1,1,0,90,AR-experiment_lm_diff_corr,B,100,2021-02-13T17:11:10.000880Z
-1.77868970606328,-0.776644006038043,-3.08554181883063,-2.29735887817329,-0.346338792801684,0.757974190631606,3,5,4,2,1,0.1,1,0,91,AR-experiment_lm_diff_corr,B,100,2021-02-13T17:11:10.000880Z
-1.77868962523068,-0.756437527762022,-1.87989514221664,1.80582575953831,-1.34232442262311,-1.14875015016633,2,5,1,4,3,0.1,1,0,92,AR-experiment_lm_diff_corr,B,100,2021-02-13T17:11:10.000880Z
-1.77868951636873,-0.878812841966216,-0.901512876957992,1.88534761812368,-1.44101633298515,2.07516014810422,3,4,2,5,1,0.1,1,0,93,AR-experiment_lm_diff_corr,B,100,2021-02-13T17:11:10.000880Z
-1.77868961720855,0.107445349650091,1.37198570502167,-0.319796956620512,-0.187005656390689,1.24813560595665,3,1,5,4,2,0.1,1,0,94,AR-experiment_lm_diff_corr,B,100,2021-02-13T17:11:10.000880Z
-1.7786895562236,-0.45581421796757,1.2584244295926,1.15038862561927,1.52142976640268,-1.45876113682088,4,2,3,1,5,0.1,1,0,95,AR-experiment_lm_diff_corr,B,100,2021-02-13T17:11:10.000880Z
-1.77868940798823,0.271894172414865,1.7714991397586,2.14419087731552,3.23887390903772,0.678004768464055,5,3,2,1,4,0.1,1,0,96,AR-experiment_lm_diff_corr,B,100,2021-02-13T17:11:10.000880Z
-1.77868972629637,-0.479929394311144,-4.73487484332782,-4.67683365463583,-0.971062922833522,-0.119842149020712,2,5,4,3,1,0.1,1,0,97,AR-experiment_lm_diff_corr,B,100,2021-02-13T17:11:10.000880Z
-1.77868964504481,-0.228165888564218,1.15832252685693,2.15886689231471,-1.22225192756493,-3.08834833964707,3,2,1,4,5,0.1,1,0,98,AR-experiment_lm_diff_corr,B,100,2021-02-13T17:11:10.000880Z
-1.77868952554744,-0.310977290483286,-0.479035001913835,3.10715104007387,1.56692840722423,0.852902645314939,4,5,1,2,3,0.1,1,0,99,AR-experiment_lm_diff_corr,B,100,2021-02-13T17:11:10.000880Z
-1.7786896258208,-0.433361681274081,-2.35258489993631,-6.46324927875849,2.95729636190296,0.00179604392197974,3,4,5,1,2,0.1,1,0,100,AR-experiment_lm_diff_corr,B,100,2021-02-13T17:11:10.000880Z
-1.74061125471169,0.131174466819321,1.80016357232028,0.205985387906162,0.0655339503405524,0.981328563631322,4,1,3,5,2,0.3,1,0,1,AR-experiment_lm_diff_corr,B,100,2021-02-13T17:23:35.759171Z
-1.74061134616894,-0.230722839882958,0.199127361202757,1.84780938470488,3.59123573692905,1.33920916815585,5,4,2,1,3,0.3,1,0,2,AR-experiment_lm_diff_corr,B,100,2021-02-13T17:23:35.759171Z
-1.74061173296205,0.0314761700553379,-1.30074751612422,1.11661576148281,-0.677752252417869,-2.90836842863359,2,4,1,3,5,0.3,1,0,3,AR-experiment_lm_diff_corr,B,100,2021-02-13T17:23:35.759171Z
-1.74061139192265,-0.34784296400808,-3.03888822850285,1.98646551435738,0.70782049830091,-0.0745585222839053,4,5,1,2,3,0.3,1,0,4,AR-experiment_lm_diff_corr,B,100,2021-02-13T17:23:35.759171Z
-1.74061147188427,-0.088879285741468,-3.66228368377983,1.30555984385041,0.0554179982592481,1.32669420929478,4,5,2,3,1,0.3,1,0,5,AR-experiment_lm_diff_corr,B,100,2021-02-13T17:23:35.759171Z
-1.74061214501589,0.21706121849415,0.609697031845266,-2.79138846324727,-0.177538488790552,0.352174608011571,3,1,5,4,2,0.3,1,0,6,AR-experiment_lm_diff_corr,B,100,2021-02-13T17:23:35.759171Z
-1.74061135636666,1.00677296143377,1.12257376336414,2.38343249493872,0.293823803079174,-1.04769407336747,3,2,1,4,5,0.3,1,0,7,AR-experiment_lm_diff_corr,B,100,2021-02-13T17:23:35.759171Z
-1.74061218018699,-0.346661779316351,-6.49057468656469,2.18374167567211,-1.11869762916812,-1.43293787375106,2,5,1,3,4,0.3,1,0,8,AR-experiment_lm_diff_corr,B,100,2021-02-13T17:23:35.759171Z
-1.74061197263861,-0.117680825240496,-1.892414821012,1.6296911694623,-1.00768807095624,0.29013723538126,3,5,1,4,2,0.3,1,0,9,AR-experiment_lm_diff_corr,B,100,2021-02-13T17:23:35.759171Z
-1.74061128893947,-0.296858533970296,0.958250997086319,-0.145526798847516,-1.31970421007821,3.01219576120238,4,2,3,5,1,0.3,1,0,10,AR-experiment_lm_diff_corr,B,100,2021-02-13T17:23:35.759171Z
-1.74061178230178,0.239569005594222,1.45108414997774,-7.17449050633182,1.65551245258376,-1.10011856831019,3,2,5,1,4,0.3,1,0,11,AR-experiment_lm_diff_corr,B,100,2021-02-13T17:23:35.759171Z
-1.74061152953671,-0.106670576226646,-0.400588797502004,-0.682436692043595,0.888619529895609,-1.43033850956739,2,3,4,1,5,0.3,1,0,12,AR-experiment_lm_diff_corr,B,100,2021-02-13T17:23:35.759171Z
-1.74061198865719,-0.583964022096775,-4.84231109712186,-6.41167046823813,-1.04353261319731,0.409289553993885,2,4,5,3,1,0.3,1,0,13,AR-experiment_lm_diff_corr,B,100,2021-02-13T17:23:35.759171Z
-1.74061198392467,-0.698227790262735,-0.901886930457979,-2.31866900280277,-0.30430839478612,-2.44339185888845,2,3,4,1,5,0.3,1,0,14,AR-experiment_lm_diff_corr,B,100,2021-02-13T17:23:35.759171Z
-1.7406115103442,0.355429072517705,0.672904579553937,1.2707553251254,1.1965040437363,1.35849920407795,5,4,2,3,1,0.3,1,0,15,AR-experiment_lm_diff_corr,B,100,2021-02-13T17:23:35.759171Z
-1.7406116299315,-0.172544123181724,3.09003618680632,2.41840050754823,-1.30425977831487,-0.821731404271936,3,1,2,5,4,0.3,1,0,16,AR-experiment_lm_diff_corr,B,100,2021-02-13T17:23:35.759171Z
-1.74061163608188,-0.253046834633054,-3.85080475082105,1.29258942611986,-0.616841345210495,0.270163920656035,3,5,1,4,2,0.3,1,0,17,AR-experiment_lm_diff_corr,B,100,2021-02-13T17:23:35.759171Z
-1.74061200732417,-0.132078953619695,1.88182975436909,-5.52828952855802,-0.800056211474427,0.299851766741073,3,1,5,4,2,0.3,1,0,18,AR-experiment_lm_diff_corr,B,100,2021-02-13T17:23:35.759171Z
-1.74061196243473,0.346847246824927,2.24360073475511,2.13928886478665,-0.853753749142768,-3.3929960721479,3,1,2,4,5,0.3,1,0,19,AR-experiment_lm_diff_corr,B,100,2021-02-13T17:23:35.759171Z
-1.74061105121822,-0.041940139228656,0.175910853774421,-1.94556627192251,1.81796139235745,2.34092318774926,4,3,5,2,1,0.3,1,0,20,AR-experiment_lm_diff_corr,B,100,2021-02-13T17:23:35.759171Z
-1.74061164477658,-0.374865561143055,-1.29244331610988,0.314919796842184,1.4858309989046,0.375291208038196,4,5,3,1,2,0.3,1,0,21,AR-experiment_lm_diff_corr,B,100,2021-02-13T17:23:35.759171Z
-1.74061135810576,-0.652887665191919,1.39621800536522,1.29719313359931,1.84237716325765,-0.582087031585563,5,2,3,1,4,0.3,1,0,22,AR-experiment_lm_diff_corr,B,100,2021-02-13T17:23:35.759171Z
-1.74061127936232,1.07221756093008,0.807967477636436,1.84290316690373,-1.50747570987094,-0.416590156087694,2,3,1,5,4,0.3,1,0,23,AR-experiment_lm_diff_corr,B,100,2021-02-13T17:23:35.759171Z
-1.74061130452016,0.336253858906646,-0.321856488155425,1.59932228989092,1.48450831911945,1.28362811713754,4,5,1,2,3,0.3,1,0,24,AR-experiment_lm_diff_corr,B,100,2021-02-13T17:23:35.759171Z
-1.74061131929913,-0.036847079940458,-1.32432751478572,-1.18659638661964,-1.5984478790465,0.711780342105739,2,4,3,5,1,0.3,1,0,25,AR-experiment_lm_diff_corr,B,100,2021-02-13T17:23:35.759171Z
-1.74061191629869,-0.0637429980258197,-1.13965076497461,1.82264589750698,-0.986056660002061,-0.817025016878075,2,5,1,4,3,0.3,1,0,26,AR-experiment_lm_diff_corr,B,100,2021-02-13T17:23:35.759171Z
-1.74061188642579,0.0558179133439383,1.19585984908044,-3.80100135508511,-1.16836178845479,-0.346265263477007,2,1,5,4,3,0.3,1,0,27,AR-experiment_lm_diff_corr,B,100,2021-02-13T17:23:35.759171Z
-1.74061125252058,0.296311950823159,1.62386294199709,-0.243372439139732,-1.51886204342593,0.329971708476389,3,1,4,5,2,0.3,1,0,28,AR-experiment_lm_diff_corr,B,100,2021-02-13T17:23:35.759171Z
-1.74061205792493,0.75683108655791,-0.99966356013475,2.18219446764323,0.45777346442334,1.36428650048048,3,5,1,4,2,0.3,1,0,29,AR-experiment_lm_diff_corr,B,100,2021-02-13T17:23:35.759171Z
-1.74061131386729,0.236823478358132,0.584685608222184,0.77947452758999,-1.34911274859678,-0.00226869089574988,3,2,1,5,4,0.3,1,0,30,AR-experiment_lm_diff_corr,B,100,2021-02-13T17:23:35.759171Z
-1.74061171691595,-0.137170759609356,1.77629548497667,1.83529887659413,-1.30112766904561,-1.76018852581088,3,2,1,4,5,0.3,1,0,31,AR-experiment_lm_diff_corr,B,100,2021-02-13T17:23:35.759171Z
-1.74061185937865,1.00371447892105,2.41456536190195,1.80378830382088,-1.02830260143561,1.37459549011079,4,1,2,5,3,0.3,1,0,32,AR-experiment_lm_diff_corr,B,100,2021-02-13T17:23:35.759171Z
-1.74061181388056,0.267309216257559,0.32190703668417,1.82026051240391,-0.794753989926904,1.7870127582938,4,3,1,5,2,0.3,1,0,33,AR-experiment_lm_diff_corr,B,100,2021-02-13T17:23:35.759171Z
-1.74061162522115,-0.00636498469296859,0.466751721716419,-0.134260391297348,-0.271518954212579,1.19695760544622,3,2,4,5,1,0.3,1,0,34,AR-experiment_lm_diff_corr,B,100,2021-02-13T17:23:35.759171Z
-1.74061128382756,1.00202506801281,1.03714619746135,1.95754124864998,0.892546710655932,-1.98044270201886,3,2,1,4,5,0.3,1,0,35,AR-experiment_lm_diff_corr,B,100,2021-02-13T17:23:35.759171Z
-1.74061133370958,-1.02968628209162,0.560897723348862,-4.93953462399633,0.445070028901342,-2.45385761251297,3,1,5,2,4,0.3,1,0,36,AR-experiment_lm_diff_corr,B,100,2021-02-13T17:23:35.759171Z
-1.74061160593887,0.294013027327214,0.113592457983108,1.53254409735872,0.751736943534116,-1.14532772521888,3,4,1,2,5,0.3,1,0,37,AR-experiment_lm_diff_corr,B,100,2021-02-13T17:23:35.759171Z
-1.74061138037562,0.284876436310487,0.908335769715642,2.02988537771823,3.4035947507132,1.65742649326385,5,4,2,1,3,0.3,1,0,38,AR-experiment_lm_diff_corr,B,100,2021-02-13T17:23:35.759171Z
-1.74061120288453,0.00345258427397643,-0.294408906918566,0.547220678410177,3.79531209199663,2.46490473440029,4,5,3,1,2,0.3,1,0,39,AR-experiment_lm_diff_corr,B,100,2021-02-13T17:23:35.759171Z
-1.74061163531793,0.746623588660441,-3.9804542411302,1.26905913902125,3.18212595976893,2.41025270657666,4,5,3,1,2,0.3,1,0,40,AR-experiment_lm_diff_corr,B,100,2021-02-13T17:23:35.759171Z
-1.74061136756656,-0.71296125730632,0.465342926822698,0.589785521649874,0.1325981622923,0.552754958153457,5,3,1,4,2,0.3,1,0,41,AR-experiment_lm_diff_corr,B,100,2021-02-13T17:23:35.759171Z
-1.74061160681707,0.374820442224064,2.11000695027249,2.2638221714704,-1.63337672190539,2.30399612697014,4,3,2,5,1,0.3,1,0,42,AR-experiment_lm_diff_corr,B,100,2021-02-13T17:23:35.759171Z
-1.7406117352077,0.0912855052181258,-4.64564978581222,1.59937028644511,-1.13877890346405,-1.85733635873541,2,5,1,3,4,0.3,1,0,43,AR-experiment_lm_diff_corr,B,100,2021-02-13T17:23:35.759171Z
-1.74061183930692,-0.649209170960581,1.75974108741413,-3.14178684856021,-1.15665968823676,-0.0830191564263247,3,1,5,4,2,0.3,1,0,44,AR-experiment_lm_diff_corr,B,100,2021-02-13T17:23:35.759171Z
-1.74061118853309,0.526607602190937,-0.880879813049115,0.134223241297667,11.4128809553838,0.228166323390781,2,5,4,1,3,0.3,1,0,45,AR-experiment_lm_diff_corr,B,100,2021-02-13T17:23:35.759171Z
-1.74061128600775,-0.374066177797806,1.7179515569214,-0.208461536758868,-0.878457935132471,0.273505498864727,4,1,3,5,2,0.3,1,0,46,AR-experiment_lm_diff_corr,B,100,2021-02-13T17:23:35.759171Z
-1.74061134317411,0.125061786321412,0.236286249411032,3.25458333472723,0.496149266403729,-0.185824767542827,4,3,1,2,5,0.3,1,0,47,AR-experiment_lm_diff_corr,B,100,2021-02-13T17:23:35.759171Z
-1.74061135777069,-0.6592911096845,-4.20729636457659,-1.6908790151369,-0.81715659046645,0.633627051734007,2,5,4,3,1,0.3,1,0,48,AR-experiment_lm_diff_corr,B,100,2021-02-13T17:23:35.759171Z
-1.74061142892056,-0.408819009807607,0.275465321395678,1.39009134574911,-0.771841719496142,2.1727759816556,4,3,2,5,1,0.3,1,0,49,AR-experiment_lm_diff_corr,B,100,2021-02-13T17:23:35.759171Z
-1.74061147332416,-0.506740680650752,0.669260862968181,1.68841053677698,-0.940440851054993,0.312252233074919,4,2,1,5,3,0.3,1,0,50,AR-experiment_lm_diff_corr,B,100,2021-02-13T17:23:35.759171Z
-1.74061153845717,0.163710287570816,-0.188581242563594,1.44793880280615,2.42378227282135,-0.335417875505274,3,4,2,1,5,0.3,1,0,51,AR-experiment_lm_diff_corr,B,100,2021-02-13T17:23:35.759171Z
-1.74061142386656,-0.138403000463224,-3.2168509147876,1.30409582850146,-0.530976182581028,1.57255785181434,3,5,2,4,1,0.3,1,0,52,AR-experiment_lm_diff_corr,B,100,2021-02-13T17:23:35.759171Z
-1.74061189584149,-0.366293622092612,0.687886472131921,2.58520393426974,-0.684188906707297,-0.588683485334618,3,2,1,5,4,0.3,1,0,53,AR-experiment_lm_diff_corr,B,100,2021-02-13T17:23:35.759171Z
-1.74061120811664,1.44100304120273,1.23629259940053,4.97225907192907,5.04132929478031,2.48438420438829,4,5,2,1,3,0.3,1,0,54,AR-experiment_lm_diff_corr,B,100,2021-02-13T17:23:35.759171Z
-1.7406113182371,0.25135393199346,-1.23189465839927,2.61009776725637,0.906328940691992,1.75563861706781,4,5,1,3,2,0.3,1,0,55,AR-experiment_lm_diff_corr,B,100,2021-02-13T17:23:35.759171Z
-1.74061157284278,-0.394448391940773,0.723184045980079,-0.067323360613195,-0.710657568624246,-2.36013953106908,3,1,2,4,5,0.3,1,0,56,AR-experiment_lm_diff_corr,B,100,2021-02-13T17:23:35.759171Z
-1.74061119484809,0.0221437788958181,2.15796336548415,0.675017774907171,1.22635043978703,0.783872283272966,5,1,4,2,3,0.3,1,0,57,AR-experiment_lm_diff_corr,B,100,2021-02-13T17:23:35.759171Z
-1.74061174514992,-0.54058169662403,-0.10545050235024,2.09586153896428,-0.570588416831103,-1.31486089719695,3,2,1,4,5,0.3,1,0,58,AR-experiment_lm_diff_corr,B,100,2021-02-13T17:23:35.759171Z
-1.74061114241384,0.0401571548704449,2.30739064729356,-0.539594145376053,0.904300877291577,1.42363296289324,4,1,5,3,2,0.3,1,0,59,AR-experiment_lm_diff_corr,B,100,2021-02-13T17:23:35.759171Z
-1.7406116756058,0.278969885487165,-1.46220560999117,1.45265479888457,0.581389379546351,-0.407843226180554,3,5,1,2,4,0.3,1,0,60,AR-experiment_lm_diff_corr,B,100,2021-02-13T17:23:35.759171Z
-1.74061239803813,0.227385585948837,-1.31603989627333,-4.46610729168111,1.01155897790931,0.175115303645764,2,4,5,1,3,0.3,1,0,61,AR-experiment_lm_diff_corr,B,100,2021-02-13T17:23:35.759171Z
-1.74061127054865,-0.00361085544910833,1.80693203654734,1.53160023144337,4.60976964877655,0.991269278041725,5,2,3,1,4,0.3,1,0,62,AR-experiment_lm_diff_corr,B,100,2021-02-13T17:23:35.759171Z
-1.74061133250476,-0.216253590130934,1.45469877022985,2.28651581054712,-0.654160582720345,2.5999069770838,4,3,2,5,1,0.3,1,0,63,AR-experiment_lm_diff_corr,B,100,2021-02-13T17:23:35.759171Z
-1.74061171513636,0.249809435820606,0.453116936544587,-2.07950281672076,-1.37806150371029,-1.41777711181835,2,1,5,3,4,0.3,1,0,64,AR-experiment_lm_diff_corr,B,100,2021-02-13T17:23:35.759171Z
-1.74061201524806,-0.456964885034112,2.54132521260493,-7.29475427018765,-0.926982437755692,-3.13472618969081,2,1,5,3,4,0.3,1,0,65,AR-experiment_lm_diff_corr,B,100,2021-02-13T17:23:35.759171Z
-1.74061231345944,1.38230816171155,1.18509998314696,0.43928899493555,-0.539803712681676,-1.21387117118663,1,2,3,4,5,0.3,1,0,66,AR-experiment_lm_diff_corr,B,100,2021-02-13T17:23:35.759171Z
-1.74061155031307,-0.0479290561143427,-3.44580529670041,0.768263091256111,-0.657052127473584,0.260285661971882,3,5,1,4,2,0.3,1,0,67,AR-experiment_lm_diff_corr,B,100,2021-02-13T17:23:35.759171Z
-1.74061211227902,0.188271881895597,-1.12998939647742,-3.11360595253536,-0.978054959188244,-1.74144454901079,1,3,5,2,4,0.3,1,0,68,AR-experiment_lm_diff_corr,B,100,2021-02-13T17:23:35.759171Z
-1.74061174395032,-0.41465668629237,1.592980914653,-0.937854586141023,-1.20881338266044,-1.02535467726329,2,1,3,5,4,0.3,1,0,69,AR-experiment_lm_diff_corr,B,100,2021-02-13T17:23:35.759171Z
-1.74061148747148,-0.116915471638512,1.25841612572598,1.87969633277666,-1.19398142357046,0.551430032462801,4,2,1,5,3,0.3,1,0,70,AR-experiment_lm_diff_corr,B,100,2021-02-13T17:23:35.759171Z
-1.74061124348602,0.68840158288843,1.94075299581927,1.35136048292647,-2.03827584399206,-0.182287376107308,3,1,2,5,4,0.3,1,0,71,AR-experiment_lm_diff_corr,B,100,2021-02-13T17:23:35.759171Z
-1.74061181877918,-0.434938277533363,2.83570716957719,-8.67450172738159,-1.10491893880955,-1.0689176796164,2,1,5,4,3,0.3,1,0,72,AR-experiment_lm_diff_corr,B,100,2021-02-13T17:23:35.759171Z
-1.74061153692535,-0.188711789860465,-1.18152646863093,0.110750493353048,-1.26595275493373,0.819227159342366,3,4,2,5,1,0.3,1,0,73,AR-experiment_lm_diff_corr,B,100,2021-02-13T17:23:35.759171Z
-1.74061138736474,0.539126799064906,0.579052441431229,1.57985534160735,-1.29878948916112,-0.342523499642709,3,2,1,5,4,0.3,1,0,74,AR-experiment_lm_diff_corr,B,100,2021-02-13T17:23:35.759171Z
-1.74061103759156,-0.0547883486661449,0.96474973048558,-12.0295314801835,3.75468179382528,0.841795153465339,4,2,5,1,3,0.3,1,0,75,AR-experiment_lm_diff_corr,B,100,2021-02-13T17:23:35.759171Z
-1.74061181071722,-0.354796383123064,0.425313836927239,0.928609601351612,-1.35126217036701,-1.63698960212782,3,2,1,4,5,0.3,1,0,76,AR-experiment_lm_diff_corr,B,100,2021-02-13T17:23:35.759171Z
-1.74061212600956,0.90512932789729,2.60235425766699,-0.531611913974448,-1.17430741674739,-1.84207442447143,2,1,3,4,5,0.3,1,0,77,AR-experiment_lm_diff_corr,B,100,2021-02-13T17:23:35.759171Z
-1.74061209275182,-0.536092632562725,-1.80537695535895,-0.055691745721496,-0.886570093523708,-3.09659117353852,2,4,1,3,5,0.3,1,0,78,AR-experiment_lm_diff_corr,B,100,2021-02-13T17:23:35.759171Z
-1.7406113407655,-0.324526147095733,1.52449303336487,1.0497417740724,-0.45386895452991,-0.724060489891452,3,1,2,4,5,0.3,1,0,79,AR-experiment_lm_diff_corr,B,100,2021-02-13T17:23:35.759171Z
-1.74061160338815,-0.119543562108413,1.52902649124988,1.87729309951243,-0.204686327605391,-0.400448645612473,3,2,1,4,5,0.3,1,0,80,AR-experiment_lm_diff_corr,B,100,2021-02-13T17:23:35.759171Z
-1.74061128932334,-0.392306722795672,1.96866164885755,0.188474261982478,-1.7022907738606,1.62157991273958,4,1,3,5,2,0.3,1,0,81,AR-experiment_lm_diff_corr,B,100,2021-02-13T17:23:35.759171Z
-1.74061152661703,-0.258101910308477,-2.03157505018972,0.459666719176221,-0.331881190063161,0.429750440041931,3,5,1,4,2,0.3,1,0,82,AR-experiment_lm_diff_corr,B,100,2021-02-13T17:23:35.759171Z
-1.74061149209552,-0.187246318292053,0.929196479926426,1.90189434082878,3.10891498001741,-0.653218596249397,4,3,2,1,5,0.3,1,0,83,AR-experiment_lm_diff_corr,B,100,2021-02-13T17:23:35.759171Z
-1.74061154962657,-0.215872799916524,2.48968494416952,1.92841744584428,-1.44430920070625,-1.28035512691123,3,1,2,5,4,0.3,1,0,84,AR-experiment_lm_diff_corr,B,100,2021-02-13T17:23:35.759171Z
-1.74061142178114,0.141170695182787,-3.82146234803872,0.587024073007624,-0.79256367686672,0.439267781559507,3,5,1,4,2,0.3,1,0,85,AR-experiment_lm_diff_corr,B,100,2021-02-13T17:23:35.759171Z
-1.74061166249917,-0.128032710269664,-3.20602480873199,1.18785443543874,-0.657025720470491,0.395660662837071,3,5,1,4,2,0.3,1,0,86,AR-experiment_lm_diff_corr,B,100,2021-02-13T17:23:35.759171Z
-1.74061130686808,0.164633154418817,0.141262573738684,0.123835999827789,-1.30455284489491,4.34564434499878,2,3,4,5,1,0.3,1,0,87,AR-experiment_lm_diff_corr,B,100,2021-02-13T17:23:35.759171Z
-1.74061162097858,0.0394516144092961,0.21879324101486,1.43738422025088,0.742023136238053,-1.35808435392788,4,3,1,2,5,0.3,1,0,88,AR-experiment_lm_diff_corr,B,100,2021-02-13T17:23:35.759171Z
-1.74061135705526,-0.0687969037042906,-2.72335557774861,-1.43064545473055,3.19315543692025,0.503027105620997,3,5,4,1,2,0.3,1,0,89,AR-experiment_lm_diff_corr,B,100,2021-02-13T17:23:35.759171Z
-1.74061154055569,-0.242301896599552,0.328884825250806,0.385942412003669,0.755623501588258,1.03083704769297,5,4,3,2,1,0.3,1,0,90,AR-experiment_lm_diff_corr,B,100,2021-02-13T17:23:35.759171Z
-1.74061112999117,0.790879398596442,1.96897916350038,1.0927154156891,2.69508463835677,0.0672021108745236,4,2,3,1,5,0.3,1,0,91,AR-experiment_lm_diff_corr,B,100,2021-02-13T17:23:35.759171Z
-1.74061133582614,-0.10676246170339,1.34630013089097,2.40947111399304,-1.32306730939145,-0.18417290271139,3,2,1,5,4,0.3,1,0,92,AR-experiment_lm_diff_corr,B,100,2021-02-13T17:23:35.759171Z
-1.74061166382005,-0.764071980259678,1.93472088050377,0.871361273324581,0.462099618731664,-2.76505846025494,4,1,2,3,5,0.3,1,0,93,AR-experiment_lm_diff_corr,B,100,2021-02-13T17:23:35.759171Z
-1.74061157086692,-0.115961966241889,-0.620205143352078,2.28691997709498,2.29197500569279,0.349114956316692,4,5,2,1,3,0.3,1,0,94,AR-experiment_lm_diff_corr,B,100,2021-02-13T17:23:35.759171Z
-1.74061149103994,-0.329286720426528,-2.73058196888943,1.90590144044704,-1.16359232659468,1.0921393786683,3,5,1,4,2,0.3,1,0,95,AR-experiment_lm_diff_corr,B,100,2021-02-13T17:23:35.759171Z
-1.74061213192501,-1.26193701994271,-7.72916524138639,-1.11016354884601,-0.914745597127948,-1.54021790195351,3,5,2,1,4,0.3,1,0,96,AR-experiment_lm_diff_corr,B,100,2021-02-13T17:23:35.759171Z
-1.74061107085906,0.492190954847382,0.0105670097572488,-4.95983129878851,2.54798453473251,-0.170602743916945,2,3,5,1,4,0.3,1,0,97,AR-experiment_lm_diff_corr,B,100,2021-02-13T17:23:35.759171Z
-1.74061125330572,0.0802506845857906,0.645453640730879,1.69904918732201,-1.74890819588013,2.36465795304906,4,3,2,5,1,0.3,1,0,98,AR-experiment_lm_diff_corr,B,100,2021-02-13T17:23:35.759171Z
-1.74061175112258,-0.172323535147512,-1.592256513037,1.53612456146796,-1.02948537975447,-1.8233986478609,2,4,1,3,5,0.3,1,0,99,AR-experiment_lm_diff_corr,B,100,2021-02-13T17:23:35.759171Z
-1.74061133551234,0.0665139662062624,-4.12407311838761,-1.66694193755407,0.777636118976043,-1.40331363249334,2,5,4,1,3,0.3,1,0,100,AR-experiment_lm_diff_corr,B,100,2021-02-13T17:23:35.759171Z
-1.72030749843836,-0.713493962476387,-1.93793257081404,-0.807127582666197,-0.360253289820942,-1.35366697749634,2,5,3,1,4,0.7,1,0,1,AR-experiment_lm_diff_corr,B,100,2021-02-13T17:36:54.520781Z
-1.72030761526864,-0.307260565168143,0.38300634202524,0.134286452823745,-1.00876804483525,-1.97353467361982,3,1,2,4,5,0.7,1,0,2,AR-experiment_lm_diff_corr,B,100,2021-02-13T17:36:54.520781Z
-1.72030611467742,-0.0504442967598147,0.806024039924114,0.0463627677047252,-0.518773379643835,2.79062648967103,4,2,3,5,1,0.7,1,0,3,AR-experiment_lm_diff_corr,B,100,2021-02-13T17:36:54.520781Z
-1.72030674312815,0.246245530625427,1.52649650582885,1.33562214314541,-1.47233666653435,0.0322670468003078,3,1,2,5,4,0.7,1,0,4,AR-experiment_lm_diff_corr,B,100,2021-02-13T17:36:54.520781Z
-1.7203064864126,-0.247230456199262,0.699090807528249,-0.0303239107577096,-1.06837782261565,-0.589248038137517,3,1,2,5,4,0.7,1,0,5,AR-experiment_lm_diff_corr,B,100,2021-02-13T17:36:54.520781Z
-1.72030596511029,1.2298679813092,0.731028974988632,1.87487062644222,2.76239355842146,0.995436153614437,3,5,2,1,4,0.7,1,0,6,AR-experiment_lm_diff_corr,B,100,2021-02-13T17:36:54.520781Z
-1.72030731269129,-0.382151633661494,1.337567437401,-1.9336512840152,-0.934445936037914,0.737471366422841,3,1,5,4,2,0.7,1,0,7,AR-experiment_lm_diff_corr,B,100,2021-02-13T17:36:54.520781Z
-1.72030551196638,0.582953594689296,0.739363304503607,-5.73066557399693,0.828213549698589,0.315822961841842,3,2,5,1,4,0.7,1,0,8,AR-experiment_lm_diff_corr,B,100,2021-02-13T17:36:54.520781Z
-1.72030579992198,0.808839018638269,0.200053349982758,-1.70180552276775,1.84958139719212,0.539839768049207,2,4,5,1,3,0.7,1,0,9,AR-experiment_lm_diff_corr,B,100,2021-02-13T17:36:54.520781Z
-1.72030732841227,-0.207953807175487,-4.38955603087614,1.16682236961519,-0.295867987780796,-1.99219488933338,2,5,1,3,4,0.7,1,0,10,AR-experiment_lm_diff_corr,B,100,2021-02-13T17:36:54.520781Z
-1.72030629057886,0.459639358128768,1.00112970990246,1.25345488886361,0.0566103794187629,-0.12892901184306,3,2,1,4,5,0.7,1,0,11,AR-experiment_lm_diff_corr,B,100,2021-02-13T17:36:54.520781Z
-1.72030639694951,0.260392025289927,1.94244756605648,0.775294578487034,-1.45181799981024,1.37030618755144,4,1,3,5,2,0.7,1,0,12,AR-experiment_lm_diff_corr,B,100,2021-02-13T17:36:54.520781Z
-1.7203056302676,1.07264548269208,0.579113864425327,-1.69672241069087,-1.49428081033729,0.915314347525268,1,3,5,4,2,0.7,1,0,13,AR-experiment_lm_diff_corr,B,100,2021-02-13T17:36:54.520781Z
-1.7203058877924,0.69230720771012,0.692813173359856,1.31804336202499,-0.217863993709185,0.828545977189128,4,3,1,5,2,0.7,1,0,14,AR-experiment_lm_diff_corr,B,100,2021-02-13T17:36:54.520781Z
-1.72030680290465,-0.271674713575317,0.334260862619805,0.786766688599286,0.551608504823179,-2.27255836908532,4,3,1,2,5,0.7,1,0,15,AR-experiment_lm_diff_corr,B,100,2021-02-13T17:36:54.520781Z
-1.72030653202195,0.0269854580662882,0.0247844016845855,0.17035738289291,1.95711418292336,1.32315562918906,4,5,3,1,2,0.7,1,0,16,AR-experiment_lm_diff_corr,B,100,2021-02-13T17:36:54.520781Z
-1.72030603485159,0.140576515868731,0.794026578952942,-0.512865815163095,-1.44008111339665,-0.0947843615445608,2,1,4,5,3,0.7,1,0,17,AR-experiment_lm_diff_corr,B,100,2021-02-13T17:36:54.520781Z
-1.7203060762066,1.16714616865056,0.645552894924787,2.61343038616232,1.99962985721948,0.455996816454009,3,4,1,2,5,0.7,1,0,18,AR-experiment_lm_diff_corr,B,100,2021-02-13T17:36:54.520781Z
-1.72030624139472,0.130319181625803,1.16532104278225,2.40430738549164,2.96042422666003,0.976655308131787,5,3,2,1,4,0.7,1,0,19,AR-experiment_lm_diff_corr,B,100,2021-02-13T17:36:54.520781Z
-1.72030890676744,-0.808938275713322,-3.89630403650236,1.32967169253254,-1.06386394905554,-2.60094683637556,2,5,1,3,4,0.7,1,0,20,AR-experiment_lm_diff_corr,B,100,2021-02-13T17:36:54.520781Z
-1.72030623914176,0.717512988322993,0.881480019124078,0.905164429114586,-0.299095184194738,-1.26272379492561,3,2,1,4,5,0.7,1,0,21,AR-experiment_lm_diff_corr,B,100,2021-02-13T17:36:54.520781Z
-1.72030724784518,-0.0881310184454832,1.12864019687615,-0.521089966788774,-0.382417104933155,-0.907862754924803,2,1,4,3,5,0.7,1,0,22,AR-experiment_lm_diff_corr,B,100,2021-02-13T17:36:54.520781Z
-1.7203073048516,-0.0759325918703215,-0.406051450826893,-0.594352106465133,-1.01082006511254,1.86664695702455,2,3,4,5,1,0.7,1,0,23,AR-experiment_lm_diff_corr,B,100,2021-02-13T17:36:54.520781Z
-1.72030722006115,-0.74280546821404,0.65411953173863,0.751737734541911,-1.01385355325793,-1.05088546051398,3,2,1,4,5,0.7,1,0,24,AR-experiment_lm_diff_corr,B,100,2021-02-13T17:36:54.520781Z
-1.72030672588777,-0.194413617401187,-2.25131898837411,0.907894942830967,-0.939792603869107,1.64946389102507,3,5,2,4,1,0.7,1,0,25,AR-experiment_lm_diff_corr,B,100,2021-02-13T17:36:54.520781Z
-1.72030587633845,0.306453917361352,0.534646077590784,-0.307246761136307,1.41919113604507,0.446311715705189,4,2,5,1,3,0.7,1,0,26,AR-experiment_lm_diff_corr,B,100,2021-02-13T17:36:54.520781Z
-1.72030605694343,0.695248055483103,1.4217578441393,1.58523191468278,0.902022411456888,0.59775709490458,4,2,1,3,5,0.7,1,0,27,AR-experiment_lm_diff_corr,B,100,2021-02-13T17:36:54.520781Z
-1.72030717795187,-0.824102894428207,-1.13679054831163,-0.143927507705014,-0.616927264186476,0.749891449908248,4,5,2,3,1,0.7,1,0,28,AR-experiment_lm_diff_corr,B,100,2021-02-13T17:36:54.520781Z
-1.72030588084949,0.519544797689198,-0.591118564128669,-1.93209860534689,4.3336820874933,0.103318665668744,2,4,5,1,3,0.7,1,0,29,AR-experiment_lm_diff_corr,B,100,2021-02-13T17:36:54.520781Z
-1.72030704021016,-0.16581846935584,-0.13225692045772,0.306506527256082,-0.94117768156712,0.85359144134209,4,3,2,5,1,0.7,1,0,30,AR-experiment_lm_diff_corr,B,100,2021-02-13T17:36:54.520781Z
-1.72030627300301,0.117388079115052,0.919419610970841,1.17939656304072,1.4081180124763,1.44710870070171,5,4,3,2,1,0.7,1,0,31,AR-experiment_lm_diff_corr,B,100,2021-02-13T17:36:54.520781Z
-1.72030645030424,0.964102388564512,-0.260260222034655,1.18484633424329,4.54349806793661,-1.33733556832435,3,4,2,1,5,0.7,1,0,32,AR-experiment_lm_diff_corr,B,100,2021-02-13T17:36:54.520781Z
-1.72030604211036,0.264550888884207,-0.503338188955112,0.18035027774448,2.22303330202742,-0.216359849869753,2,5,3,1,4,0.7,1,0,33,AR-experiment_lm_diff_corr,B,100,2021-02-13T17:36:54.520781Z
-1.72030631323949,0.295093699542693,0.432535385613166,1.11922618233181,-0.113993213288832,-0.903059212562873,3,2,1,4,5,0.7,1,0,34,AR-experiment_lm_diff_corr,B,100,2021-02-13T17:36:54.520781Z
-1.72030746759275,-0.449033477297801,1.64014629224687,-1.1990720190749,-1.00394686819561,1.6842861648678,3,2,5,4,1,0.7,1,0,35,AR-experiment_lm_diff_corr,B,100,2021-02-13T17:36:54.520781Z
-1.7203071470478,0.14659029593487,1.77694405556983,1.61300261452097,0.245406519785676,0.396101848342441,5,1,2,4,3,0.7,1,0,36,AR-experiment_lm_diff_corr,B,100,2021-02-13T17:36:54.520781Z
-1.7203064211621,0.00743472979164273,1.32710513083152,1.62434643173841,1.51011863784976,-0.702617839195039,4,3,1,2,5,0.7,1,0,37,AR-experiment_lm_diff_corr,B,100,2021-02-13T17:36:54.520781Z
-1.72030726631197,-0.971569852105676,1.40033905916009,-0.222032980596657,-0.92201225446894,-1.94103423378334,4,1,2,3,5,0.7,1,0,38,AR-experiment_lm_diff_corr,B,100,2021-02-13T17:36:54.520781Z
-1.7203083086672,-0.810845996584567,-2.47099964800497,1.71129719793646,-1.13969361792535,-3.59365367899944,2,4,1,3,5,0.7,1,0,39,AR-experiment_lm_diff_corr,B,100,2021-02-13T17:36:54.520781Z
-1.7203064092778,0.12319211054805,0.268659831891783,-0.123564483799704,-0.713593351127176,-2.9244810873085,2,1,3,4,5,0.7,1,0,40,AR-experiment_lm_diff_corr,B,100,2021-02-13T17:36:54.520781Z
-1.72030688254162,0.0738196899627799,-0.265015070848472,0.821826975940655,-0.178017080249841,-0.631838438809391,2,4,1,3,5,0.7,1,0,41,AR-experiment_lm_diff_corr,B,100,2021-02-13T17:36:54.520781Z
-1.72030668310473,0.18485504910425,-2.25536987336606,0.168008346862777,1.66486341641011,-1.02367833270468,2,5,3,1,4,0.7,1,0,42,AR-experiment_lm_diff_corr,B,100,2021-02-13T17:36:54.520781Z
-1.72030588056258,0.169746532014068,0.830943365513868,-0.667617757423543,-1.90322708581869,1.98356195218087,3,2,4,5,1,0.7,1,0,43,AR-experiment_lm_diff_corr,B,100,2021-02-13T17:36:54.520781Z
-1.72030609428697,0.997268633091636,0.594512716213263,1.62954401350748,0.710786077482113,0.930319264180674,2,5,1,4,3,0.7,1,0,44,AR-experiment_lm_diff_corr,B,100,2021-02-13T17:36:54.520781Z
-1.72030913205273,-0.855730132736606,2.67347748285676,1.43893353661516,-0.619198407305056,-3.10473159447501,4,1,2,3,5,0.7,1,0,45,AR-experiment_lm_diff_corr,B,100,2021-02-13T17:36:54.520781Z
-1.7203072326237,-0.204695700580614,-1.7157868155786,-1.12828407214987,0.350879796661806,-0.692802960482235,2,5,4,1,3,0.7,1,0,46,AR-experiment_lm_diff_corr,B,100,2021-02-13T17:36:54.520781Z
-1.72030722364377,-0.0957689533136532,1.05218535759734,1.22886619764987,-1.08511092130832,0.664146515980448,4,2,1,5,3,0.7,1,0,47,AR-experiment_lm_diff_corr,B,100,2021-02-13T17:36:54.520781Z
-1.72030660847267,0.109438709819028,0.726714150459232,-0.0484005107099809,-0.931533923558867,-0.510534975156112,2,1,3,5,4,0.7,1,0,48,AR-experiment_lm_diff_corr,B,100,2021-02-13T17:36:54.520781Z
-1.72030681627623,0.165154770934041,-1.94912403196233,0.798329536673796,-0.170258681507871,-1.43615440756449,2,5,1,3,4,0.7,1,0,49,AR-experiment_lm_diff_corr,B,100,2021-02-13T17:36:54.520781Z
-1.72030658689821,0.195004124913378,-0.371154617160746,0.939607274758742,-0.222973518458119,0.0720152716632493,2,5,1,4,3,0.7,1,0,50,AR-experiment_lm_diff_corr,B,100,2021-02-13T17:36:54.520781Z
-1.72030654760079,-0.476880145877163,1.62061568911069,0.708159593105891,-0.46334671732358,-0.477357963412573,4,1,2,3,5,0.7,1,0,51,AR-experiment_lm_diff_corr,B,100,2021-02-13T17:36:54.520781Z
-1.7203066612538,0.336281746568885,-0.0577580304863398,0.759879176981696,-1.38889915561922,-0.289836577305357,2,3,1,5,4,0.7,1,0,52,AR-experiment_lm_diff_corr,B,100,2021-02-13T17:36:54.520781Z
-1.72030606132273,0.537321871791979,0.143715430414021,2.73090987309125,2.10718895622111,0.439454529504185,3,5,1,2,4,0.7,1,0,53,AR-experiment_lm_diff_corr,B,100,2021-02-13T17:36:54.520781Z
-1.72030949910837,-1.22572403761801,-1.62180977460835,-3.0533933922062,-0.258064290274061,-2.48539562570546,2,3,5,1,4,0.7,1,0,54,AR-experiment_lm_diff_corr,B,100,2021-02-13T17:36:54.520781Z
-1.72030724451171,-0.273070390943952,-0.314404959144645,1.92577022129,-1.09651137156842,-1.07546360626783,2,3,1,5,4,0.7,1,0,55,AR-experiment_lm_diff_corr,B,100,2021-02-13T17:36:54.520781Z
-1.72030651948167,0.16931029476006,2.25296324038266,1.33193946923244,1.30895371155971,0.389156765682944,5,1,2,3,4,0.7,1,0,56,AR-experiment_lm_diff_corr,B,100,2021-02-13T17:36:54.520781Z
-1.72030772943294,-0.728010779339547,0.898240799262663,0.214218786675641,-0.994000864189846,-0.230856777058254,4,1,2,5,3,0.7,1,0,57,AR-experiment_lm_diff_corr,B,100,2021-02-13T17:36:54.520781Z
-1.7203061636232,0.559486514166722,1.00407407823543,1.34080679758042,1.31023642798823,0.0453579467502531,4,3,1,2,5,0.7,1,0,58,AR-experiment_lm_diff_corr,B,100,2021-02-13T17:36:54.520781Z
-1.72030825492143,-0.985220866805562,-2.56884721973002,-1.51129455432448,-1.38207079404518,-1.17946504997447,1,5,4,3,2,0.7,1,0,59,AR-experiment_lm_diff_corr,B,100,2021-02-13T17:36:54.520781Z
-1.72030621263142,0.200116390253508,0.932343207774808,-0.0935075020104744,0.761323866116324,-0.638364035717837,3,1,4,2,5,0.7,1,0,60,AR-experiment_lm_diff_corr,B,100,2021-02-13T17:36:54.520781Z
-1.72030593380814,1.39979541092424,0.65211348808716,-0.610619826710179,2.89453622407816,0.915400695261611,2,4,5,1,3,0.7,1,0,61,AR-experiment_lm_diff_corr,B,100,2021-02-13T17:36:54.520781Z
-1.72030789925047,-0.764677127826689,1.09945780305534,-2.32198197236392,-1.22888879579792,-2.13756164500042,2,1,5,3,4,0.7,1,0,62,AR-experiment_lm_diff_corr,B,100,2021-02-13T17:36:54.520781Z
-1.72030743364376,-0.197986102573004,-2.30554414908943,-1.96512943834133,-0.920548213663778,-1.70828433100975,1,5,4,2,3,0.7,1,0,63,AR-experiment_lm_diff_corr,B,100,2021-02-13T17:36:54.520781Z
-1.72030615088248,0.324285641016349,0.688573837085297,1.52445207413063,-1.62610738021517,2.1915415011807,4,3,2,5,1,0.7,1,0,64,AR-experiment_lm_diff_corr,B,100,2021-02-13T17:36:54.520781Z
-1.72030618384244,0.960508227478357,0.97904505236315,3.27055806804477,1.51841757457055,1.48564550489621,5,4,1,2,3,0.7,1,0,65,AR-experiment_lm_diff_corr,B,100,2021-02-13T17:36:54.520781Z
-1.72030605416595,0.703594233554525,0.252147615347301,1.71290996412074,5.09125067256486,1.76765423375153,4,5,3,1,2,0.7,1,0,66,AR-experiment_lm_diff_corr,B,100,2021-02-13T17:36:54.520781Z
-1.72030619098189,0.122203864803173,0.0394960286042174,0.110465692139865,-1.42881236502531,1.19234417212767,2,4,3,5,1,0.7,1,0,67,AR-experiment_lm_diff_corr,B,100,2021-02-13T17:36:54.520781Z
-1.72030581304294,0.727354218504687,0.879006089640968,0.748143531296876,1.28841287478149,1.4119107104664,5,3,4,2,1,0.7,1,0,68,AR-experiment_lm_diff_corr,B,100,2021-02-13T17:36:54.520781Z
-1.72030616199968,0.472009719726127,1.33590409897435,1.45120143556574,-0.871776265802594,0.974467394414271,4,2,1,5,3,0.7,1,0,69,AR-experiment_lm_diff_corr,B,100,2021-02-13T17:36:54.520781Z
-1.72030659754343,-0.177728240543202,-0.399626047739942,0.650431706039952,-0.0844755703441244,0.167919520671757,4,5,1,3,2,0.7,1,0,70,AR-experiment_lm_diff_corr,B,100,2021-02-13T17:36:54.520781Z
-1.72030727741658,-0.450637244012078,-1.29098178845445,-2.28201085851731,-0.764138955324318,1.65602727698445,2,4,5,3,1,0.7,1,0,71,AR-experiment_lm_diff_corr,B,100,2021-02-13T17:36:54.520781Z
-1.72030616321838,1.18458971701473,0.624132368163386,1.7419912589304,0.454325166572965,1.94160065636423,3,4,2,5,1,0.7,1,0,72,AR-experiment_lm_diff_corr,B,100,2021-02-13T17:36:54.520781Z
-1.72030637368687,-0.0841813402088227,-0.305904742356037,0.23063722845569,0.457863087602925,-0.307516549096251,3,4,2,1,5,0.7,1,0,73,AR-experiment_lm_diff_corr,B,100,2021-02-13T17:36:54.520781Z
-1.72030674905986,-0.134090151900337,0.696870601874105,0.251027911982956,-1.10554718686301,1.48568949869259,4,2,3,5,1,0.7,1,0,74,AR-experiment_lm_diff_corr,B,100,2021-02-13T17:36:54.520781Z
-1.72030862502151,-1.15995360441394,-0.264911394578975,1.39197757210489,-0.758790442268274,-3.12849136524761,4,2,1,3,5,0.7,1,0,75,AR-experiment_lm_diff_corr,B,100,2021-02-13T17:36:54.520781Z
-1.72030605191625,0.3072127067241,1.41326995680699,1.11489220087171,0.56368048353926,1.15592942311215,5,1,3,4,2,0.7,1,0,76,AR-experiment_lm_diff_corr,B,100,2021-02-13T17:36:54.520781Z
-1.7203061126781,0.516895933150942,1.07700134904551,4.14034865655374,3.54817767243897,1.52122552133814,5,4,1,2,3,0.7,1,0,77,AR-experiment_lm_diff_corr,B,100,2021-02-13T17:36:54.520781Z
-1.7203058566899,0.417159325487243,0.507974718942761,0.736718229983361,0.387718706063324,1.13415948119457,4,3,2,5,1,0.7,1,0,78,AR-experiment_lm_diff_corr,B,100,2021-02-13T17:36:54.520781Z
-1.72030702186188,-0.159298136305329,0.816566803787134,-0.675832159349613,-0.392341204623281,0.385069671891412,3,1,5,4,2,0.7,1,0,79,AR-experiment_lm_diff_corr,B,100,2021-02-13T17:36:54.520781Z
-1.72030651185256,0.0385419424430351,1.33872743571384,0.64022475303512,0.443045859549529,-0.327773925814029,4,1,2,3,5,0.7,1,0,80,AR-experiment_lm_diff_corr,B,100,2021-02-13T17:36:54.520781Z
-1.72030710297703,-0.150726113511926,-2.9320758162915,0.349056864180488,-0.480218804142243,0.189812450343932,3,5,1,4,2,0.7,1,0,81,AR-experiment_lm_diff_corr,B,100,2021-02-13T17:36:54.520781Z
-1.72030635233605,0.379934521594564,1.16654878444039,0.662994670372452,-1.33389722498781,0.0980758203226109,3,1,2,5,4,0.7,1,0,82,AR-experiment_lm_diff_corr,B,100,2021-02-13T17:36:54.520781Z
-1.72030689112697,-0.0335987121250243,1.87566902742097,0.600590483160631,-0.049807681427098,-1.21900879330619,3,1,2,4,5,0.7,1,0,83,AR-experiment_lm_diff_corr,B,100,2021-02-13T17:36:54.520781Z
-1.72030670826354,0.0939243156053298,-0.329040714164803,-1.42472639078733,1.15939840677496,1.14547244058908,3,4,5,1,2,0.7,1,0,84,AR-experiment_lm_diff_corr,B,100,2021-02-13T17:36:54.520781Z
-1.72030644849435,-0.772465186728994,0.294113554673275,-0.0221957936937163,-1.06133826515918,0.00464318412379683,4,1,3,5,2,0.7,1,0,85,AR-experiment_lm_diff_corr,B,100,2021-02-13T17:36:54.520781Z
-1.72030597417703,-0.0985392267940577,-1.40597855549411,-1.04403188789497,-0.243985989402556,1.44679615442418,2,5,4,3,1,0.7,1,0,86,AR-experiment_lm_diff_corr,B,100,2021-02-13T17:36:54.520781Z
-1.72030768448255,-0.588078950000164,-6.5305029697488,2.8484167906787,-0.83077403176555,-2.44237735529898,2,5,1,3,4,0.7,1,0,87,AR-experiment_lm_diff_corr,B,100,2021-02-13T17:36:54.520781Z
-1.72030629015126,-0.283990877221279,1.57727223493099,1.26308742562098,-0.349949642431795,0.148817197448684,4,1,2,5,3,0.7,1,0,88,AR-experiment_lm_diff_corr,B,100,2021-02-13T17:36:54.520781Z
-1.72030715799275,-0.449941992885184,0.0619406143121886,1.49754160672528,-0.924347522449435,-2.42514171716232,3,2,1,4,5,0.7,1,0,89,AR-experiment_lm_diff_corr,B,100,2021-02-13T17:36:54.520781Z
-1.72030658182689,0.433013682131075,0.277480138249481,0.480081029156676,-0.458652188562719,-1.32168470877537,2,3,1,4,5,0.7,1,0,90,AR-experiment_lm_diff_corr,B,100,2021-02-13T17:36:54.520781Z
-1.7203085544156,-0.757507146413565,0.456168990684154,-3.90614366847919,-1.03946814786471,-0.0594438654375569,3,1,5,4,2,0.7,1,0,91,AR-experiment_lm_diff_corr,B,100,2021-02-13T17:36:54.520781Z
-1.72030714887387,-0.181835324749707,-0.0989962698460549,-0.561349015182154,-0.788135500080732,0.620542171330132,3,2,4,5,1,0.7,1,0,92,AR-experiment_lm_diff_corr,B,100,2021-02-13T17:36:54.520781Z
-1.72030641837056,0.575376291582688,1.5936540442154,0.409836468278524,0.666791460880038,0.755248451460322,4,1,5,3,2,0.7,1,0,93,AR-experiment_lm_diff_corr,B,100,2021-02-13T17:36:54.520781Z
-1.72030649678763,0.10877058338822,1.46464858906251,1.27161911762332,-0.450216760605801,-1.03390916127168,3,1,2,4,5,0.7,1,0,94,AR-experiment_lm_diff_corr,B,100,2021-02-13T17:36:54.520781Z
-1.72030630610585,0.0944449583378343,-0.00466910335407433,0.541794444355798,-0.653260044195303,-0.442449113760237,2,3,1,5,4,0.7,1,0,95,AR-experiment_lm_diff_corr,B,100,2021-02-13T17:36:54.520781Z
-1.72030542877194,0.757931074276637,0.679152222210512,-4.61259202289332,-1.70133021188577,0.653326225846345,1,2,5,4,3,0.7,1,0,96,AR-experiment_lm_diff_corr,B,100,2021-02-13T17:36:54.520781Z
-1.72030863289747,-0.745534946230799,-0.186313090045118,0.892044084984197,-0.919738415650051,-0.85690329116335,3,2,1,5,4,0.7,1,0,97,AR-experiment_lm_diff_corr,B,100,2021-02-13T17:36:54.520781Z
-1.72030739478229,-0.455780121299008,-4.34487615896424,0.393607751578392,-0.887220120159965,-0.62963133487462,2,5,1,4,3,0.7,1,0,98,AR-experiment_lm_diff_corr,B,100,2021-02-13T17:36:54.520781Z
-1.72030605528222,-0.0358544623871558,0.694919709531995,-0.0253072307937252,0.346671318555963,0.678173762905848,5,1,4,3,2,0.7,1,0,99,AR-experiment_lm_diff_corr,B,100,2021-02-13T17:36:54.520781Z
-1.72030695546145,-0.526013396766852,1.18393287846957,1.09884438735011,-1.14828730391573,1.00357007610826,4,1,2,5,3,0.7,1,0,100,AR-experiment_lm_diff_corr,B,100,2021-02-13T17:36:54.520781Z
-1.74305452325616,-1.12043533379025,-1.87477615270041,-0.827570867002597,-0.427116031479513,-0.94930381263081,4,5,2,1,3,0.9,1,0,1,AR-experiment_lm_diff_corr,B,100,2021-02-13T17:49:59.542462Z
-1.74305452038196,-0.801191625046679,-1.45315787505793,-0.552855821718327,-0.596372557715312,0.215366505018489,4,5,2,3,1,0.9,1,0,2,AR-experiment_lm_diff_corr,B,100,2021-02-13T17:49:59.542462Z
-1.74305240126305,0.679070476717457,0.79789544388044,1.69835358844928,1.05759242857409,-0.258376579437545,4,3,1,2,5,0.9,1,0,3,AR-experiment_lm_diff_corr,B,100,2021-02-13T17:49:59.542462Z
-1.74305319992454,0.641493654810377,0.955624860551335,0.251804007075172,-0.577508693551936,0.2140291554903,2,1,3,5,4,0.9,1,0,4,AR-experiment_lm_diff_corr,B,100,2021-02-13T17:49:59.542462Z
-1.7430530037621,0.0270961243322229,-0.596440124949586,0.369744703915374,-0.017809283732121,0.755693040094391,3,5,2,4,1,0.9,1,0,5,AR-experiment_lm_diff_corr,B,100,2021-02-13T17:49:59.542462Z
-1.74305222510871,0.859105945750969,0.25804137818741,0.224058208785482,0.612776304080328,0.768638827355835,1,4,5,3,2,0.9,1,0,6,AR-experiment_lm_diff_corr,B,100,2021-02-13T17:49:59.542462Z
-1.74305409159546,-0.548059078530316,1.56244150867089,-0.276266470329076,-0.736170583751743,-0.601329508529072,3,1,2,5,4,0.9,1,0,7,AR-experiment_lm_diff_corr,B,100,2021-02-13T17:49:59.542462Z
-1.74305228168998,0.903984596822174,0.484825787778996,-0.471509230631523,0.781275067973944,0.858582783580417,1,4,5,3,2,0.9,1,0,8,AR-experiment_lm_diff_corr,B,100,2021-02-13T17:49:59.542462Z
-1.74305235063904,1.08128657379362,0.304701138153485,0.907968047811238,1.31878871728161,1.02350303512002,2,5,4,1,3,0.9,1,0,9,AR-experiment_lm_diff_corr,B,100,2021-02-13T17:49:59.542462Z
-1.74305428525747,-0.393775857535343,-1.27307913443786,-1.21238257655135,-0.728456557593484,-0.0440409493980494,2,5,4,3,1,0.9,1,0,10,AR-experiment_lm_diff_corr,B,100,2021-02-13T17:49:59.542462Z
-1.74305271527588,0.382469790108632,1.32550649948985,0.595704581877708,0.901075736735024,0.914728091823202,5,1,4,3,2,0.9,1,0,11,AR-experiment_lm_diff_corr,B,100,2021-02-13T17:49:59.542462Z
-1.74305276619545,0.506967735037613,1.0439048631301,0.336619668470289,0.737605052458491,0.166800347101773,3,1,4,2,5,0.9,1,0,12,AR-experiment_lm_diff_corr,B,100,2021-02-13T17:49:59.542462Z
-1.74305238434853,0.79723320887164,0.952349779746758,1.08419170783041,1.76765307163781,1.73902253452089,5,4,3,1,2,0.9,1,0,13,AR-experiment_lm_diff_corr,B,100,2021-02-13T17:49:59.542462Z
-1.74305234162043,1.08688127209493,1.37476796390014,1.10460815651949,0.881822616500322,0.680460186475867,3,1,2,4,5,0.9,1,0,14,AR-experiment_lm_diff_corr,B,100,2021-02-13T17:49:59.542462Z
-1.74305338918739,-0.14775687944141,-0.299201942672459,-0.234939829444004,-0.393238171156572,0.546098778735855,2,4,3,5,1,0.9,1,0,15,AR-experiment_lm_diff_corr,B,100,2021-02-13T17:49:59.542462Z
-1.74305279490164,0.391487936967742,0.319351841990374,0.511677531006331,-0.158996822070532,-0.985576106926473,2,3,1,4,5,0.9,1,0,16,AR-experiment_lm_diff_corr,B,100,2021-02-13T17:49:59.542462Z
-1.74305253966461,0.661815815088137,0.671898386423062,0.865832679339389,0.115991670758104,1.31903508910016,4,3,2,5,1,0.9,1,0,17,AR-experiment_lm_diff_corr,B,100,2021-02-13T17:49:59.542462Z
-1.74305227549044,0.854925718888619,0.518246359398795,0.890696140627306,0.160349717195616,0.893808715963477,3,4,2,5,1,0.9,1,0,18,AR-experiment_lm_diff_corr,B,100,2021-02-13T17:49:59.542462Z
-1.7430523389919,0.631508914683024,0.872629312551407,0.930351701819685,0.537594819125278,-0.398594287312956,3,2,1,4,5,0.9,1,0,19,AR-experiment_lm_diff_corr,B,100,2021-02-13T17:49:59.542462Z
-1.7430563038751,-1.76821222461797,-3.00770580008281,-3.75924327147394,-1.96889719395744,-0.796661313002367,2,4,5,3,1,0.9,1,0,20,AR-experiment_lm_diff_corr,B,100,2021-02-13T17:49:59.542462Z
-1.74305274351206,0.703067189023537,0.730284468081164,0.248011750556942,0.444851939251592,1.30110897541956,3,2,5,4,1,0.9,1,0,21,AR-experiment_lm_diff_corr,B,100,2021-02-13T17:49:59.542462Z
-1.74305397347976,-0.0322525559154609,0.33126838160249,-0.986231044827108,-0.598615827946612,-0.696039977078445,2,1,5,3,4,0.9,1,0,22,AR-experiment_lm_diff_corr,B,100,2021-02-13T17:49:59.542462Z
-1.74305396363733,-0.178945508265916,-0.00148571331255637,0.677008447968424,-0.347522985954186,-0.702145749586747,3,2,1,4,5,0.9,1,0,23,AR-experiment_lm_diff_corr,B,100,2021-02-13T17:49:59.542462Z
-1.74305391500783,-0.822056771583592,-1.40423096021218,-0.0596747259115469,-0.473219822715769,0.427968019633943,4,5,2,3,1,0.9,1,0,24,AR-experiment_lm_diff_corr,B,100,2021-02-13T17:49:59.542462Z
-1.74305326763329,0.229238187345816,-0.341954825522683,1.36048101611859,-0.0841162957986498,-0.38083866583523,2,4,1,3,5,0.9,1,0,25,AR-experiment_lm_diff_corr,B,100,2021-02-13T17:49:59.542462Z
-1.74305231243998,0.725578567251786,0.575714830589613,1.20275885047597,0.455979270291611,0.67529100870933,2,4,1,5,3,0.9,1,0,26,AR-experiment_lm_diff_corr,B,100,2021-02-13T17:49:59.542462Z
-1.74305226451334,0.464603004892336,0.46848744329714,-0.632893583236387,0.974688682244021,0.754308383374338,4,3,5,1,2,0.9,1,0,27,AR-experiment_lm_diff_corr,B,100,2021-02-13T17:49:59.542462Z
-1.74305386865096,-0.632533919582192,-1.34506570392799,0.142689282531241,-0.412791952236817,-0.820692695604655,3,5,1,2,4,0.9,1,0,28,AR-experiment_lm_diff_corr,B,100,2021-02-13T17:49:59.542462Z
-1.74305224379529,0.813142345784643,0.133758954833235,1.08040639998371,0.0153815243033459,0.684836174476635,2,4,1,5,3,0.9,1,0,29,AR-experiment_lm_diff_corr,B,100,2021-02-13T17:49:59.542462Z
-1.7430535730304,0.0427489438369451,-0.888940930817205,0.206921019993098,-0.288677548243538,0.0346148916758632,2,5,1,4,3,0.9,1,0,30,AR-experiment_lm_diff_corr,B,100,2021-02-13T17:49:59.542462Z
-1.7430525385211,0.356627711282907,0.414622050644892,0.226030913588862,1.01735287105787,-0.361348219567829,3,2,4,1,5,0.9,1,0,31,AR-experiment_lm_diff_corr,B,100,2021-02-13T17:49:59.542462Z
-1.74305265727087,1.02810650124422,-0.132275483393065,0.327919273674734,0.211347542631011,0.548542059481454,1,5,3,4,2,0.9,1,0,32,AR-experiment_lm_diff_corr,B,100,2021-02-13T17:49:59.542462Z
-1.74305235602012,0.60398254534538,-0.0283600289017105,0.726252784467712,-0.259655335721565,0.777957055694232,3,4,2,5,1,0.9,1,0,33,AR-experiment_lm_diff_corr,B,100,2021-02-13T17:49:59.542462Z
-1.74305278566383,0.296672927100702,0.640116580866806,0.187182129553496,-0.148278317774395,0.972738156535954,3,2,4,5,1,0.9,1,0,34,AR-experiment_lm_diff_corr,B,100,2021-02-13T17:49:59.542462Z
-1.74305414807059,-0.651248643868193,0.708131449178235,-0.163485810569812,-0.156578680700951,-1.36177616446865,4,1,3,2,5,0.9,1,0,35,AR-experiment_lm_diff_corr,B,100,2021-02-13T17:49:59.542462Z
-1.74305353232964,0.374085953787957,0.590888229338511,-0.0977434704845732,-0.550292725530859,-1.27026776311573,2,1,3,4,5,0.9,1,0,36,AR-experiment_lm_diff_corr,B,100,2021-02-13T17:49:59.542462Z
-1.74305278034881,0.337952022472316,0.715074585193665,0.201574890935401,0.136173088047693,-0.0685608779918712,2,1,3,4,5,0.9,1,0,37,AR-experiment_lm_diff_corr,B,100,2021-02-13T17:49:59.542462Z
-1.74305415153174,-1.30763551852949,-0.6242846853402,0.447307335749152,-0.710393483739306,-0.165647888818708,5,3,1,4,2,0.9,1,0,38,AR-experiment_lm_diff_corr,B,100,2021-02-13T17:49:59.542462Z
-1.74305553658232,-1.75756859564614,-2.28506377575418,-2.29398035671631,-1.29067118065882,0.0820540057758148,3,4,5,2,1,0.9,1,0,39,AR-experiment_lm_diff_corr,B,100,2021-02-13T17:49:59.542462Z
-1.74305299514124,-0.152740611271147,-0.403373144017442,-0.0319634877718494,0.543006369685482,1.97910042370841,4,5,3,2,1,0.9,1,0,40,AR-experiment_lm_diff_corr,B,100,2021-02-13T17:49:59.542462Z
-1.74305350028986,0.269577168792259,-0.557978999224602,-0.532376764846502,0.0332119985523438,-0.0994753284991109,1,5,4,2,3,0.9,1,0,41,AR-experiment_lm_diff_corr,B,100,2021-02-13T17:49:59.542462Z
-1.74305331398411,-0.0697787174140446,-0.254002949827845,0.332540649889525,-0.357647095919412,0.0980359144117238,3,4,1,5,2,0.9,1,0,42,AR-experiment_lm_diff_corr,B,100,2021-02-13T17:49:59.542462Z
-1.74305235446036,0.716736047003635,1.53383618539292,1.8091309529783,0.595754373710983,0.654962165815831,3,2,1,5,4,0.9,1,0,43,AR-experiment_lm_diff_corr,B,100,2021-02-13T17:49:59.542462Z
-1.74305239945846,0.970910798987146,0.339706380334183,0.859300896524344,0.931337625502291,0.859731815275395,1,5,4,2,3,0.9,1,0,44,AR-experiment_lm_diff_corr,B,100,2021-02-13T17:49:59.542462Z
-1.74305629821529,-1.96727318592467,-0.489036334713749,-1.84597861746785,-1.81336567248529,-0.683589789482425,5,1,4,3,2,0.9,1,0,45,AR-experiment_lm_diff_corr,B,100,2021-02-13T17:49:59.542462Z
-1.74305412232386,-0.368092217607076,-0.656308412007935,-1.06313319822089,-0.381417711251939,-0.83167931521496,1,3,5,2,4,0.9,1,0,46,AR-experiment_lm_diff_corr,B,100,2021-02-13T17:49:59.542462Z
-1.74305399403455,-0.297141947627053,1.05524158830445,0.707528740356607,-0.404483614055889,-0.998744811449947,3,1,2,4,5,0.9,1,0,47,AR-experiment_lm_diff_corr,B,100,2021-02-13T17:49:59.542462Z
-1.74305310636018,0.44537295258384,-0.799545665110765,0.567511080794841,-0.522745962946823,0.825269049778073,3,5,2,4,1,0.9,1,0,48,AR-experiment_lm_diff_corr,B,100,2021-02-13T17:49:59.542462Z
-1.74305352042855,0.0513655094048902,-1.28686302951763,-0.510346035311348,0.0218962442978939,0.924180623537887,2,5,4,3,1,0.9,1,0,49,AR-experiment_lm_diff_corr,B,100,2021-02-13T17:49:59.542462Z
-1.74305315004767,0.405411957037881,0.420112561984725,-0.215030911762299,0.145869646371297,0.116915765698636,2,1,5,3,4,0.9,1,0,50,AR-experiment_lm_diff_corr,B,100,2021-02-13T17:49:59.542462Z
-1.74305300825161,-0.282067935004315,0.158597949927144,0.00216755677055613,0.48794454114044,0.220635553274497,5,3,4,1,2,0.9,1,0,51,AR-experiment_lm_diff_corr,B,100,2021-02-13T17:49:59.542462Z
-1.74305323333503,0.171640297001528,0.0377306738595178,0.671249003821784,-0.0507921951588207,1.28891076417208,3,4,2,5,1,0.9,1,0,52,AR-experiment_lm_diff_corr,B,100,2021-02-13T17:49:59.542462Z
-1.74305231645149,0.701623292521594,0.708309524226042,1.01650720023122,-0.0777239829257776,0.431888199255109,3,2,1,5,4,0.9,1,0,53,AR-experiment_lm_diff_corr,B,100,2021-02-13T17:49:59.542462Z
-1.74305753242207,-2.44271587690166,-0.653432698780829,-1.77386324642463,-2.48774452061452,-2.78541763593893,3,1,2,4,5,0.9,1,0,54,AR-experiment_lm_diff_corr,B,100,2021-02-13T17:49:59.542462Z
-1.74305405959069,-0.606197349347135,0.484645555029229,0.0337867650830355,-0.654743727655523,0.201097467016742,4,1,3,5,2,0.9,1,0,55,AR-experiment_lm_diff_corr,B,100,2021-02-13T17:49:59.542462Z
-1.74305268894077,0.520792332779637,0.545507875613935,-0.0947738574333786,-0.364062285754449,-0.67840839886104,2,1,3,4,5,0.9,1,0,56,AR-experiment_lm_diff_corr,B,100,2021-02-13T17:49:59.542462Z
-1.74305471662011,-0.756368615154822,-2.42449380730884,1.28548198682985,-0.731271271954515,-2.28101424096094,3,5,1,2,4,0.9,1,0,57,AR-experiment_lm_diff_corr,B,100,2021-02-13T17:49:59.542462Z
-1.74305251352115,0.784563973703888,0.773238353123548,0.214598050435591,0.647854347186896,0.358446702369117,1,2,5,3,4,0.9,1,0,58,AR-experiment_lm_diff_corr,B,100,2021-02-13T17:49:59.542462Z
-1.74305551442023,-1.26881340329202,-2.85156307464935,-2.48817574555035,-1.40944463718224,-2.58928668851316,1,5,3,2,4,0.9,1,0,59,AR-experiment_lm_diff_corr,B,100,2021-02-13T17:49:59.542462Z
-1.74305267232469,0.480682229672793,0.0591964807473932,0.222667715535474,1.06396366165079,0.661483321086745,3,5,4,1,2,0.9,1,0,60,AR-experiment_lm_diff_corr,B,100,2021-02-13T17:49:59.542462Z
-1.74305264566352,0.895519403915938,0.175368569185471,1.74193361477254,0.880787411506945,0.883057783384082,2,5,1,4,3,0.9,1,0,61,AR-experiment_lm_diff_corr,B,100,2021-02-13T17:49:59.542462Z
-1.74305491340899,-0.82635788354897,-1.71547300253879,-1.88235029520444,-1.22365763828182,-0.981051941017054,1,4,5,3,2,0.9,1,0,62,AR-experiment_lm_diff_corr,B,100,2021-02-13T17:49:59.542462Z
-1.74305460179651,-0.566395971231588,-0.926195358520601,-0.406491883476628,-1.20010202206716,-0.0749836451948218,3,4,2,5,1,0.9,1,0,63,AR-experiment_lm_diff_corr,B,100,2021-02-13T17:49:59.542462Z
-1.74305248680023,0.661588114051538,1.39752621270446,1.94851390255957,0.682914124423683,0.366353923590979,4,2,1,3,5,0.9,1,0,64,AR-experiment_lm_diff_corr,B,100,2021-02-13T17:49:59.542462Z
-1.74305231064712,0.869390764736677,1.10674688183086,0.269362161219233,1.29076808676913,0.246406096821868,3,2,4,1,5,0.9,1,0,65,AR-experiment_lm_diff_corr,B,100,2021-02-13T17:49:59.542462Z
-1.74305264960477,0.771890831823459,0.139932403060135,3.09234164540835,2.1092841063993,0.533898521669616,3,5,1,2,4,0.9,1,0,66,AR-experiment_lm_diff_corr,B,100,2021-02-13T17:49:59.542462Z
-1.74305278753789,0.145696987175919,0.762502589863562,0.714102105243057,1.30212853398165,0.637252398467503,5,2,3,1,4,0.9,1,0,67,AR-experiment_lm_diff_corr,B,100,2021-02-13T17:49:59.542462Z
-1.74305232172676,0.682198128682334,0.657813395295368,-0.161233384323509,1.46684035467315,0.689577382251867,3,4,5,1,2,0.9,1,0,68,AR-experiment_lm_diff_corr,B,100,2021-02-13T17:49:59.542462Z
-1.74305238455688,0.942604824254001,0.919726847966281,0.908749369087201,-0.164441923009035,0.329225639065189,1,2,3,5,4,0.9,1,0,69,AR-experiment_lm_diff_corr,B,100,2021-02-13T17:49:59.542462Z
-1.74305316804601,-0.0853578484921356,0.514796057601135,0.168774573804042,-0.142930170713769,0.0688657758474057,4,1,2,5,3,0.9,1,0,70,AR-experiment_lm_diff_corr,B,100,2021-02-13T17:49:59.542462Z
-1.74305409283649,-0.469268429486231,-0.644763714162348,1.08942461199355,-0.609973479142773,-1.1596662327292,2,4,1,3,5,0.9,1,0,71,AR-experiment_lm_diff_corr,B,100,2021-02-13T17:49:59.542462Z
-1.74305254491054,0.944172832424053,0.933433556531899,1.05877959598812,1.50798783753927,0.278488332265822,3,4,2,1,5,0.9,1,0,72,AR-experiment_lm_diff_corr,B,100,2021-02-13T17:49:59.542462Z
-1.74305282959964,0.327334967428582,-0.210595784328996,0.391683655943287,-0.0588559204928399,0.411742778671663,3,5,2,4,1,0.9,1,0,73,AR-experiment_lm_diff_corr,B,100,2021-02-13T17:49:59.542462Z
-1.74305322350722,0.0321196518989977,0.0983949694460844,0.922913493367898,-0.037467204360754,-0.131800136138421,3,2,1,4,5,0.9,1,0,74,AR-experiment_lm_diff_corr,B,100,2021-02-13T17:49:59.542462Z
-1.74305568115249,-1.56510420694195,-3.25774998363836,-1.84142109656972,-1.75009254488101,-1.18351178235616,2,5,4,3,1,0.9,1,0,75,AR-experiment_lm_diff_corr,B,100,2021-02-13T17:49:59.542462Z
-1.74305229940795,0.556478069835177,0.531376508057274,-0.172443699325079,0.996158767416678,0.368922097487992,2,3,5,1,4,0.9,1,0,76,AR-experiment_lm_diff_corr,B,100,2021-02-13T17:49:59.542462Z
-1.7430522828799,0.552169754532595,0.440451563890865,0.785492893094213,0.577985994080026,-0.057249801376633,3,4,1,2,5,0.9,1,0,77,AR-experiment_lm_diff_corr,B,100,2021-02-13T17:49:59.542462Z
-1.74305239318669,0.700104242743279,1.1300990566145,1.18559214404739,1.01388689655057,0.365906974453302,4,2,1,3,5,0.9,1,0,78,AR-experiment_lm_diff_corr,B,100,2021-02-13T17:49:59.542462Z
-1.7430536264071,-0.0147162962580464,-0.542747758423482,0.0868905769028784,-0.267233190598297,-0.575307383047513,2,4,1,3,5,0.9,1,0,79,AR-experiment_lm_diff_corr,B,100,2021-02-13T17:49:59.542462Z
-1.74305292839793,0.11318271915798,0.645177788380384,0.142826399752338,-0.190936451899806,0.0682823935647149,3,1,2,5,4,0.9,1,0,80,AR-experiment_lm_diff_corr,B,100,2021-02-13T17:49:59.542462Z
-1.74305388062418,0.0270093954245991,-1.32199085286507,-0.342155926369228,-0.362111092730759,-1.02167803716812,1,5,2,3,4,0.9,1,0,81,AR-experiment_lm_diff_corr,B,100,2021-02-13T17:49:59.542462Z
-1.74305283648457,0.220857113243058,0.509379734102036,0.353501681302528,0.386174685036031,0.929507681536104,5,2,4,3,1,0.9,1,0,82,AR-experiment_lm_diff_corr,B,100,2021-02-13T17:49:59.542462Z
-1.74305345321082,-0.000929585660499665,0.139187529573613,0.127979550310078,0.0110038370234564,-0.306262441125895,4,1,2,3,5,0.9,1,0,83,AR-experiment_lm_diff_corr,B,100,2021-02-13T17:49:59.542462Z
-1.74305328872254,-0.00578114817544639,0.38393725370309,0.135832249448503,0.51842496383946,-1.08771203935877,4,2,3,1,5,0.9,1,0,84,AR-experiment_lm_diff_corr,B,100,2021-02-13T17:49:59.542462Z
-1.74305299878491,-0.528846200901106,-0.837706533193441,0.47849752828928,0.525153667753543,0.934697058031794,4,5,3,2,1,0.9,1,0,85,AR-experiment_lm_diff_corr,B,100,2021-02-13T17:49:59.542462Z
-1.74305250728238,0.483616701835024,0.608069688888102,1.88083882750433,0.241490302006805,0.339107321783746,3,2,1,5,4,0.9,1,0,86,AR-experiment_lm_diff_corr,B,100,2021-02-13T17:49:59.542462Z
-1.74305474499876,-1.24869019682209,-3.41910349667936,0.600034354712261,-0.523383520841213,-0.523788062235813,4,5,1,2,3,0.9,1,0,87,AR-experiment_lm_diff_corr,B,100,2021-02-13T17:49:59.542462Z
-1.7430526346785,0.165759135873157,1.1050060399265,0.285176328600948,0.133707996450291,0.23430415454892,4,1,2,5,3,0.9,1,0,88,AR-experiment_lm_diff_corr,B,100,2021-02-13T17:49:59.542462Z
-1.74305386265886,-0.647118006434494,-0.473326028073059,-0.702637557133454,-0.0804679058668976,0.867347681978353,4,3,5,2,1,0.9,1,0,89,AR-experiment_lm_diff_corr,B,100,2021-02-13T17:49:59.542462Z
-1.74305318860169,0.147298416379746,0.183597017408051,-0.140010659569405,0.182334481638683,1.03513411062368,4,2,5,3,1,0.9,1,0,90,AR-experiment_lm_diff_corr,B,100,2021-02-13T17:49:59.542462Z
-1.74305565659891,-1.17986209405925,-3.02280494143076,-2.66297940492603,-1.56392094401479,-1.97285242233417,1,5,4,2,3,0.9,1,0,91,AR-experiment_lm_diff_corr,B,100,2021-02-13T17:49:59.542462Z
-1.74305394323366,-0.240544189044492,0.489759653284388,0.606477205336413,-0.592191003248172,-0.731847082018008,3,2,1,4,5,0.9,1,0,92,AR-experiment_lm_diff_corr,B,100,2021-02-13T17:49:59.542462Z
-1.7430527277778,0.748999440544931,0.865429559407627,0.250378040349844,0.901664318415825,-0.154519502685391,3,2,4,1,5,0.9,1,0,93,AR-experiment_lm_diff_corr,B,100,2021-02-13T17:49:59.542462Z
-1.74305295202096,0.543061653821059,0.527095368610345,0.00413086050233932,-0.0494119841993135,0.0288334648820064,1,2,4,5,3,0.9,1,0,94,AR-experiment_lm_diff_corr,B,100,2021-02-13T17:49:59.542462Z
-1.74305284679206,0.289515982683105,0.489287543607951,0.583223554803358,-0.292120262568684,0.848271517027667,4,3,2,5,1,0.9,1,0,95,AR-experiment_lm_diff_corr,B,100,2021-02-13T17:49:59.542462Z
-1.74305233836335,0.994177779981128,1.12847442169481,0.361197958757179,0.239520986998492,0.895950332481517,2,1,4,5,3,0.9,1,0,96,AR-experiment_lm_diff_corr,B,100,2021-02-13T17:49:59.542462Z
-1.74305553264887,-1.380535192486,-1.40012868001488,-3.94232791108166,-1.61629258156746,-1.12401513099702,2,3,5,4,1,0.9,1,0,97,AR-experiment_lm_diff_corr,B,100,2021-02-13T17:49:59.542462Z
-1.74305445602574,-0.869866831295686,-0.431281032171414,-0.606491653219599,-0.783580940574703,0.100631682988514,5,2,3,4,1,0.9,1,0,98,AR-experiment_lm_diff_corr,B,100,2021-02-13T17:49:59.542462Z
-1.74305251440674,0.375473636665781,0.680822013886734,0.67345686938995,1.24012958044295,0.693825122509904,5,3,4,1,2,0.9,1,0,99,AR-experiment_lm_diff_corr,B,100,2021-02-13T17:49:59.542462Z
-1.74305342251082,-0.202976120332917,0.553686845518624,0.210220975899277,-0.0437741939760254,-0.5773422333709,4,1,2,3,5,0.9,1,0,100,AR-experiment_lm_diff_corr,B,100,2021-02-13T17:49:59.542462Z
