rn,absmean_X1,absmean_X2,absmean_X3,absmean_total,abssd_X1,abssd_X2,abssd_X3,abssd_total,h_X_1,h_X_2,h_X_3,h_X_1_2,h_X_1_3,h_X_2_3,comp_time,true_model,fitted_model,variables,notes,rho,pi.G,sd_noise,nTrain,nTest,w_threshold,n_threshold,this.seed
empirical_sigma.01,0.0770695483410847,0.075944882450437,0.0809136784466557,0.0779760364127258,0.0778933407459952,0.0850911487603622,0.0785703201834683,0.0805848644607267,0.1,0.1,0.1,0.1,0.1,0.1,18.241,Linear,Linear,Gaussian,All var equal contribution,0.1,1,0.1,2000,1000,1,1000,123
empirical_AIC_each_k,0.0361166179208481,0.0397800368400367,0.0452582822903426,0.0403849790170758,0.029690039573951,0.0309054626509794,0.0403238128072873,0.0341696493307247,0.380711359020887,0.380711359020887,0.380711359020887,0.316882737210145,0.316882737210145,0.316882737210145,15548.618,Linear,Linear,Gaussian,All var equal contribution,0.1,1,0.1,2000,1000,1,1000,123
empirical_AIC_full,0.0368444021905921,0.040944289877936,0.0451681126558857,0.0409856015748046,0.0312982451331727,0.031437051080958,0.0389168926105688,0.0342282859644157,0.304371490028908,0.341124941252817,0.529588860845672,0.289933210153608,0.390060920255094,0.317941188514474,17236.851,Linear,Linear,Gaussian,All var equal contribution,0.1,1,0.1,2000,1000,1,1000,123
empirical_independence,0.0955533691954769,0.0939174918596294,0.095988476739021,0.0951531125980424,0.0722864955206223,0.0680220373747848,0.0692442493934452,0.0698563256016267,Inf,Inf,Inf,Inf,Inf,Inf,18.4150000000009,Linear,Linear,Gaussian,All var equal contribution,0.1,1,0.1,2000,1000,1,1000,123
Gaussian,0.0347589738717935,0.0258934215307259,0.0452227029712645,0.035291699457928,0.0243754046618373,0.0194406747638721,0.0275785729091926,0.025290453112369,,,,,,,16.3059999999969,Linear,Linear,Gaussian,All var equal contribution,0.1,1,0.1,2000,1000,1,1000,123
copula,0.0334372255566347,0.0273292919682422,0.0449042542680425,0.0352235905976398,0.0229857189369777,0.0194398249130712,0.0268034178570445,0.0243780583926318,,,,,,,47.8570000000036,Linear,Linear,Gaussian,All var equal contribution,0.1,1,0.1,2000,1000,1,1000,123
empirical_sigma.01,0.0740361439854918,0.0707786018446746,0.0749191622048762,0.0732446360116809,0.0717506511714816,0.0789911022218705,0.072688539918521,0.0745425405902554,0.1,0.1,0.1,0.1,0.1,0.1,19.2180000000008,Linear,Linear,Gaussian,All var equal contribution,0.2,1,0.1,2000,1000,1,1000,123
empirical_AIC_each_k,0.04028826569036,0.0458284674004638,0.0495892776326056,0.0452353369078098,0.0336260470367376,0.0381944256716551,0.0460987971074301,0.0398132175360037,0.354746479418537,0.354746479418537,0.354746479418537,0.2678355694197,0.2678355694197,0.2678355694197,13387.256,Linear,Linear,Gaussian,All var equal contribution,0.2,1,0.1,2000,1000,1,1000,123
empirical_AIC_full,0.0411121454577238,0.0466727506105574,0.0500192850486107,0.045934727038964,0.0341992943275499,0.0379439867741936,0.0464066429402797,0.0400009880065938,0.297101326600259,0.369766258556047,0.408778207176029,0.26228361699901,0.289256799213983,0.263113704373349,13336.696,Linear,Linear,Gaussian,All var equal contribution,0.2,1,0.1,2000,1000,1,1000,123
empirical_independence,0.170821298969873,0.169314341654527,0.168048737554278,0.169394792726226,0.129727780780096,0.123574837541947,0.122707852145206,0.125339087341711,Inf,Inf,Inf,Inf,Inf,Inf,18.5590000000011,Linear,Linear,Gaussian,All var equal contribution,0.2,1,0.1,2000,1000,1,1000,123
Gaussian,0.0351530489488676,0.0259145291405626,0.0468585773566877,0.0359753851487059,0.0242199072967128,0.0195314538454875,0.0279172721270355,0.0256040669128522,,,,,,,16.5869999999995,Linear,Linear,Gaussian,All var equal contribution,0.2,1,0.1,2000,1000,1,1000,123
copula,0.0342783671991854,0.0276274557166536,0.0471564588422893,0.0363540939193761,0.0232047596865442,0.0195151424847775,0.0273818651019149,0.0249344126003519,,,,,,,45.885000000002,Linear,Linear,Gaussian,All var equal contribution,0.2,1,0.1,2000,1000,1,1000,123
empirical_sigma.01,0.0724052897347451,0.0698976729608273,0.0757316527760406,0.0726782051572043,0.069750276111935,0.0717459862570869,0.0768130776457536,0.0728454058498408,0.1,0.1,0.1,0.1,0.1,0.1,18.872000000003,Linear,Linear,Gaussian,All var equal contribution,0.3,1,0.1,2000,1000,1,1000,123
empirical_AIC_each_k,0.0434121532544413,0.0479391236773449,0.0527278509377792,0.0480263759565218,0.0362401901802522,0.0414664074538065,0.0494549729933571,0.0428888954741334,0.316749077551384,0.316749077551384,0.316749077551384,0.231479687062976,0.231479687062976,0.231479687062976,13156.666,Linear,Linear,Gaussian,All var equal contribution,0.3,1,0.1,2000,1000,1,1000,123
empirical_AIC_full,0.0435966862030917,0.0482346296727891,0.0527109330421807,0.0481807496393538,0.0367715388758979,0.0413743127607095,0.0496674417874453,0.0430840229558224,0.299625010655219,0.333437964406889,0.320366363794868,0.237494459035786,0.234962943188373,0.223011868942163,12736.841,Linear,Linear,Gaussian,All var equal contribution,0.3,1,0.1,2000,1000,1,1000,123
empirical_independence,0.233021046010284,0.231141683170573,0.228061541576081,0.230741423585646,0.176698548078314,0.16903700051988,0.167311591851619,0.171019541271044,Inf,Inf,Inf,Inf,Inf,Inf,18.4320000000007,Linear,Linear,Gaussian,All var equal contribution,0.3,1,0.1,2000,1000,1,1000,123
Gaussian,0.0349957836436051,0.0259577372973482,0.0477946004955335,0.0362493738121622,0.0236797748004714,0.0196145913308057,0.0282432133270551,0.0257088983348448,,,,,,,16.7829999999958,Linear,Linear,Gaussian,All var equal contribution,0.3,1,0.1,2000,1000,1,1000,123
copula,0.0345176601748212,0.0283507406400749,0.0487768269906034,0.0372150759351665,0.0237971548139546,0.0200377769855281,0.0284887257005246,0.0258059274624589,,,,,,,46.5329999999958,Linear,Linear,Gaussian,All var equal contribution,0.3,1,0.1,2000,1000,1,1000,123
empirical_sigma.01,0.0683478595126969,0.0662847483458979,0.0736834212539592,0.0694386763708513,0.0698853263877754,0.0710834974963317,0.0774819915096384,0.0729356241152886,0.1,0.1,0.1,0.1,0.1,0.1,18.3479999999981,Linear,Linear,Gaussian,All var equal contribution,0.4,1,0.1,2000,1000,1,1000,123
empirical_AIC_each_k,0.0432125728708623,0.0469907597811972,0.0541036389491303,0.0481023238670633,0.0380064080314664,0.0419527609712542,0.0495278920920559,0.043646083326281,0.276859600550212,0.276859600550212,0.276859600550212,0.203662148703051,0.203662148703051,0.203662148703051,12389.877,Linear,Linear,Gaussian,All var equal contribution,0.4,1,0.1,2000,1000,1,1000,123
empirical_AIC_full,0.043290981784521,0.0472644003119104,0.0539269709265377,0.0481607843409897,0.0385579236393155,0.0418005702615969,0.0492352148931747,0.0436353100783586,0.2725429860461,0.27094788229333,0.286415399942599,0.213368541485741,0.205433300878068,0.192573344072338,12003.348,Linear,Linear,Gaussian,All var equal contribution,0.4,1,0.1,2000,1000,1,1000,123
empirical_independence,0.281344219902854,0.279156813867132,0.274777430438563,0.278426154736183,0.213147189320489,0.204216947730697,0.202174698815067,0.206517065845498,Inf,Inf,Inf,Inf,Inf,Inf,18.7480000000069,Linear,Linear,Gaussian,All var equal contribution,0.4,1,0.1,2000,1000,1,1000,123
Gaussian,0.0342953326607761,0.026186430177881,0.0480569080482779,0.0361795569623117,0.0228039443422091,0.0195713250632771,0.0284482498212625,0.0255328773768413,,,,,,,16.3819999999978,Linear,Linear,Gaussian,All var equal contribution,0.4,1,0.1,2000,1000,1,1000,123
copula,0.0338200389081027,0.0294637927023558,0.0495376393566163,0.037607156989025,0.0238781197957567,0.0207842558421823,0.029480615865541,0.0264138606159593,,,,,,,46.275999999998,Linear,Linear,Gaussian,All var equal contribution,0.4,1,0.1,2000,1000,1,1000,123
empirical_sigma.01,0.0617834786003867,0.0620475977624623,0.0747549118317741,0.0661953293982077,0.0644459669508692,0.0661728102137275,0.0686030737210036,0.0666824509459517,0.1,0.1,0.1,0.1,0.1,0.1,18.4300000000076,Linear,Linear,Gaussian,All var equal contribution,0.5,1,0.1,2000,1000,1,1000,123
empirical_AIC_each_k,0.0422381014658087,0.0445488320685234,0.0547832118558782,0.0471900484634034,0.0387086632937919,0.0423239770926719,0.0472168354962298,0.0432227264044438,0.22551008401099,0.22551008401099,0.22551008401099,0.17988201948527,0.17988201948527,0.17988201948527,12017.231,Linear,Linear,Gaussian,All var equal contribution,0.5,1,0.1,2000,1000,1,1000,123
empirical_AIC_full,0.0430192734156778,0.0442881115576564,0.0551759476906386,0.0474944442213243,0.039723847285073,0.0427841132354856,0.0473245135347001,0.0437174653543135,0.256051271199495,0.242240153947865,0.166351950992652,0.186344115522419,0.182748479984643,0.172054965931553,10902.864,Linear,Linear,Gaussian,All var equal contribution,0.5,1,0.1,2000,1000,1,1000,123
empirical_independence,0.3150993781654,0.312643690493889,0.307451409342582,0.311731492667291,0.238530242090479,0.228749617099698,0.226567268078615,0.231285697665422,Inf,Inf,Inf,Inf,Inf,Inf,18.9739999999874,Linear,Linear,Gaussian,All var equal contribution,0.5,1,0.1,2000,1000,1,1000,123
Gaussian,0.0330055905214276,0.0263933851607097,0.0475009379482203,0.0356333045434525,0.021584716531422,0.0195894133578194,0.0284684206484701,0.0251143280809447,,,,,,,16.4090000000142,Linear,Linear,Gaussian,All var equal contribution,0.5,1,0.1,2000,1000,1,1000,123
copula,0.0329737894649686,0.0310909943958232,0.0499400834689188,0.0380016224432369,0.022658738276175,0.021155366462743,0.0305719771219635,0.0265203329921416,,,,,,,45.9599999999919,Linear,Linear,Gaussian,All var equal contribution,0.5,1,0.1,2000,1000,1,1000,123
empirical_sigma.01,0.0591638897547261,0.0597393092949513,0.0723420370926816,0.063748412047453,0.0627009299685203,0.0632078089272128,0.0624063344306895,0.063045695125812,0.1,0.1,0.1,0.1,0.1,0.1,18.8420000000042,Linear,Linear,Gaussian,All var equal contribution,0.6,1,0.1,2000,1000,1,1000,123
empirical_AIC_each_k,0.0415934690596534,0.0447768184727295,0.0560242979910343,0.0474648618411391,0.0418192756039602,0.0443909970083632,0.0448956325920761,0.0441444852582731,0.187051135465915,0.187051135465915,0.187051135465915,0.160162496563944,0.160162496563944,0.160162496563944,12067.605,Linear,Linear,Gaussian,All var equal contribution,0.6,1,0.1,2000,1000,1,1000,123
empirical_AIC_full,0.0423956007596663,0.0445405169922518,0.0569541964059175,0.0479634380526119,0.0424766157921735,0.0437328199697636,0.0464096611698784,0.0446854044938371,0.217704593092544,0.210650572538284,0.138778500617866,0.163212201552516,0.163187665334789,0.154801040728714,10344.382,Linear,Linear,Gaussian,All var equal contribution,0.6,1,0.1,2000,1000,1,1000,123
empirical_independence,0.332859720848459,0.330256910928912,0.324633171301534,0.329249934359635,0.251884442478291,0.241649893162183,0.239486094029994,0.244342587904005,Inf,Inf,Inf,Inf,Inf,Inf,18.4370000000054,Linear,Linear,Gaussian,All var equal contribution,0.6,1,0.1,2000,1000,1,1000,123
Gaussian,0.0309765798111859,0.0263356308400467,0.0458898778686612,0.0344006961732979,0.0199418387810898,0.0195656115614361,0.0280908586620791,0.0243405043193251,,,,,,,16.6689999999944,Linear,Linear,Gaussian,All var equal contribution,0.6,1,0.1,2000,1000,1,1000,123
copula,0.0315930585167634,0.0339899772489747,0.0500518467376915,0.0385449608344765,0.0225880075520666,0.0222743477080476,0.0316492762798922,0.0271308841731889,,,,,,,46.2799999999988,Linear,Linear,Gaussian,All var equal contribution,0.6,1,0.1,2000,1000,1,1000,123
empirical_sigma.01,0.0509093351135244,0.0528656243297639,0.0629282602155125,0.055567739886267,0.054209716428485,0.051686632698726,0.0525126550281083,0.0530578522982632,0.1,0.1,0.1,0.1,0.1,0.1,18.6119999999937,Linear,Linear,Gaussian,All var equal contribution,0.7,1,0.1,2000,1000,1,1000,123
empirical_AIC_each_k,0.0382063047192045,0.0428395257819591,0.0522190622308502,0.0444216309106713,0.0397075646635829,0.0390311996985973,0.0411141543118752,0.0403702508287493,0.194467660114047,0.194467660114047,0.194467660114047,0.146384855495922,0.146384855495922,0.146384855495922,10116.965,Linear,Linear,Gaussian,All var equal contribution,0.7,1,0.1,2000,1000,1,1000,123
empirical_AIC_full,0.0384589442747077,0.0426755703398094,0.051351594646863,0.04416203642046,0.0404709649635776,0.0389346655825457,0.0405980524870529,0.0403536865508609,0.192978382905673,0.197395480673364,0.193161734406026,0.152119027751533,0.144603679228211,0.140924472945546,11422.615,Linear,Linear,Gaussian,All var equal contribution,0.7,1,0.1,2000,1000,1,1000,123
empirical_independence,0.331693980357076,0.329106971007941,0.323449684555192,0.328083545306736,0.251005204804767,0.240791228224109,0.238781126992778,0.243527764098493,Inf,Inf,Inf,Inf,Inf,Inf,19.2410000000091,Linear,Linear,Gaussian,All var equal contribution,0.7,1,0.1,2000,1000,1,1000,123
Gaussian,0.0280669104423806,0.0256040296198409,0.042816104742825,0.0321623482683488,0.017736354744597,0.0191396128611708,0.0269184153539387,0.0229340452388567,,,,,,,17.4210000000021,Linear,Linear,Gaussian,All var equal contribution,0.7,1,0.1,2000,1000,1,1000,123
copula,0.0291952627983273,0.0364357806491374,0.0498613658096634,0.038497469752376,0.0211157309885528,0.0238997603713405,0.0322859681562678,0.0275564634453698,,,,,,,47.4130000000005,Linear,Linear,Gaussian,All var equal contribution,0.7,1,0.1,2000,1000,1,1000,123
empirical_sigma.01,0.0400825580128894,0.0451860205411054,0.0555767371506726,0.0469484385682225,0.0456394956982475,0.0400128671028663,0.0456936253482686,0.0443199986091987,0.1,0.1,0.1,0.1,0.1,0.1,19.0970000000088,Linear,Linear,Gaussian,All var equal contribution,0.8,1,0.1,2000,1000,1,1000,123
empirical_AIC_each_k,0.0327737485294645,0.0377045317248694,0.0492060409484608,0.0398947737342649,0.0349753451065942,0.0325927143838997,0.0367664290506754,0.0354831306444551,0.162797213690904,0.162797213690904,0.162797213690904,0.134100044250838,0.134100044250838,0.134100044250838,11926.853,Linear,Linear,Gaussian,All var equal contribution,0.8,1,0.1,2000,1000,1,1000,123
empirical_AIC_full,0.0329787375543949,0.0369080427247016,0.0464153912395549,0.0387673905062171,0.0355070051816728,0.032865308639104,0.0364794301117864,0.0354244059294684,0.174787112479035,0.163538202627133,0.140693704892305,0.143195014687489,0.126379573932552,0.12977881833325,11617.043,Linear,Linear,Gaussian,All var equal contribution,0.8,1,0.1,2000,1000,1,1000,123
empirical_independence,0.305814257902392,0.303497324376956,0.298285111018419,0.302532231099256,0.231537778586465,0.221942558651811,0.220268184618851,0.224584882688801,Inf,Inf,Inf,Inf,Inf,Inf,19.4619999999995,Linear,Linear,Gaussian,All var equal contribution,0.8,1,0.1,2000,1000,1,1000,123
Gaussian,0.0239282655206986,0.0235536930268982,0.0376009654274092,0.0283609746583353,0.0147967736427065,0.0177093248257796,0.0242026191764097,0.0203778040265883,,,,,,,16.9159999999974,Linear,Linear,Gaussian,All var equal contribution,0.8,1,0.1,2000,1000,1,1000,123
copula,0.0260111858062553,0.0389356608901481,0.0480060447234715,0.037650963806625,0.018805305623248,0.0255633077645146,0.030471084033854,0.0269491027054394,,,,,,,48.0249999999942,Linear,Linear,Gaussian,All var equal contribution,0.8,1,0.1,2000,1000,1,1000,123
empirical_sigma.01,0.031668464233257,0.0306259582198138,0.0291645083191995,0.0304863102574234,0.0349400553499922,0.028511858468933,0.03117297310689,0.0316577987859031,0.1,0.1,0.1,0.1,0.1,0.1,28.081,PiecewiseConstant,XGBoost,Gaussian,All var equal contribution,0.1,1,0.1,2000,1000,1,1000,123
empirical_AIC_each_k,0.0129821647670666,0.0111128910738464,0.0106948176711048,0.0115966245040059,0.0103348998551075,0.00905833285495239,0.00906076922559672,0.00955245783143709,0.465005011895596,0.465005011895596,0.465005011895596,0.368321796634256,0.368321796634256,0.368321796634256,15015.905,PiecewiseConstant,XGBoost,Gaussian,All var equal contribution,0.1,1,0.1,2000,1000,1,1000,123
empirical_AIC_full,0.013792831434801,0.0107675432127144,0.0095162178632593,0.0113588641702582,0.013479466462738,0.00973847457750775,0.00874209585704056,0.0109908323308574,0.316297068798057,26.2740754472543,1.02557779032872,0.282655846972336,0.463094921559384,0.370828810732858,20113.388,PiecewiseConstant,XGBoost,Gaussian,All var equal contribution,0.1,1,0.1,2000,1000,1,1000,123
empirical_independence,0.0338879509653728,0.022531289535616,0.0149211415721918,0.0237801273577269,0.024766171104006,0.0169202462628558,0.0112158606888011,0.0200585784803047,Inf,Inf,Inf,Inf,Inf,Inf,28.7040000000052,PiecewiseConstant,XGBoost,Gaussian,All var equal contribution,0.1,1,0.1,2000,1000,1,1000,123
Gaussian,0.011326442082036,0.0121858221649513,0.0121176292861559,0.0118766311777144,0.00816653424194572,0.00856073670389893,0.0094176222917848,0.00873640173595826,,,,,,,26.8220000000001,PiecewiseConstant,XGBoost,Gaussian,All var equal contribution,0.1,1,0.1,2000,1000,1,1000,123
copula,0.0096895909370205,0.0110986954657783,0.0132323401944569,0.0113402088657519,0.00765540736379442,0.00808537801644439,0.0104396036309547,0.00892886169354868,,,,,,,58.6800000000003,PiecewiseConstant,XGBoost,Gaussian,All var equal contribution,0.1,1,0.1,2000,1000,1,1000,123
treeSHAP,0.0262843687442687,0.0187171525007789,0.0109871136339793,0.018662878293009,0.0201729628518677,0.0155065008196115,0.00901044431522697,0.0167844040530994,,,,,,,0.0169999999998254,PiecewiseConstant,XGBoost,Gaussian,All var equal contribution,0.1,1,0.1,2000,1000,1,1000,123
empirical_sigma.01,0.029444671205255,0.0393016718700604,0.0446391330207039,0.0377951586986731,0.0357586848861219,0.036163458172107,0.0349076280756485,0.0361541332678812,0.1,0.1,0.1,0.1,0.1,0.1,19.3960000000079,Linear,Linear,Gaussian,All var equal contribution,0.9,1,0.1,2000,1000,1,1000,123
empirical_AIC_each_k,0.0263235967904818,0.0357704976924887,0.0422474778343853,0.0347805241057853,0.0317679126175186,0.0310548415623445,0.0320048585989759,0.0322707968380025,0.126454676275594,0.126454676275594,0.126454676275594,0.117569753061739,0.117569753061739,0.117569753061739,11112.343,Linear,Linear,Gaussian,All var equal contribution,0.9,1,0.1,2000,1000,1,1000,123
empirical_AIC_full,0.0266881109964261,0.0385799381750534,0.041768482810001,0.0356788439938269,0.0317861028243757,0.0325962073971973,0.0317914441090447,0.0327000715894513,0.144010007416509,0.0995148043434855,0.128555122747875,0.123887064596074,0.114854167110924,0.113083823582251,9426.51800000001,Linear,Linear,Gaussian,All var equal contribution,0.9,1,0.1,2000,1000,1,1000,123
empirical_independence,0.240914407579002,0.239241573180072,0.23522000053594,0.238458660431671,0.18266267716961,0.174678065443307,0.173726902760508,0.177024977720381,Inf,Inf,Inf,Inf,Inf,Inf,19.5349999999744,Linear,Linear,Gaussian,All var equal contribution,0.9,1,0.1,2000,1000,1,1000,123
Gaussian,0.0176598173839649,0.0188342239666257,0.0285076961479017,0.0216672458328308,0.0106108716305349,0.0141218860721728,0.0186710185697527,0.0156107390769346,,,,,,,17.7380000000121,Linear,Linear,Gaussian,All var equal contribution,0.9,1,0.1,2000,1000,1,1000,123
copula,0.0204985238982757,0.0368799249691371,0.0424828003739954,0.0332870830804694,0.0161998598834945,0.0246413684720303,0.0266516457007224,0.0247655209422328,,,,,,,48.1449999999895,Linear,Linear,Gaussian,All var equal contribution,0.9,1,0.1,2000,1000,1,1000,123
empirical_sigma.01,0.0328503980101314,0.0318170588504778,0.0285650902634611,0.0310775157080234,0.0334633177369556,0.0286914035088106,0.0280715357639456,0.0302169145087123,0.1,0.1,0.1,0.1,0.1,0.1,28.8020000000033,PiecewiseConstant,XGBoost,Gaussian,All var equal contribution,0.2,1,0.1,2000,1000,1,1000,123
empirical_AIC_each_k,0.0171985228353406,0.0161837686366805,0.012983894274651,0.0154553952488907,0.0210213179237182,0.0197515744114636,0.0154651919718595,0.0189750613581816,0.37609471049331,0.37609471049331,0.37609471049331,0.305257572038579,0.305257572038579,0.305257572038579,13110.202,PiecewiseConstant,XGBoost,Gaussian,All var equal contribution,0.2,1,0.1,2000,1000,1,1000,123
empirical_AIC_full,0.0167192204339209,0.015767517953462,0.0120851122804554,0.0148572835559461,0.0147752335027956,0.0135656244187345,0.00976248782254879,0.0130293547143774,0.239972587658,0.40235740029475,1.06073285334983,0.274930094608608,0.355583480453279,0.298555868453095,12501.568,PiecewiseConstant,XGBoost,Gaussian,All var equal contribution,0.2,1,0.1,2000,1000,1,1000,123
empirical_independence,0.0681521391489639,0.0430123471476038,0.0274342105215459,0.0461995656060378,0.0498303597042354,0.0329791644447843,0.0210980125525083,0.0402394166706661,Inf,Inf,Inf,Inf,Inf,Inf,29.6339999999982,PiecewiseConstant,XGBoost,Gaussian,All var equal contribution,0.2,1,0.1,2000,1000,1,1000,123
Gaussian,0.0108481868973609,0.0117439121075613,0.0119533438974433,0.0115151476341218,0.00800714376743061,0.00845832873063974,0.00918054768570109,0.00857288111760563,,,,,,,26.9619999999995,PiecewiseConstant,XGBoost,Gaussian,All var equal contribution,0.2,1,0.1,2000,1000,1,1000,123
copula,0.0105934695242558,0.0128317828740824,0.0127491843194304,0.0120581455725895,0.00819335527781191,0.00920307567673578,0.00999376329626031,0.00921515995136638,,,,,,,59.2980000000025,PiecewiseConstant,XGBoost,Gaussian,All var equal contribution,0.2,1,0.1,2000,1000,1,1000,123
treeSHAP,0.0491525032606317,0.0317109646191216,0.020602596215564,0.0338220213651058,0.0375720585342967,0.0260009537912587,0.0171619494033457,0.030523349303256,,,,,,,0.0190000000002328,PiecewiseConstant,XGBoost,Gaussian,All var equal contribution,0.2,1,0.1,2000,1000,1,1000,123
empirical_sigma.01,0.0756695091774093,0.0782632407840462,0.0834836792549316,0.0791388097387957,0.0778837466347189,0.0883937657223401,0.0822070517643935,0.0829764293426773,0.1,0.1,0.1,0.1,0.1,0.1,19.0059999999939,Linear,Linear,Gaussian,All var equal contribution,0.05,1,0.1,2000,1000,1,1000,123
empirical_AIC_each_k,0.0348397408436361,0.0353587622845849,0.0441473863601715,0.0381152964961308,0.0284246829961383,0.026158299700089,0.0367151424617625,0.0310540331169089,0.383813990036276,0.383813990036276,0.383813990036276,0.3486303203922,0.3486303203922,0.3486303203922,16318.746,Linear,Linear,Gaussian,All var equal contribution,0.05,1,0.1,2000,1000,1,1000,123
empirical_AIC_full,0.035069635006205,0.0384810020205656,0.0435416620375241,0.0390307663547649,0.0303239706770383,0.0290181345653887,0.0349411644756588,0.0317114302365242,0.329556714893601,0.277128086276804,0.617341338861,0.301165472455184,0.504356708388431,0.355324885845246,15368.178,Linear,Linear,Gaussian,All var equal contribution,0.05,1,0.1,2000,1000,1,1000,123
empirical_independence,0.0540360333955669,0.0516285121272254,0.0577641137211449,0.0544762197479791,0.0408318483553943,0.0370490217047731,0.0413988271271917,0.0398734763461532,Inf,Inf,Inf,Inf,Inf,Inf,20.30799999999,Linear,Linear,Gaussian,All var equal contribution,0.05,1,0.1,2000,1000,1,1000,123
Gaussian,0.0343015515150431,0.0258167987303522,0.0440936769516628,0.0347373423990194,0.0243274327761503,0.0194069427051513,0.0274305746104213,0.0250805700929309,,,,,,,17.9010000000126,Linear,Linear,Gaussian,All var equal contribution,0.05,1,0.1,2000,1000,1,1000,123
copula,0.0330902689149966,0.0268097068136419,0.0436533542911547,0.0345177766732644,0.0230534920282777,0.0192065720231079,0.0266522348815512,0.0241838967694518,,,,,,,52.6190000000061,Linear,Linear,Gaussian,All var equal contribution,0.05,1,0.1,2000,1000,1,1000,123
empirical_sigma.01,0.0315758745651526,0.0305844111608471,0.0273387603614529,0.0298330153624842,0.0323119404179603,0.0272247380264794,0.0267566392309851,0.0289212974283973,0.1,0.1,0.1,0.1,0.1,0.1,29.4680000000008,PiecewiseConstant,XGBoost,Gaussian,All var equal contribution,0.3,1,0.1,2000,1000,1,1000,123
empirical_AIC_each_k,0.0191002807379903,0.0174106892099397,0.011604233076291,0.0160384010080736,0.0175828920807214,0.0155049468001018,0.0105078715821197,0.0151708837459408,0.335305724656116,0.335305724656116,0.335305724656116,0.268173936053566,0.268173936053566,0.268173936053566,14462.731,PiecewiseConstant,XGBoost,Gaussian,All var equal contribution,0.3,1,0.1,2000,1000,1,1000,123
empirical_AIC_full,0.0192824451378387,0.0175863489652673,0.0113374062949776,0.0160687334660279,0.0174510038188505,0.0156018820082632,0.0102310791696132,0.0151352154183665,0.302317401852538,0.307808813632492,1.08260279292846,0.254632212858135,0.281831589510963,0.270104121721004,14859.158,PiecewiseConstant,XGBoost,Gaussian,All var equal contribution,0.3,1,0.1,2000,1000,1,1000,123
empirical_independence,0.104001395605029,0.0643303290423837,0.0418804145098026,0.070070713052405,0.0755971031325924,0.0500432261995003,0.0315939390068021,0.0610761068908038,Inf,Inf,Inf,Inf,Inf,Inf,31.0219999999972,PiecewiseConstant,XGBoost,Gaussian,All var equal contribution,0.3,1,0.1,2000,1000,1,1000,123
Gaussian,0.0101042731455282,0.0113150740149497,0.0113527307513947,0.0109240259706242,0.00762354772587066,0.00820941823791377,0.00882880201746176,0.00825296157863863,,,,,,,29.3099999999977,PiecewiseConstant,XGBoost,Gaussian,All var equal contribution,0.3,1,0.1,2000,1000,1,1000,123
copula,0.0120577757163052,0.01266982349341,0.012046399170787,0.0122579994601674,0.00867026082375548,0.00911659418987813,0.00925980780218362,0.00902074572440649,,,,,,,62.1779999999999,PiecewiseConstant,XGBoost,Gaussian,All var equal contribution,0.3,1,0.1,2000,1000,1,1000,123
treeSHAP,0.076189492470436,0.0521279667457039,0.0288217616043478,0.0523797402734959,0.059297046374315,0.041773745826011,0.025094731489922,0.0483367446702743,,,,,,,0.0190000000002328,PiecewiseConstant,XGBoost,Gaussian,All var equal contribution,0.3,1,0.1,2000,1000,1,1000,123
empirical_sigma.01,0.10707755884437,0.0361057478610151,0.0940301772051234,0.0790711613035027,0.0819833204394061,0.0293784134619844,0.0754562969468079,0.0693762109743388,0.1,0.1,0.1,0.1,0.1,0.1,0.134000000005472,PiecewiseConstant,XGBoost,Gaussian,All var equal contribution,0.4,1,0.1,200,5,1,1000,123
empirical_AIC_each_k,0.0860344365300781,0.0239902572973739,0.065197769561108,0.0584074877961866,0.060750123550636,0.0170565189124878,0.0666009855125509,0.0558302813190457,0.891068165363364,0.891068165363364,0.891068165363364,0.460505509913063,0.460505509913063,0.460505509913063,0.672999999995227,PiecewiseConstant,XGBoost,Gaussian,All var equal contribution,0.4,1,0.1,200,5,1,1000,123
empirical_AIC_full,0.0843364318772608,0.0242104218563415,0.0763123612304207,0.061619738321341,0.0616523924292302,0.0158018714379569,0.0755804407324984,0.0595874927434052,0.706595983860111,1.09307686324969,17.1395109917106,0.643134275806368,0.395038720880149,0.406479485264226,0.903999999994994,PiecewiseConstant,XGBoost,Gaussian,All var equal contribution,0.4,1,0.1,200,5,1,1000,123
empirical_independence,0.159192584221343,0.0645397595480784,0.0974106185610554,0.107047654110159,0.128382877351921,0.0337413302621677,0.0929164176338708,0.0956596800331421,Inf,Inf,Inf,Inf,Inf,Inf,0.11699999999837,PiecewiseConstant,XGBoost,Gaussian,All var equal contribution,0.4,1,0.1,200,5,1,1000,123
Gaussian,0.019738518421231,0.0183924517791113,0.0260503309724044,0.0213937670575822,0.0146360412187627,0.00976595034677624,0.0288644680458305,0.0183966935342739,,,,,,,0.137000000002445,PiecewiseConstant,XGBoost,Gaussian,All var equal contribution,0.4,1,0.1,200,5,1,1000,123
copula,0.0130307407977454,0.0169818086933559,0.0265591701098498,0.0188572398669837,0.0112816042027407,0.0149623043168712,0.0265084580450996,0.0183211417336272,,,,,,,0.215000000011059,PiecewiseConstant,XGBoost,Gaussian,All var equal contribution,0.4,1,0.1,200,5,1,1000,123
treeSHAP,0.112634327402347,0.0466574985741259,0.0660320503799981,0.0751079587854902,0.0781875124017877,0.0199573101512931,0.0594041913343499,0.0607464889017864,,,,,,,0.00399999998626299,PiecewiseConstant,XGBoost,Gaussian,All var equal contribution,0.4,1,0.1,200,5,1,1000,123
empirical_sigma.01,0.137868478131041,0.0485318266955745,0.120538584225176,0.102312963017264,0.147219580795516,0.060192092114694,0.0708481326189048,0.101315806132082,0.1,0.1,0.1,0.1,0.1,0.1,0.11699999999837,PiecewiseConstant,XGBoost,Gaussian,All var equal contribution,0.5,1,0.1,200,5,1,1000,123
empirical_AIC_each_k,0.0989293188657458,0.0230840862780673,0.0791666107790312,0.0670600053076148,0.0827929379016988,0.0166999318286035,0.0889173232530817,0.0735040898482487,0.720178570388469,0.720178570388469,0.720178570388469,0.407154832127718,0.407154832127718,0.407154832127718,0.68399999999383,PiecewiseConstant,XGBoost,Gaussian,All var equal contribution,0.5,1,0.1,200,5,1,1000,123
empirical_AIC_full,0.0828113284046689,0.022288127594008,0.0780195466454354,0.0610396675480374,0.0716131465039961,0.0177931242222636,0.0853719168014424,0.0666834877814121,0.368925490183858,1.15629079516759,30.1002864422517,0.497900743740107,0.290128664903798,0.399723484205933,0.897000000011758,PiecewiseConstant,XGBoost,Gaussian,All var equal contribution,0.5,1,0.1,200,5,1,1000,123
empirical_independence,0.201894799538264,0.0859897158786707,0.123438647996394,0.137107721137776,0.165718139848079,0.0450493498029173,0.11701162019962,0.121808092027078,Inf,Inf,Inf,Inf,Inf,Inf,0.122999999992317,PiecewiseConstant,XGBoost,Gaussian,All var equal contribution,0.5,1,0.1,200,5,1,1000,123
Gaussian,0.0172228150010319,0.0149072285604793,0.0258638397302114,0.0193312944305742,0.0130493468189892,0.0128428683862433,0.0279622093159486,0.0185200671947408,,,,,,,0.163000000000466,PiecewiseConstant,XGBoost,Gaussian,All var equal contribution,0.5,1,0.1,200,5,1,1000,123
copula,0.0124377240668845,0.0110818085091573,0.0200835218149749,0.0145343514636722,0.0123295067279268,0.0143874738705517,0.0277742535832446,0.0184337562348307,,,,,,,0.229999999995925,PiecewiseConstant,XGBoost,Gaussian,All var equal contribution,0.5,1,0.1,200,5,1,1000,123
treeSHAP,0.154579242326039,0.0715397424838147,0.0834723592963244,0.103197114702059,0.114672357394901,0.0363339561635459,0.0818703446619289,0.0865396392156232,,,,,,,0.00300000001152512,PiecewiseConstant,XGBoost,Gaussian,All var equal contribution,0.5,1,0.1,200,5,1,1000,123
empirical_sigma.01,0.139298547956935,0.0595469071233816,0.121054736368467,0.106633397149595,0.131379102264965,0.0343781140440833,0.099692000295642,0.0967263798653904,0.1,0.1,0.1,0.1,0.1,0.1,0.135999999998603,PiecewiseConstant,XGBoost,Gaussian,All var equal contribution,0.6,1,0.1,200,5,1,1000,123
empirical_AIC_each_k,0.0980394912696996,0.0263394677109562,0.0853669659192712,0.0699153082999757,0.0814147969444387,0.0112218358924157,0.0924723014346426,0.0736131721274752,0.510093984182633,0.510093984182633,0.510093984182633,0.344296787426801,0.344296787426801,0.344296787426801,0.669999999998254,PiecewiseConstant,XGBoost,Gaussian,All var equal contribution,0.6,1,0.1,200,5,1,1000,123
empirical_AIC_full,0.0958523932905738,0.0249206047149843,0.0869896916688581,0.069254229891472,0.0781728588761836,0.0164085620114093,0.0907453834596257,0.0724062160291942,0.312620359599001,0.786546968841542,18.7644721943427,0.379327816766569,0.302167205514555,0.347658314810243,0.889999999999418,PiecewiseConstant,XGBoost,Gaussian,All var equal contribution,0.6,1,0.1,200,5,1,1000,123
empirical_independence,0.260386020081377,0.107455097206811,0.165465198178212,0.177768771822133,0.21864710076235,0.0545163442052349,0.158824908730536,0.161161133812326,Inf,Inf,Inf,Inf,Inf,Inf,0.130000000004657,PiecewiseConstant,XGBoost,Gaussian,All var equal contribution,0.6,1,0.1,200,5,1,1000,123
Gaussian,0.0127249624180311,0.0183850267353787,0.0236303255995475,0.0182467715843191,0.0119018908483884,0.0178393166788087,0.032886172991916,0.0214859540855098,,,,,,,0.14100000000326,PiecewiseConstant,XGBoost,Gaussian,All var equal contribution,0.6,1,0.1,200,5,1,1000,123
copula,0.0143111418833753,0.0080631414879905,0.0168173078136589,0.0130638637283416,0.00969638790759848,0.0108647124200053,0.0221790025593174,0.0146851154402653,,,,,,,0.221999999994296,PiecewiseConstant,XGBoost,Gaussian,All var equal contribution,0.6,1,0.1,200,5,1,1000,123
treeSHAP,0.171049605378576,0.065158553079129,0.11301291439347,0.116407024283725,0.113842368147307,0.0382086141025637,0.111390518744251,0.0983543193291731,,,,,,,0.00400000000081491,PiecewiseConstant,XGBoost,Gaussian,All var equal contribution,0.6,1,0.1,200,5,1,1000,123
empirical_sigma.01,0.0958369847968157,0.038892395090003,0.0728989315344377,0.0692094371404188,0.0596487553888704,0.0393764599704039,0.0693235937305169,0.0584720748835611,0.1,0.1,0.1,0.1,0.1,0.1,0.134000000005472,PiecewiseConstant,XGBoost,Gaussian,All var equal contribution,0.7,1,0.1,200,5,1,1000,123
empirical_AIC_each_k,0.0649887771307113,0.0227301876820149,0.0612427197694873,0.0496538948607378,0.0387112409915086,0.0205938427182938,0.0612339125878635,0.0448495594639396,0.451488076605544,0.451488076605544,0.451488076605544,0.283843983675224,0.283843983675224,0.283843983675224,0.69199999999546,PiecewiseConstant,XGBoost,Gaussian,All var equal contribution,0.7,1,0.1,200,5,1,1000,123
empirical_AIC_full,0.0658598769765949,0.0322947786320869,0.066776885362374,0.0549771803236853,0.0515107169101593,0.0295346183349208,0.073969558988972,0.053351503215491,0.243026773364593,0.537063923111415,0.600214327043131,0.309392041290462,0.239011908247051,0.310746096482262,0.825000000011642,PiecewiseConstant,XGBoost,Gaussian,All var equal contribution,0.7,1,0.1,200,5,1,1000,123
empirical_independence,0.281884207148455,0.102376590372717,0.189675826483767,0.191312208001646,0.204909446939817,0.0706633252957393,0.188238559289241,0.171180212692875,Inf,Inf,Inf,Inf,Inf,Inf,0.12400000001071,PiecewiseConstant,XGBoost,Gaussian,All var equal contribution,0.7,1,0.1,200,5,1,1000,123
Gaussian,0.0117870100493899,0.0128735177691439,0.0193638046100551,0.0146747774761963,0.0107009701971601,0.0183368487831022,0.0297081036145938,0.0198226825178514,,,,,,,0.135999999998603,PiecewiseConstant,XGBoost,Gaussian,All var equal contribution,0.7,1,0.1,200,5,1,1000,123
copula,0.0206969854340103,0.0168775890829595,0.0150941769213554,0.0175562504794417,0.0131022965850598,0.00952670532355372,0.0113248432874562,0.0108386032316943,,,,,,,0.201999999990221,PiecewiseConstant,XGBoost,Gaussian,All var equal contribution,0.7,1,0.1,200,5,1,1000,123
treeSHAP,0.190078462202139,0.0756835388075646,0.117212935068136,0.127658312025947,0.106205831398395,0.0524365554412276,0.117437688696682,0.101705919647388,,,,,,,0.00400000000081491,PiecewiseConstant,XGBoost,Gaussian,All var equal contribution,0.7,1,0.1,200,5,1,1000,123
empirical_sigma.01,0.0647876657133716,0.0511037087703632,0.0459019430426147,0.0539311058421165,0.056627455756812,0.0479033142214678,0.052313032978253,0.0492107939100463,0.1,0.1,0.1,0.1,0.1,0.1,0.11699999999837,PiecewiseConstant,XGBoost,Gaussian,All var equal contribution,0.8,1,0.1,200,5,1,1000,123
empirical_AIC_each_k,0.0702584267158394,0.0178569133447786,0.0654813482995217,0.0511988961200466,0.0399109177428629,0.0120926437542985,0.051292426200881,0.0429907093828432,0.384699443421991,0.384699443421991,0.384699443421991,0.241353148603178,0.241353148603178,0.241353148603178,0.737999999997555,PiecewiseConstant,XGBoost,Gaussian,All var equal contribution,0.8,1,0.1,200,5,1,1000,123
empirical_AIC_full,0.0719553530420231,0.0218223898928246,0.0692176548598855,0.0543317992649111,0.0429146423228386,0.0115532386228442,0.0559855244825066,0.0450264140026044,0.332016469755471,0.380595904621872,0.495408292377051,0.226919650912686,0.229691360769505,0.271135170803042,0.881999999997788,PiecewiseConstant,XGBoost,Gaussian,All var equal contribution,0.8,1,0.1,200,5,1,1000,123
empirical_independence,0.342370257184549,0.120900926431426,0.2295068776016,0.230926020405858,0.240416118077962,0.087840874908272,0.223008311635794,0.204176273752386,Inf,Inf,Inf,Inf,Inf,Inf,0.119000000006054,PiecewiseConstant,XGBoost,Gaussian,All var equal contribution,0.8,1,0.1,200,5,1,1000,123
Gaussian,0.0103174516560667,0.00834082662713469,0.0126953129637619,0.0104511970823211,0.00968099884572161,0.00820123958408042,0.0201930992733714,0.0128799715712165,,,,,,,0.277000000001863,PiecewiseConstant,XGBoost,Gaussian,All var equal contribution,0.8,1,0.1,200,5,1,1000,123
copula,0.0295488895236627,0.01879174230365,0.0169505127441012,0.021763714857138,0.0167119470512053,0.0126817899247557,0.0157996648904761,0.0151705257524882,,,,,,,0.217999999993481,PiecewiseConstant,XGBoost,Gaussian,All var equal contribution,0.8,1,0.1,200,5,1,1000,123
treeSHAP,0.227018073591484,0.0873615026621154,0.141851876560556,0.152077150938052,0.125423921595093,0.0738453738671695,0.144424410165031,0.124703907799249,,,,,,,0.0059999999939464,PiecewiseConstant,XGBoost,Gaussian,All var equal contribution,0.8,1,0.1,200,5,1,1000,123
empirical_sigma.01,0.0518411859001303,0.04276851219844,0.0490601894601298,0.0478899625195667,0.0267672228954122,0.00877028902728951,0.039977593891436,0.026433873116907,0.1,0.1,0.1,0.1,0.1,0.1,0.129000000000815,PiecewiseConstant,XGBoost,Gaussian,All var equal contribution,0.9,1,0.1,200,5,1,1000,123
empirical_AIC_each_k,0.0652322522134624,0.0152437404173591,0.0559406297377972,0.0454722074562063,0.0319327290407082,0.0099364536162462,0.0407193805858913,0.0360307787731354,0.30807464089206,0.30807464089206,0.30807464089206,0.203523934769449,0.203523934769449,0.203523934769449,0.67500000000291,PiecewiseConstant,XGBoost,Gaussian,All var equal contribution,0.9,1,0.1,200,5,1,1000,123
empirical_AIC_full,0.0664305418203709,0.0168864991301925,0.0581428295219503,0.0471532901575045,0.0313124609019499,0.00911702577254583,0.0436110092584349,0.0367465714745574,0.292536252356004,0.297516128265262,0.335442236101956,0.186307006932529,0.203323893721734,0.24065467327817,0.80800000000454,PiecewiseConstant,XGBoost,Gaussian,All var equal contribution,0.9,1,0.1,200,5,1,1000,123
empirical_independence,0.313849082451396,0.18019036228884,0.137324414632686,0.210454619790974,0.164712293078022,0.122136370524224,0.143371973439232,0.154731023886677,Inf,Inf,Inf,Inf,Inf,Inf,0.135999999998603,PiecewiseConstant,XGBoost,Gaussian,All var equal contribution,0.9,1,0.1,200,5,1,1000,123
Gaussian,0.0173345342410661,0.00871583944758572,0.0117879046279683,0.0126127594388733,0.026855075234382,0.00957661899108558,0.017048815412976,0.0181365512104362,,,,,,,0.144999999989523,PiecewiseConstant,XGBoost,Gaussian,All var equal contribution,0.9,1,0.1,200,5,1,1000,123
copula,0.0375230087598073,0.0161888241839771,0.0214342491721061,0.0250486940386302,0.0187983645957481,0.0070801343795841,0.0146019130291733,0.0162628869343763,,,,,,,0.203000000008615,PiecewiseConstant,XGBoost,Gaussian,All var equal contribution,0.9,1,0.1,200,5,1,1000,123
treeSHAP,0.261702031042021,0.14162999947121,0.120056672650703,0.174462901054645,0.133770682828934,0.113307905415382,0.140649910314771,0.136357254436696,,,,,,,0.00400000000081491,PiecewiseConstant,XGBoost,Gaussian,All var equal contribution,0.9,1,0.1,200,5,1,1000,123
empirical_sigma.01,0.108864285309906,0.117152299062778,0.0778169192809722,0.101277834551218,0.120628005971577,0.0441663236549795,0.0572271292032465,0.0771856454857299,0.1,0.1,0.1,0.1,0.1,0.1,0.130000000004657,PiecewiseConstant,XGBoost,Gaussian,All var equal contribution,0.05,1,0.1,200,5,1,1000,123
empirical_AIC_each_k,0.0264070902335826,0.0116958542492817,0.020905868302659,0.0196696042618411,0.0232907328667738,0.0100625760211914,0.0132618958993723,0.0165418948696548,24.5144948552966,24.5144948552966,24.5144948552966,22.2483421683059,22.2483421683059,22.2483421683059,0.971000000005006,PiecewiseConstant,XGBoost,Gaussian,All var equal contribution,0.05,1,0.1,200,5,1,1000,123
empirical_AIC_full,0.0265842995059691,0.0118876815137522,0.0196957334467534,0.0193892381554916,0.0234679435932589,0.0110040331284822,0.0140656640141333,0.0169439940881718,31.102478171577,11.3024596773132,13.2507352626363,23.2970170374986,21.4155003523372,21.0868191214118,1.10699999998906,PiecewiseConstant,XGBoost,Gaussian,All var equal contribution,0.05,1,0.1,200,5,1,1000,123
empirical_independence,0.0289955044844396,0.0161828875703773,0.0162494846568301,0.0204759589038823,0.0230935700498466,0.0168425404977305,0.0198160653234117,0.019608714146194,Inf,Inf,Inf,Inf,Inf,Inf,0.118000000002212,PiecewiseConstant,XGBoost,Gaussian,All var equal contribution,0.05,1,0.1,200,5,1,1000,123
Gaussian,0.031766328284667,0.025413861971415,0.0234150898889861,0.0268650933816894,0.0208152955750012,0.0315583546655263,0.0172628640257146,0.0225182537307601,,,,,,,0.144000000000233,PiecewiseConstant,XGBoost,Gaussian,All var equal contribution,0.05,1,0.1,200,5,1,1000,123
copula,0.0225885166928482,0.0316935469976799,0.0219426134164524,0.0254082257023268,0.0233514219189836,0.0381242565859079,0.0205635156347718,0.0267044091336884,,,,,,,0.202000000004773,PiecewiseConstant,XGBoost,Gaussian,All var equal contribution,0.05,1,0.1,200,5,1,1000,123
treeSHAP,0.0120871237161048,0.0150460173361592,0.0160276798362593,0.0143869402961745,0.0104257532204418,0.00656587356015682,0.00599915113250323,0.00752740320407243,,,,,,,0.00400000000081491,PiecewiseConstant,XGBoost,Gaussian,All var equal contribution,0.05,1,0.1,200,5,1,1000,123
empirical_sigma.01,0.10933135546886,0.117303671680178,0.0852055536843742,0.103946860277804,0.150468119667923,0.0680889328434305,0.0745486145434511,0.0978811903098681,0.1,0.1,0.1,0.1,0.1,0.1,0.12400000001071,PiecewiseConstant,XGBoost,Gaussian,All var equal contribution,0.15,1,0.1,200,5,1,1000,123
empirical_AIC_each_k,0.0651169718179629,0.0454029899063232,0.0208821540523229,0.0438007052588696,0.0547473583422116,0.0403135635324445,0.0178959858349808,0.0419880463126519,13.2720113439637,13.2720113439637,13.2720113439637,1.7116979568014,1.7116979568014,1.7116979568014,0.82499999999709,PiecewiseConstant,XGBoost,Gaussian,All var equal contribution,0.15,1,0.1,200,5,1,1000,123
empirical_AIC_full,0.0567662204539313,0.0412552934824713,0.0161053318007984,0.0380422819124003,0.0479724511459671,0.0380111147237838,0.0128575403916258,0.0376608592914195,11.9018238467986,8.65217774947002,27.113787667607,20.8559653477595,23.3979291247314,0.75010604230357,1.07200000000012,PiecewiseConstant,XGBoost,Gaussian,All var equal contribution,0.15,1,0.1,200,5,1,1000,123
empirical_independence,0.0719833011173385,0.0527633856057566,0.0226299599419727,0.0491255488883559,0.0594553034907587,0.0440600985741915,0.0216976118606441,0.0462730110113583,Inf,Inf,Inf,Inf,Inf,Inf,0.12599999998929,PiecewiseConstant,XGBoost,Gaussian,All var equal contribution,0.15,1,0.1,200,5,1,1000,123
Gaussian,0.0297287261953823,0.0213456418792348,0.0155316217107407,0.0222019965951193,0.0223944607388764,0.0247168686263189,0.0170373942901144,0.0209083503440878,,,,,,,0.138999999995576,PiecewiseConstant,XGBoost,Gaussian,All var equal contribution,0.15,1,0.1,200,5,1,1000,123
copula,0.0277953474466178,0.02379736926356,0.00399798232000945,0.0185302330100624,0.0187570849661396,0.0156856047305176,0.00743820446378757,0.017395874246306,,,,,,,0.194000000003143,PiecewiseConstant,XGBoost,Gaussian,All var equal contribution,0.15,1,0.1,200,5,1,1000,123
treeSHAP,0.0500216005482943,0.0306013057306522,0.0194309763434927,0.0333512942074797,0.0387868625721487,0.0298485386160439,0.0103355755279453,0.0297668371881012,,,,,,,0.0029999999969732,PiecewiseConstant,XGBoost,Gaussian,All var equal contribution,0.15,1,0.1,200,5,1,1000,123
empirical_sigma.01,0.0689808231829174,0.0781897884067258,0.0836232819962924,0.0769312978619785,0.0825446961031905,0.0482531702920811,0.0788507866658453,0.0665398108073799,0.1,0.1,0.1,0.1,0.1,0.1,0.126000000003842,PiecewiseConstant,XGBoost,Gaussian,All var equal contribution,0.25,1,0.1,200,5,1,1000,123
empirical_AIC_each_k,0.0697386296472948,0.0321818745365671,0.0393185414397077,0.0470796818745232,0.0553171342790962,0.0182992027354948,0.0358939844556367,0.0402766651117316,1.26726610091561,1.26726610091561,1.26726610091561,0.61519022566425,0.61519022566425,0.61519022566425,0.747000000003027,PiecewiseConstant,XGBoost,Gaussian,All var equal contribution,0.25,1,0.1,200,5,1,1000,123
empirical_AIC_full,0.0352531520463042,0.0168682063516735,0.0284844284061275,0.0268685956013684,0.0406814896457147,0.00681868032900257,0.0292550803069095,0.0281500422961269,0.0828095459807091,1.84543153507787,28.9864763483088,0.915807907889267,0.522360129939206,0.522710121686011,0.891999999992549,PiecewiseConstant,XGBoost,Gaussian,All var equal contribution,0.25,1,0.1,200,5,1,1000,123
empirical_independence,0.103572316763866,0.0561551244816547,0.0536113626857514,0.0711129346437573,0.0848867965993338,0.0352939504201138,0.0442010035259092,0.0594852337683996,Inf,Inf,Inf,Inf,Inf,Inf,0.126000000003842,PiecewiseConstant,XGBoost,Gaussian,All var equal contribution,0.25,1,0.1,200,5,1,1000,123
Gaussian,0.0205975070364471,0.0157989786496676,0.0189554925161957,0.0184506594007702,0.0133071015261002,0.00971598637307118,0.0228155217636094,0.015183603968352,,,,,,,0.146000000007916,PiecewiseConstant,XGBoost,Gaussian,All var equal contribution,0.25,1,0.1,200,5,1,1000,123
copula,0.0170688573711321,0.00694105050057776,0.0138156727612462,0.012608526877652,0.0170004538918553,0.00574896597250191,0.0168698190418924,0.0138718304901215,,,,,,,0.208999999988009,PiecewiseConstant,XGBoost,Gaussian,All var equal contribution,0.25,1,0.1,200,5,1,1000,123
treeSHAP,0.0632833172900468,0.0296322076485467,0.0336679568453224,0.042194493927972,0.0428954066451625,0.0205296101631361,0.0245435965343907,0.0325485707960456,,,,,,,0.00300000001152512,PiecewiseConstant,XGBoost,Gaussian,All var equal contribution,0.25,1,0.1,200,5,1,1000,123
empirical_sigma.01,0.0777070667082993,0.0473408687319693,0.0710992594992508,0.0653823983131731,0.0763808938725349,0.0361772830830322,0.0570287199731441,0.0561444758507339,0.1,0.1,0.1,0.1,0.1,0.1,0.11600000000908,PiecewiseConstant,XGBoost,Gaussian,All var equal contribution,0.35,1,0.1,200,5,1,1000,123
empirical_AIC_each_k,0.075437664543018,0.0220862076603701,0.0555204134899493,0.0510147618977791,0.052110665497736,0.0156747830225256,0.0549931964041619,0.0472153798561484,0.950304430078813,0.950304430078813,0.950304430078813,0.490244267133969,0.490244267133969,0.490244267133969,0.701000000000931,PiecewiseConstant,XGBoost,Gaussian,All var equal contribution,0.35,1,0.1,200,5,1,1000,123
empirical_AIC_full,0.0740717933335253,0.0226646964832396,0.0655193083575266,0.0540852660580972,0.0527364367834294,0.0128154996532311,0.0638694222606141,0.0504875808808054,0.776366702378731,1.10343591888697,22.8235556355181,0.716201124639916,0.40622405580612,0.430610691784412,0.868999999991502,PiecewiseConstant,XGBoost,Gaussian,All var equal contribution,0.35,1,0.1,200,5,1,1000,123
empirical_independence,0.138053786815148,0.0586810291587129,0.0834285804812177,0.0933877988183595,0.109440005220025,0.0290041613832269,0.0762773562211741,0.0806404483042297,Inf,Inf,Inf,Inf,Inf,Inf,0.148000000001048,PiecewiseConstant,XGBoost,Gaussian,All var equal contribution,0.35,1,0.1,200,5,1,1000,123
Gaussian,0.0208278149689573,0.0177289964899223,0.0243456563537303,0.02096748927087,0.0139908301912553,0.00845194048533574,0.0279430980167321,0.017528707480132,,,,,,,0.154999999998836,PiecewiseConstant,XGBoost,Gaussian,All var equal contribution,0.35,1,0.1,200,5,1,1000,123
copula,0.0131325365046642,0.0136922795408222,0.0244659728835504,0.0170969296430123,0.0122503917611868,0.0143064187931331,0.0217109010837936,0.0162842826044944,,,,,,,0.217000000004191,PiecewiseConstant,XGBoost,Gaussian,All var equal contribution,0.35,1,0.1,200,5,1,1000,123
treeSHAP,0.096755721491641,0.0394845359567591,0.0572989482888574,0.0645130685790858,0.0659634483531315,0.0188786499005333,0.0481266949031763,0.0511896564818153,,,,,,,0.0029999999969732,PiecewiseConstant,XGBoost,Gaussian,All var equal contribution,0.35,1,0.1,200,5,1,1000,123
empirical_sigma.01,0.115069043452448,0.0493021972404778,0.106927573252569,0.0904329379818317,0.119457807832624,0.0475670058092423,0.0632966643085847,0.0823801142018497,0.1,0.1,0.1,0.1,0.1,0.1,0.129000000000815,PiecewiseConstant,XGBoost,Gaussian,All var equal contribution,0.45,1,0.1,200,5,1,1000,123
empirical_AIC_each_k,0.0887853315146906,0.0247880412347374,0.0709597715749991,0.0615110481081424,0.0693744081121998,0.0142346362641252,0.0770699223088644,0.0625240216135981,0.80273669212425,0.80273669212425,0.80273669212425,0.425385843009812,0.425385843009812,0.425385843009812,0.745000000009895,PiecewiseConstant,XGBoost,Gaussian,All var equal contribution,0.45,1,0.1,200,5,1,1000,123
empirical_AIC_full,0.0840849293363296,0.0245974268065652,0.082275697927586,0.0636526846901603,0.0656978176564455,0.0195539829649697,0.0840698345815442,0.0646491776453665,0.616479617612904,1.01727573754007,28.1126348324537,0.596922386515173,0.260407754960652,0.383727028331374,0.910999999992782,PiecewiseConstant,XGBoost,Gaussian,All var equal contribution,0.45,1,0.1,200,5,1,1000,123
empirical_independence,0.180009194062413,0.0723985138677576,0.111102987549641,0.121170231826604,0.1457214783781,0.0370681723295035,0.10807664770045,0.109174731685282,Inf,Inf,Inf,Inf,Inf,Inf,0.134999999994761,PiecewiseConstant,XGBoost,Gaussian,All var equal contribution,0.45,1,0.1,200,5,1,1000,123
Gaussian,0.0182718047545175,0.0178212922664182,0.0270719045478429,0.0210550005229262,0.0123056183725585,0.0139780432052312,0.0294689946496083,0.0191478705142761,,,,,,,0.139000000010128,PiecewiseConstant,XGBoost,Gaussian,All var equal contribution,0.45,1,0.1,200,5,1,1000,123
copula,0.013858136147206,0.0123316827230163,0.025063552653693,0.0170844571746384,0.0129436020908605,0.0160776776549548,0.0250328121363954,0.0183108103011708,,,,,,,0.201999999990221,PiecewiseConstant,XGBoost,Gaussian,All var equal contribution,0.45,1,0.1,200,5,1,1000,123
treeSHAP,0.126351902942155,0.0472883060435093,0.0790927823980741,0.0842443304612461,0.0895568142346634,0.0138354971918109,0.0767988764746845,0.0718462220832773,,,,,,,0.00600000000849832,PiecewiseConstant,XGBoost,Gaussian,All var equal contribution,0.45,1,0.1,200,5,1,1000,123
empirical_sigma.01,0.140288573835871,0.043686149177921,0.122091603798361,0.102022108937384,0.145121314449517,0.0450656445879571,0.0922419440516556,0.104454259877828,0.1,0.1,0.1,0.1,0.1,0.1,0.146999999997206,PiecewiseConstant,XGBoost,Gaussian,All var equal contribution,0.55,1,0.1,200,5,1,1000,123
empirical_AIC_each_k,0.0976858000163353,0.0187904713508159,0.0811112165854016,0.0658624959841843,0.0810382779824349,0.0154368159398975,0.086735066719809,0.073006353269203,0.585582902587359,0.585582902587359,0.585582902587359,0.361078884057412,0.361078884057412,0.361078884057412,0.724999999991269,PiecewiseConstant,XGBoost,Gaussian,All var equal contribution,0.55,1,0.1,200,5,1,1000,123
empirical_AIC_full,0.0926695644279465,0.0213219095245837,0.0834216523170488,0.065804375423193,0.0789558630437766,0.0139730668013162,0.0889555672148777,0.0719242927183822,0.320651961373991,0.947767664385,19.7675027650535,0.406787121494242,0.254815472063839,0.371756376816445,0.937000000005355,PiecewiseConstant,XGBoost,Gaussian,All var equal contribution,0.55,1,0.1,200,5,1,1000,123
empirical_independence,0.230684568563967,0.104174537899282,0.140312722525128,0.158390609662792,0.194582001567281,0.0555597627526855,0.129338430909018,0.139686622172748,Inf,Inf,Inf,Inf,Inf,Inf,0.120999999999185,PiecewiseConstant,XGBoost,Gaussian,All var equal contribution,0.55,1,0.1,200,5,1,1000,123
Gaussian,0.0129004735853796,0.0155137151260494,0.0236351807900678,0.0173497898338323,0.0116362185817031,0.0166841081492678,0.0302756934128605,0.0200621948332978,,,,,,,0.135999999998603,PiecewiseConstant,XGBoost,Gaussian,All var equal contribution,0.55,1,0.1,200,5,1,1000,123
copula,0.0152928132863244,0.00993629885533962,0.0144007235894854,0.0132099452437165,0.013880378233505,0.00689086864365382,0.0238517147513605,0.0153961459317794,,,,,,,0.225999999995111,PiecewiseConstant,XGBoost,Gaussian,All var equal contribution,0.55,1,0.1,200,5,1,1000,123
treeSHAP,0.155033290184266,0.0659167349168221,0.0946100154261961,0.105186680175761,0.101902789063605,0.0311869299114895,0.0881342172262195,0.0833200232688572,,,,,,,0.00400000000081491,PiecewiseConstant,XGBoost,Gaussian,All var equal contribution,0.55,1,0.1,200,5,1,1000,123
empirical_sigma.01,0.144685914228195,0.0619709377588462,0.0982881812446141,0.101648344410552,0.13354360242355,0.0476678389673455,0.0945103431628953,0.0975933197706366,0.1,0.1,0.1,0.1,0.1,0.1,0.11799999998766,PiecewiseConstant,XGBoost,Gaussian,All var equal contribution,0.65,1,0.1,200,5,1,1000,123
empirical_AIC_each_k,0.0761967679927237,0.0341250293127325,0.0708454393820511,0.0603890788958358,0.0608743077273562,0.0215296314623988,0.0737751668140952,0.0558652847041645,0.471059361893936,0.471059361893936,0.471059361893936,0.309283929925566,0.309283929925566,0.309283929925566,0.725000000005821,PiecewiseConstant,XGBoost,Gaussian,All var equal contribution,0.65,1,0.1,200,5,1,1000,123
empirical_AIC_full,0.071093351792891,0.0375287640799247,0.0731279169096492,0.0605833442608217,0.0596912457936971,0.0398066144651621,0.0787372577882529,0.0593929828210238,0.304809052430076,0.619485189714808,0.575585902956235,0.342937286390185,0.260196726443408,0.323623517605611,0.845999999990454,PiecewiseConstant,XGBoost,Gaussian,All var equal contribution,0.65,1,0.1,200,5,1,1000,123
empirical_independence,0.257980279589595,0.0829865759805919,0.189469318138662,0.176812057902949,0.187042019275552,0.0632386606636832,0.182827608458128,0.161995955835537,Inf,Inf,Inf,Inf,Inf,Inf,0.13200000001234,PiecewiseConstant,XGBoost,Gaussian,All var equal contribution,0.65,1,0.1,200,5,1,1000,123
Gaussian,0.0104060694086996,0.0182205098978349,0.0234180682910779,0.0173482158658708,0.00681053507139724,0.0271443219644315,0.0344865549847177,0.0243766095793835,,,,,,,0.148000000001048,PiecewiseConstant,XGBoost,Gaussian,All var equal contribution,0.65,1,0.1,200,5,1,1000,123
copula,0.0176041174776042,0.0190376678384685,0.0151647377504227,0.0172688410221651,0.0145897499158536,0.028789304464961,0.017245666268027,0.0196300307160359,,,,,,,0.229000000006636,PiecewiseConstant,XGBoost,Gaussian,All var equal contribution,0.65,1,0.1,200,5,1,1000,123
treeSHAP,0.171759576042097,0.0610007649326095,0.121695264934706,0.118151868636471,0.0937965977810145,0.0428098406860213,0.11241038580097,0.0940475826487507,,,,,,,0.00699999999778811,PiecewiseConstant,XGBoost,Gaussian,All var equal contribution,0.65,1,0.1,200,5,1,1000,123
empirical_sigma.01,0.0673147416575962,0.0447982929741873,0.0553641931873419,0.0558257426063751,0.0291278224093828,0.0324493066323394,0.0462644446013837,0.0352908520687166,0.1,0.1,0.1,0.1,0.1,0.1,0.142000000007101,PiecewiseConstant,XGBoost,Gaussian,All var equal contribution,0.75,1,0.1,200,5,1,1000,123
empirical_AIC_each_k,0.0613764514953318,0.02076705838739,0.0605876432116615,0.0475770510314611,0.0360905866237513,0.0157702824258435,0.0569919838172328,0.0419094663857437,0.413274296029814,0.413274296029814,0.413274296029814,0.254266000817575,0.254266000817575,0.254266000817575,0.738000000012107,PiecewiseConstant,XGBoost,Gaussian,All var equal contribution,0.75,1,0.1,200,5,1,1000,123
empirical_AIC_full,0.0600223592138903,0.0287214166885069,0.0636507109306557,0.0507981622776843,0.0410889401751566,0.0191321433011259,0.0616730254695725,0.0440128962345557,0.280834935550378,0.450065146772978,0.532141523020786,0.246474952237753,0.233947738149137,0.284017259289025,0.903999999994994,PiecewiseConstant,XGBoost,Gaussian,All var equal contribution,0.75,1,0.1,200,5,1,1000,123
empirical_independence,0.304595543241588,0.115273080231725,0.198018759997981,0.205962461157098,0.223072103566116,0.0772264611051911,0.196268361277711,0.182652322479978,Inf,Inf,Inf,Inf,Inf,Inf,0.11699999999837,PiecewiseConstant,XGBoost,Gaussian,All var equal contribution,0.75,1,0.1,200,5,1,1000,123
Gaussian,0.0119574040017313,0.0119061707539933,0.0162214788937722,0.0133616845498323,0.00914587729688994,0.0152750759518211,0.0281025401038746,0.0179050189460158,,,,,,,0.135999999998603,PiecewiseConstant,XGBoost,Gaussian,All var equal contribution,0.75,1,0.1,200,5,1,1000,123
copula,0.0215202221094392,0.0182871526982433,0.0158305630165729,0.0185459792747518,0.00731966762738012,0.0104729347401573,0.0182383144057399,0.0121450078512473,,,,,,,0.214999999996508,PiecewiseConstant,XGBoost,Gaussian,All var equal contribution,0.75,1,0.1,200,5,1,1000,123
treeSHAP,0.210304107574761,0.0932788338994967,0.119533989930025,0.141038977134761,0.125471684128147,0.0683549378364282,0.12747503046063,0.114756720313344,,,,,,,0.00500000000465661,PiecewiseConstant,XGBoost,Gaussian,All var equal contribution,0.75,1,0.1,200,5,1,1000,123
empirical_sigma.01,0.0400114310012109,0.0446985308239105,0.0227053056739535,0.0358050891663583,0.0464806014584468,0.0443685801187069,0.0199664168717658,0.0372756668849263,0.1,0.1,0.1,0.1,0.1,0.1,0.130000000004657,PiecewiseConstant,XGBoost,Gaussian,All var equal contribution,0.85,1,0.1,200,5,1,1000,123
empirical_AIC_each_k,0.0643058599517483,0.0165632592929535,0.0522359082617941,0.0443683425021653,0.0328362902361527,0.00397630104493335,0.0294812017852501,0.0316400807828459,0.350880160371207,0.350880160371207,0.350880160371207,0.222292777741622,0.222292777741622,0.222292777741622,0.736999999993714,PiecewiseConstant,XGBoost,Gaussian,All var equal contribution,0.85,1,0.1,200,5,1,1000,123
empirical_AIC_full,0.0706045828262652,0.0188059973041696,0.0577055527920407,0.0490387109741585,0.0432920941751952,0.00411382452542438,0.0423102498337563,0.039637855826781,0.324833195618273,0.334161175813148,0.439161481907545,0.198391073499204,0.225206695952171,0.26673101448651,0.975000000005821,PiecewiseConstant,XGBoost,Gaussian,All var equal contribution,0.85,1,0.1,200,5,1,1000,123
empirical_independence,0.390411747083668,0.139328947293469,0.26299507930851,0.264245257895216,0.282564993254015,0.129307993234005,0.261778988633501,0.241717845940004,Inf,Inf,Inf,Inf,Inf,Inf,0.111999999993714,PiecewiseConstant,XGBoost,Gaussian,All var equal contribution,0.85,1,0.1,200,5,1,1000,123
Gaussian,0.0151213278019088,0.00535543508268113,0.0131441288991157,0.0112069639279019,0.0207541219037361,0.00657374257118231,0.0191144018198324,0.0160886124539792,,,,,,,0.138000000006286,PiecewiseConstant,XGBoost,Gaussian,All var equal contribution,0.85,1,0.1,200,5,1,1000,123
copula,0.0283803372094352,0.0106569008297461,0.0199121074282728,0.0196497818224847,0.0171794807777848,0.00817688283763171,0.0149294489962404,0.0149412044921133,,,,,,,0.222999999998137,PiecewiseConstant,XGBoost,Gaussian,All var equal contribution,0.85,1,0.1,200,5,1,1000,123
treeSHAP,0.256674554274546,0.106321116286922,0.161740308035474,0.174911992865647,0.145829743838825,0.0969139413488287,0.172576054542379,0.146282767676007,,,,,,,0.00400000000081491,PiecewiseConstant,XGBoost,Gaussian,All var equal contribution,0.85,1,0.1,200,5,1,1000,123
empirical_sigma.01,0.0563710044565888,0.0486001125615061,0.0670958608954295,0.0573556593045081,0.0516724827517207,0.0262098372435761,0.0769495744923715,0.0520819790476827,0.1,0.1,0.1,0.1,0.1,0.1,0.119000000006054,PiecewiseConstant,XGBoost,Gaussian,All var equal contribution,0.95,1,0.1,200,5,1,1000,123
empirical_AIC_each_k,0.068941769694026,0.029725790380192,0.054701607093129,0.051123055722449,0.04395122333106,0.0188343056399526,0.0693723855935788,0.0480599727609178,0.243336152676114,0.243336152676114,0.243336152676114,0.17882980417717,0.17882980417717,0.17882980417717,0.634999999994761,PiecewiseConstant,XGBoost,Gaussian,All var equal contribution,0.95,1,0.1,200,5,1,1000,123
empirical_AIC_full,0.0717087894733933,0.03144649833055,0.0616647161151084,0.0549400013063506,0.0458049530563019,0.0146918009165479,0.0680808477004478,0.0479490591958304,0.179129214148508,0.229205445202033,0.264183199834442,0.172015934549451,0.170241170571312,0.20993694910324,0.80800000000454,PiecewiseConstant,XGBoost,Gaussian,All var equal contribution,0.95,1,0.1,200,5,1,1000,123
empirical_independence,0.296082676240178,0.145580015799081,0.151484270688936,0.197715654242732,0.182039336200443,0.131755845536846,0.131963214997761,0.156822587355732,Inf,Inf,Inf,Inf,Inf,Inf,0.112999999997555,PiecewiseConstant,XGBoost,Gaussian,All var equal contribution,0.95,1,0.1,200,5,1,1000,123
Gaussian,0.00830908054113491,0.010675984740645,0.00851741219852269,0.00916749249343421,0.0136919434601069,0.00738413318342131,0.00487409571537084,0.0087838378862193,,,,,,,0.158999999999651,PiecewiseConstant,XGBoost,Gaussian,All var equal contribution,0.95,1,0.1,200,5,1,1000,123
copula,0.0260966493313702,0.0169739792525824,0.0126234385534006,0.0185646890457844,0.0157176571341045,0.0032583240111457,0.0100007910099889,0.0116603882926795,,,,,,,0.202999999994063,PiecewiseConstant,XGBoost,Gaussian,All var equal contribution,0.95,1,0.1,200,5,1,1000,123
treeSHAP,0.261729057040963,0.123374168676444,0.138366519627892,0.1744899151151,0.144694223864212,0.11085381903005,0.122715351697463,0.133838419697335,,,,,,,0.00300000001152512,PiecewiseConstant,XGBoost,Gaussian,All var equal contribution,0.95,1,0.1,200,5,1,1000,123
empirical_sigma.01,0.0770657890139738,0.075732761245575,0.0754587650120501,0.0760857717571996,0.0810869777980493,0.0816890609980115,0.0868938569227082,0.0832393161402532,0.1,0.1,0.1,0.1,0.1,0.1,19.960000000021,Linear,Linear,Gaussian,All var equal contribution,0.15,1,0.1,2000,1000,1,1000,123
empirical_AIC_each_k,0.0368764595919805,0.0433681903107025,0.044333257236792,0.0415259690464917,0.0335494055225088,0.0395195573763585,0.0446874561554275,0.0396404944055551,0.37166516507632,0.37166516507632,0.37166516507632,0.290629700511067,0.290629700511067,0.290629700511067,18593.076,Linear,Linear,Gaussian,All var equal contribution,0.15,1,0.1,2000,1000,1,1000,123
empirical_AIC_full,0.0373142743221319,0.0441067066514369,0.0456313331664086,0.0423507713799925,0.035439797505129,0.0394051754160082,0.0452540824988924,0.0403842584256222,0.292253413740575,0.369506479707199,0.46388824292569,0.276246641752079,0.330322888147062,0.287695827150614,16412.043,Linear,Linear,Gaussian,All var equal contribution,0.15,1,0.1,2000,1000,1,1000,123
empirical_independence,0.134806247700208,0.130745036300707,0.132570772007391,0.132707352002769,0.101926497001145,0.097298146825787,0.0986135010111069,0.0992792580834822,Inf,Inf,Inf,Inf,Inf,Inf,18.9500000000116,Linear,Linear,Gaussian,All var equal contribution,0.15,1,0.1,2000,1000,1,1000,123
Gaussian,0.0346616084567366,0.0261041156392418,0.0460693758298569,0.0356116999752784,0.02425096497193,0.0192794928457944,0.0271335972106562,0.0251371962141119,,,,,,,16.9859999999753,Linear,Linear,Gaussian,All var equal contribution,0.15,1,0.1,2000,1000,1,1000,123
copula,0.0330747737053995,0.0275059303651625,0.0461977764537463,0.0355928268414361,0.0226514744885091,0.0204003369361392,0.0283483406525958,0.0252718597079336,,,,,,,47.320000000007,Linear,Linear,Gaussian,All var equal contribution,0.15,1,0.1,2000,1000,1,1000,123
empirical_sigma.01,0.0721573191154107,0.0692194976478871,0.0756418484640005,0.0723395550757661,0.0739729528953039,0.0718457145529956,0.0837502387827839,0.0767177027913395,0.1,0.1,0.1,0.1,0.1,0.1,18.9230000000098,Linear,Linear,Gaussian,All var equal contribution,0.25,1,0.1,2000,1000,1,1000,123
empirical_AIC_each_k,0.0402443238923047,0.0470771569664094,0.0495162457146196,0.0456125755244446,0.0342281689424386,0.043769188385235,0.0495586461704481,0.043150469950656,0.335283680595306,0.335283680595306,0.335283680595306,0.24819199202782,0.24819199202782,0.24819199202782,13814.843,Linear,Linear,Gaussian,All var equal contribution,0.25,1,0.1,2000,1000,1,1000,123
empirical_AIC_full,0.0402543548189088,0.0476144738079758,0.0496449608152571,0.0458379298140472,0.034748888956682,0.0433815808839454,0.0500946209346123,0.04337444031459,0.302315070472229,0.355802470969448,0.355560210545227,0.249405739652682,0.25779354026343,0.241889835506436,13436.365,Linear,Linear,Gaussian,All var equal contribution,0.25,1,0.1,2000,1000,1,1000,123
empirical_independence,0.203278370056046,0.198545451760362,0.198472492177741,0.200098771331383,0.154574643177855,0.147596461148408,0.148584469125577,0.150250199443417,Inf,Inf,Inf,Inf,Inf,Inf,19.7050000000163,Linear,Linear,Gaussian,All var equal contribution,0.25,1,0.1,2000,1000,1,1000,123
Gaussian,0.0348552916450287,0.0262051495968568,0.0476913298076879,0.0362505903498578,0.0239143686730716,0.0191990265080767,0.0273839711576452,0.0253185072445481,,,,,,,16.8099999999977,Linear,Linear,Gaussian,All var equal contribution,0.25,1,0.1,2000,1000,1,1000,123
copula,0.0336957544308558,0.0281016976652932,0.0483582714370006,0.0367185745110499,0.0230943217141758,0.0201107087671119,0.028938764685028,0.0257746648819776,,,,,,,48.9189999999944,Linear,Linear,Gaussian,All var equal contribution,0.25,1,0.1,2000,1000,1,1000,123
empirical_sigma.01,0.0675881207979747,0.0674561345432654,0.0734346774917528,0.0694929776109976,0.0710744916594081,0.0678383326799617,0.0822239793215525,0.073997254264691,0.1,0.1,0.1,0.1,0.1,0.1,19.0659999999916,Linear,Linear,Gaussian,All var equal contribution,0.35,1,0.1,2000,1000,1,1000,123
empirical_AIC_each_k,0.0417325394483462,0.0473839529067768,0.0529836973981759,0.0473667299177663,0.0355572545811358,0.044598803771439,0.0522948225566201,0.0448978193012869,0.297817894908517,0.297817894908517,0.297817894908517,0.216888848875042,0.216888848875042,0.216888848875042,13819.959,Linear,Linear,Gaussian,All var equal contribution,0.35,1,0.1,2000,1000,1,1000,123
empirical_AIC_full,0.0420165127893359,0.0475575225969511,0.052920246243713,0.0474980938766667,0.0363708067968351,0.0442832357950942,0.0520483842642512,0.0449011844863854,0.288133489203967,0.303868585602541,0.303309085765615,0.225713184654661,0.218590453721859,0.206525473002708,13473.361,Linear,Linear,Gaussian,All var equal contribution,0.35,1,0.1,2000,1000,1,1000,123
empirical_independence,0.258158615823988,0.252778227562239,0.251572594415508,0.254169812600578,0.196800100611834,0.187858648951917,0.188907845186792,0.191188182826983,Inf,Inf,Inf,Inf,Inf,Inf,18.9610000000102,Linear,Linear,Gaussian,All var equal contribution,0.35,1,0.1,2000,1000,1,1000,123
Gaussian,0.0344704369195141,0.0262668643610689,0.0485453689342916,0.0364275567382915,0.0232655989266602,0.0192340439616852,0.0276937359147178,0.0253709572501042,,,,,,,16.9170000000158,Linear,Linear,Gaussian,All var equal contribution,0.35,1,0.1,2000,1000,1,1000,123
copula,0.0339296362771989,0.0288455101268513,0.0496962175693518,0.0374904546578007,0.0227990662747022,0.0211062777280076,0.0296356768966324,0.0263235651951149,,,,,,,47.0579999999609,Linear,Linear,Gaussian,All var equal contribution,0.35,1,0.1,2000,1000,1,1000,123
empirical_sigma.01,0.0654014448361943,0.0683481265144026,0.0751935859047365,0.0696477190851111,0.067528245360427,0.0717688835682643,0.0781374479266429,0.0727008548325823,0.1,0.1,0.1,0.1,0.1,0.1,19.2829999999958,Linear,Linear,Gaussian,All var equal contribution,0.45,1,0.1,2000,1000,1,1000,123
empirical_AIC_each_k,0.0422359418513403,0.0467214240757473,0.0553560245232807,0.0481044634834561,0.0382328586635867,0.0448210845532117,0.0537611611788678,0.046352521138707,0.252744722677295,0.252744722677295,0.252744722677295,0.191368414481189,0.191368414481189,0.191368414481189,12710.038,Linear,Linear,Gaussian,All var equal contribution,0.45,1,0.1,2000,1000,1,1000,123
empirical_AIC_full,0.0429988381755784,0.0466640513272615,0.0547365880052234,0.0481331591693544,0.0394677579032061,0.0444526695683596,0.0534060938556871,0.0463819100363621,0.262636246320273,0.251865373006597,0.240193285171557,0.200143908446287,0.19370863490162,0.181348907657672,11922.41,Linear,Linear,Gaussian,All var equal contribution,0.45,1,0.1,2000,1000,1,1000,123
empirical_independence,0.298975632129171,0.29310429142722,0.291109961670292,0.294396628408894,0.228167369248878,0.217745666158205,0.218936305908334,0.221616618246869,Inf,Inf,Inf,Inf,Inf,Inf,18.9899999999907,Linear,Linear,Gaussian,All var equal contribution,0.45,1,0.1,2000,1000,1,1000,123
Gaussian,0.0335366165023204,0.0263124477779441,0.0485891250382894,0.0361460631061846,0.0222613639170325,0.0193670181486246,0.0279446774726509,0.0252248451915639,,,,,,,16.713000000047,Linear,Linear,Gaussian,All var equal contribution,0.45,1,0.1,2000,1000,1,1000,123
copula,0.0334753481164255,0.0304471903825034,0.0508068950717664,0.0382431445235651,0.0232648701955115,0.0219484610518615,0.0307262090865922,0.0271244927020501,,,,,,,45.7489999999525,Linear,Linear,Gaussian,All var equal contribution,0.45,1,0.1,2000,1000,1,1000,123
empirical_sigma.01,0.0639260103664776,0.0653977843148216,0.0793359579045912,0.0695532508619635,0.0671340367349919,0.0722967982447695,0.079436894699395,0.0734348007940074,0.1,0.1,0.1,0.1,0.1,0.1,19.0329999999958,Linear,Linear,Gaussian,All var equal contribution,0.55,1,0.1,2000,1000,1,1000,123
empirical_AIC_each_k,0.0426610290024977,0.047232234117025,0.0586784021019019,0.0495238884071415,0.0412273133935508,0.0469485954144229,0.0550781237003793,0.0485422023078403,0.199043632135309,0.199043632135309,0.199043632135309,0.169340715105123,0.169340715105123,0.169340715105123,12412.578,Linear,Linear,Gaussian,All var equal contribution,0.55,1,0.1,2000,1000,1,1000,123
empirical_AIC_full,0.0441751996812626,0.046787963545216,0.0603517566948989,0.0504383066404592,0.0430210831646075,0.045407800467961,0.0571265529848807,0.0494038379602742,0.239574582688679,0.228011070658698,0.140104681288112,0.173384989072732,0.172555048678914,0.163308681384173,11036.028,Linear,Linear,Gaussian,All var equal contribution,0.55,1,0.1,2000,1000,1,1000,123
empirical_independence,0.324700396419452,0.31853752384601,0.315953702528563,0.319730540931342,0.247892550604407,0.23657552226952,0.237905527989044,0.240791808313033,Inf,Inf,Inf,Inf,Inf,Inf,18.8759999999893,Linear,Linear,Gaussian,All var equal contribution,0.55,1,0.1,2000,1000,1,1000,123
Gaussian,0.0319562074161736,0.0262331134432236,0.0476529350231944,0.0352807519608639,0.0209108570605908,0.0195631112001136,0.0280066030868949,0.0248283738981419,,,,,,,16.7569999999832,Linear,Linear,Gaussian,All var equal contribution,0.55,1,0.1,2000,1000,1,1000,123
copula,0.0324126523646101,0.0321775430496497,0.050899579086633,0.0384965915002976,0.0220407677687505,0.022911420103618,0.0315232011044789,0.0272883358789137,,,,,,,46.2170000000042,Linear,Linear,Gaussian,All var equal contribution,0.55,1,0.1,2000,1000,1,1000,123
empirical_sigma.01,0.0603690160736581,0.0575641282386069,0.0721869417718172,0.0633733620280274,0.0695381074281317,0.0615753648898499,0.0773364738639507,0.0700446402016437,0.1,0.1,0.1,0.1,0.1,0.1,18.2909999999683,Linear,Linear,Gaussian,All var equal contribution,0.65,1,0.1,2000,1000,1,1000,123
empirical_AIC_each_k,0.0416860563265412,0.0460817669881393,0.0582347464656881,0.0486675232601229,0.0434485659313247,0.044721173549243,0.0554460657327162,0.0486634439443715,0.191777017898417,0.191777017898417,0.191777017898417,0.152625671411998,0.152625671411998,0.152625671411998,12236.624,Linear,Linear,Gaussian,All var equal contribution,0.65,1,0.1,2000,1000,1,1000,123
empirical_AIC_full,0.0423443473585275,0.0453260139957996,0.0576075728616542,0.0484259780719938,0.04360923257629,0.0437214601911629,0.054948504161985,0.0481631050507945,0.205344356864839,0.202837084674055,0.162451733310038,0.156454197808603,0.154106252154907,0.147235804050178,11465.345,Linear,Linear,Gaussian,All var equal contribution,0.65,1,0.1,2000,1000,1,1000,123
empirical_independence,0.333177546528983,0.327008169639468,0.324036672019076,0.328074129395842,0.254398870301571,0.242786781729332,0.244190554947239,0.247126481908685,Inf,Inf,Inf,Inf,Inf,Inf,18.6019999999553,Linear,Linear,Gaussian,All var equal contribution,0.65,1,0.1,2000,1000,1,1000,123
Gaussian,0.0296078253669909,0.0258071567800746,0.0454838166548522,0.0336329329339725,0.0192235203531545,0.0196642350414553,0.0275627220439384,0.0240338575492668,,,,,,,16.1510000000126,Linear,Linear,Gaussian,All var equal contribution,0.65,1,0.1,2000,1000,1,1000,123
copula,0.030564980043734,0.0351882212392776,0.0500626404337649,0.0386052805722588,0.0208335659122962,0.0240036245216837,0.0322485457797337,0.0274255110208771,,,,,,,45.7440000000061,Linear,Linear,Gaussian,All var equal contribution,0.65,1,0.1,2000,1000,1,1000,123
empirical_sigma.01,0.0490211456712761,0.0494392415197439,0.0612832808511041,0.0532478893473747,0.0556074952735812,0.0489610778510828,0.0648501328100442,0.0571122461055796,0.1,0.1,0.1,0.1,0.1,0.1,18.8059999999823,Linear,Linear,Gaussian,All var equal contribution,0.75,1,0.1,2000,1000,1,1000,123
empirical_AIC_each_k,0.0369866397402442,0.0413529580678316,0.053440986294525,0.0439268613675336,0.039287809955964,0.0374189877404164,0.0519975746421134,0.0439281719581042,0.187467338028731,0.187467338028731,0.187467338028731,0.140481402739941,0.140481402739941,0.140481402739941,10573.828,Linear,Linear,Gaussian,All var equal contribution,0.75,1,0.1,2000,1000,1,1000,123
empirical_AIC_full,0.0374622872413806,0.0409895915127401,0.0529092064920772,0.0437870284153993,0.0402467816270261,0.0372834577681842,0.0511753529442132,0.0438030001517188,0.175962680456077,0.188460173190329,0.196308765016999,0.148321978440078,0.134847843077825,0.135309100186224,10790.724,Linear,Linear,Gaussian,All var equal contribution,0.75,1,0.1,2000,1000,1,1000,123
empirical_independence,0.320556619228779,0.314654207266056,0.311526690143148,0.315579172212661,0.244677760184264,0.233524730339301,0.234989866378494,0.237732477059563,Inf,Inf,Inf,Inf,Inf,Inf,18.6199999999953,Linear,Linear,Gaussian,All var equal contribution,0.75,1,0.1,2000,1000,1,1000,123
Gaussian,0.0262569806190159,0.0245891080218811,0.0415076976943166,0.0307845954450712,0.0168444086522238,0.019333667378168,0.0260362969651535,0.0224235682703072,,,,,,,16.6300000000047,Linear,Linear,Gaussian,All var equal contribution,0.75,1,0.1,2000,1000,1,1000,123
copula,0.0277048126247484,0.0373129930980416,0.0494228505137687,0.0381468854121863,0.0195240516437652,0.024559612243754,0.0314062614747012,0.0271192477318397,,,,,,,45.9070000000065,Linear,Linear,Gaussian,All var equal contribution,0.75,1,0.1,2000,1000,1,1000,123
empirical_sigma.01,0.0366744891450958,0.0424912307573303,0.0551664649977137,0.0447773949667133,0.0469367352402407,0.0431277559884654,0.0581984661972953,0.0504117365509555,0.1,0.1,0.1,0.1,0.1,0.1,18.5769999999902,Linear,Linear,Gaussian,All var equal contribution,0.85,1,0.1,2000,1000,1,1000,123
empirical_AIC_each_k,0.0305429853638742,0.0372544363103797,0.0497473916087179,0.0391816044276573,0.0366063994936408,0.0347360685196991,0.048656489052921,0.0412344461373755,0.147924368116592,0.147924368116592,0.147924368116592,0.126854889768599,0.126854889768599,0.126854889768599,9958.68400000001,Linear,Linear,Gaussian,All var equal contribution,0.85,1,0.1,2000,1000,1,1000,123
empirical_AIC_full,0.0305495555092637,0.0364449068288903,0.0477121641093295,0.0382355421491612,0.0369743078178148,0.0349466437760481,0.0487804153662715,0.0412985919041536,0.157431573363866,0.151407893055709,0.137900675810387,0.135363678415474,0.12032944367229,0.123316293923271,10844.726,Linear,Linear,Gaussian,All var equal contribution,0.85,1,0.1,2000,1000,1,1000,123
empirical_independence,0.278247040243912,0.273016073807622,0.270071305257667,0.273778139769733,0.212189950758495,0.202496137406809,0.203942863734359,0.206212791986711,Inf,Inf,Inf,Inf,Inf,Inf,18.5819999999949,Linear,Linear,Gaussian,All var equal contribution,0.85,1,0.1,2000,1000,1,1000,123
Gaussian,0.0213155475648044,0.0216844936187424,0.0346156018638541,0.0258718810158003,0.0132998822522777,0.0178757268904254,0.0224834509036722,0.0192877436846467,,,,,,,16.5920000000042,Linear,Linear,Gaussian,All var equal contribution,0.85,1,0.1,2000,1000,1,1000,123
copula,0.024101910410154,0.0379776134407468,0.0469952815534609,0.0363582684681206,0.01848697822088,0.0236608211902015,0.0287050545892834,0.0257585425312465,,,,,,,46.0559999999823,Linear,Linear,Gaussian,All var equal contribution,0.85,1,0.1,2000,1000,1,1000,123
empirical_sigma.01,0.0210134617409387,0.0331377980058454,0.0369584886574849,0.0303699161347563,0.0251394673256214,0.0298101901724639,0.0305650110489561,0.029393213239051,0.1,0.1,0.1,0.1,0.1,0.1,18.6410000000033,Linear,Linear,Gaussian,All var equal contribution,0.95,1,0.1,2000,1000,1,1000,123
empirical_AIC_each_k,0.0210985615953601,0.0334469818324033,0.0370435386587168,0.0305296940288267,0.0249518068628402,0.0300874129926201,0.030659099921246,0.0294737927217942,0.0897239126887704,0.0897239126887704,0.0897239126887704,0.10346239989442,0.10346239989442,0.10346239989442,10179.067,Linear,Linear,Gaussian,All var equal contribution,0.95,1,0.1,2000,1000,1,1000,123
empirical_AIC_full,0.0215137699432637,0.0348290293484326,0.0367690148961457,0.0310372713959473,0.0252362439912279,0.0313765161906825,0.0306512459365595,0.0299839859208721,0.103336850190112,0.0759994700367609,0.0976962458200018,0.107841035752687,0.104144083727984,0.0972606920911262,9139.41700000002,Linear,Linear,Gaussian,All var equal contribution,0.95,1,0.1,2000,1000,1,1000,123
empirical_independence,0.178344087189863,0.174918262332747,0.17258483606829,0.175282395196967,0.135722124884971,0.129523893165225,0.13070876172556,0.131989440675667,Inf,Inf,Inf,Inf,Inf,Inf,18.939000000013,Linear,Linear,Gaussian,All var equal contribution,0.95,1,0.1,2000,1000,1,1000,123
Gaussian,0.0127714712630275,0.01433553635535,0.0213237321355717,0.0161435799179831,0.00739037037046325,0.0113349079742416,0.0137974510882263,0.0117573558943587,,,,,,,16.3489999999874,Linear,Linear,Gaussian,All var equal contribution,0.95,1,0.1,2000,1000,1,1000,123
copula,0.0182114880098803,0.0311750299950236,0.0345407166439641,0.027975744882956,0.021557680641649,0.0239537747667022,0.0241667483452171,0.0242912271722979,,,,,,,44.9830000000075,Linear,Linear,Gaussian,All var equal contribution,0.95,1,0.1,2000,1000,1,1000,123
