rn,skillscoremean_X1,skillscoremean_X2,skillscoremean_X3,skillscoremean_total,absrelmean_X1,absrelmean_X2,absrelmean_X3,absrelmean_total,absmean_X1,absmean_X2,absmean_X3,absmean_total,abssd_X1,abssd_X2,abssd_X3,abssd_total,h_X_1,h_X_2,h_X_3,h_X_1_2,h_X_1_3,h_X_2_3,h_X_1_2_3,comp_time,true_model,fitted_model,variables,notes,X_dim,X_GenHyp,beta.scale,rho,lambda,omega,sd_noise,nTrain,nTest,w_threshold,n_threshold,this.seed,run_indicator,run_date_time
empirical_sigma.01,0.852287794498503,0.885372710736821,0.845233584154572,0.860964696463299,0.0472723241229473,0.2360491490959,0.245239292870522,0.17618692202979,0.0614031516698119,0.102161645210771,0.0967552639826634,0.0867733536210822,0.0738504278445974,0.0917116116676255,0.0943383158364873,0.0886861781630042,0.1,0.1,0.1,0.1,0.1,0.1,,17.277,PiecewiseConstant,XGBoost,GenHyp,"All var equal contribution. Increasing beat.scale, while adjusting mu for constant mean, but increasing variance and skewness.",3,TRUE,10,0,1,0.5,0.1,2000,100,1,1000,1235,DIQgK,2019-01-21T08:37:56.571336Z
empirical_AIC_each_k,0.839733660370295,0.887528359475652,0.850967543353916,0.859409854399954,0.0481476175131562,0.229140320251599,0.241673220143121,0.172987052635959,0.0666218362012651,0.100240421887154,0.0931705667925931,0.0866776082936706,0.0848139367052482,0.109513011586504,0.0929047750808094,0.0970604149475541,0.109644739261881,0.109644739261881,0.109644739261881,0.0819785412451297,0.0819785412451297,0.0819785412451297,,1360.784,PiecewiseConstant,XGBoost,GenHyp,"All var equal contribution. Increasing beat.scale, while adjusting mu for constant mean, but increasing variance and skewness.",3,TRUE,10,0,1,0.5,0.1,2000,100,1,1000,1235,DIQgK,2019-01-21T08:37:56.571336Z
empirical_AIC_full,0.765326746238065,0.872162179821951,0.826366440216783,0.821285122092266,0.068940915034015,0.250312621151155,0.243149587676898,0.187467707954023,0.0975523812989594,0.113935539377214,0.108550429505672,0.106679450060615,0.147185673967152,0.114241459959926,0.129656403148944,0.130793457496173,0.0467801038304251,0.110287310585187,0.114498108816741,0.0850178506887246,0.0721172127666256,0.105401443369031,,1426.422,PiecewiseConstant,XGBoost,GenHyp,"All var equal contribution. Increasing beat.scale, while adjusting mu for constant mean, but increasing variance and skewness.",3,TRUE,10,0,1,0.5,0.1,2000,100,1,1000,1235,DIQgK,2019-01-21T08:37:56.571336Z
empirical_independence,0,0,0,0,0.293074296546638,1.66486864535547,1.68593737187855,1.21462677126022,0.415694501759974,0.891250642560453,0.625169636798315,0.644038260372914,0.563710563902638,0.77186088032684,0.400140715594725,0.627285321660335,Inf,Inf,Inf,Inf,Inf,Inf,Inf,7.02800000000025,PiecewiseConstant,XGBoost,GenHyp,"All var equal contribution. Increasing beat.scale, while adjusting mu for constant mean, but increasing variance and skewness.",3,TRUE,10,0,1,0.5,0.1,2000,100,1,1000,1235,DIQgK,2019-01-21T08:37:56.571336Z
Gaussian,0.894736333773804,0.863130740522373,0.809421175583305,0.855762749959827,0.0341849755740097,0.147441316324066,0.342414564005294,0.174680285301123,0.0437575272853269,0.121984815456209,0.119144094442035,0.0949621457278568,0.0468920784341741,0.09516270973166,0.0915844856082851,0.0884330431984361,,,,,,,,6.9079999999999,PiecewiseConstant,XGBoost,GenHyp,"All var equal contribution. Increasing beat.scale, while adjusting mu for constant mean, but increasing variance and skewness.",3,TRUE,10,0,1,0.5,0.1,2000,100,1,1000,1235,DIQgK,2019-01-21T08:37:56.571336Z
copula,0.870112425492638,0.924007540742797,0.899501786028069,0.897873917421168,0.0402187696320975,0.0940826405150174,0.243179623295289,0.125827011147468,0.0539935505696493,0.0677283281427316,0.0628284319277113,0.0615167702133641,0.0743103946051532,0.0868028405917147,0.06007174946498,0.0745008627757912,,,,,,,,12.0059999999999,PiecewiseConstant,XGBoost,GenHyp,"All var equal contribution. Increasing beat.scale, while adjusting mu for constant mean, but increasing variance and skewness.",3,TRUE,10,0,1,0.5,0.1,2000,100,1,1000,1235,DIQgK,2019-01-21T08:37:56.571336Z
treeSHAP,-0.469392850912767,0.252334515425139,0.370705999330041,0.051215887947471,0.477965185678796,1.3312824901009,1.54962663671667,1.11962477083212,0.610818529049851,0.666357343547617,0.393415501838197,0.556863791478555,0.588984180396031,0.66025011860963,0.293883904877551,0.549284613838785,,,,,,,,0.0320000000001528,PiecewiseConstant,XGBoost,GenHyp,"All var equal contribution. Increasing beat.scale, while adjusting mu for constant mean, but increasing variance and skewness.",3,TRUE,10,0,1,0.5,0.1,2000,100,1,1000,1235,DIQgK,2019-01-21T08:37:56.571336Z
empirical_sigma.01,0.809426112423332,0.89691544892796,0.866018106041841,0.857453222464378,0.0495596505106571,0.0949585991205294,0.0613413486759537,0.0686198661023801,0.0614499860885165,0.0562181227069649,0.0559349855486685,0.0578676981147166,0.107658693374937,0.104647464637833,0.121123367540455,0.111029722706938,0.1,0.1,0.1,0.1,0.1,0.1,,16.238,PiecewiseConstant,XGBoost,GenHyp,"All var equal contribution. Increasing beat.scale, while adjusting mu for constant mean, but increasing variance and skewness.",3,TRUE,5,0,1,0.5,0.1,2000,100,1,1000,1235,DIQgK,2019-01-21T08:37:56.571321Z
empirical_AIC_each_k,0.755260323971422,0.851278089115758,0.836928169137301,0.814488860741494,0.0566195226393668,0.08912437469583,0.0697367902515778,0.0718268958622582,0.0789155842833602,0.0811068831202613,0.0680795011417626,0.0760339895151281,0.19265330901058,0.249764919858703,0.184215710731962,0.210268358601803,0.105767032599774,0.105767032599774,0.105767032599774,0.126672815977536,0.126672815977536,0.126672815977536,,1569.986,PiecewiseConstant,XGBoost,GenHyp,"All var equal contribution. Increasing beat.scale, while adjusting mu for constant mean, but increasing variance and skewness.",3,TRUE,5,0,1,0.5,0.1,2000,100,1,1000,1235,DIQgK,2019-01-21T08:37:56.571321Z
empirical_AIC_full,0.758367551480832,0.874223241253712,0.817689091164222,0.816759961299588,0.0674918835763057,0.113899186567646,0.11797351390217,0.0997881946820403,0.0779136679680925,0.0685935301007581,0.0761114636450688,0.0742062205713064,0.132711923418776,0.107465586246654,0.11649196274568,0.119016657723112,0.0644618583270991,0.180093814989389,0.0467281989227921,0.148534297857819,0.0697013099203235,0.152168424917391,,1712.351,PiecewiseConstant,XGBoost,GenHyp,"All var equal contribution. Increasing beat.scale, while adjusting mu for constant mean, but increasing variance and skewness.",3,TRUE,5,0,1,0.5,0.1,2000,100,1,1000,1235,DIQgK,2019-01-21T08:37:56.571321Z
empirical_independence,0,0,0,0,0.278150971542689,0.836284674248885,0.45096835066457,0.521801332152048,0.322447040724796,0.545359339710147,0.417481675293651,0.428429351909531,0.344623910488095,0.691687465870989,0.400632380895736,0.509163910290747,Inf,Inf,Inf,Inf,Inf,Inf,Inf,7.07699999999977,PiecewiseConstant,XGBoost,GenHyp,"All var equal contribution. Increasing beat.scale, while adjusting mu for constant mean, but increasing variance and skewness.",3,TRUE,5,0,1,0.5,0.1,2000,100,1,1000,1235,DIQgK,2019-01-21T08:37:56.571321Z
Gaussian,0.850974774367068,0.641934113987547,0.54731124336492,0.680073377239845,0.0481975080468591,0.292963494807838,0.250878012461491,0.19734633843873,0.0480527429986841,0.19527457516848,0.188989260506613,0.144105526224592,0.0461240212275619,0.128405043097354,0.135837214685055,0.130031276615243,,,,,,,,7.08600000000024,PiecewiseConstant,XGBoost,GenHyp,"All var equal contribution. Increasing beat.scale, while adjusting mu for constant mean, but increasing variance and skewness.",3,TRUE,5,0,1,0.5,0.1,2000,100,1,1000,1235,DIQgK,2019-01-21T08:37:56.571321Z
copula,0.770044151508617,0.828804285832317,0.785439943349749,0.794762793563561,0.064946860771883,0.129390149844865,0.102441453607471,0.0989261547414065,0.0741485828434062,0.0933631816396948,0.0895748919014473,0.0856955521281828,0.0960513225808556,0.107165176927093,0.0733544816089607,0.0933174803400152,,,,,,,,10.8030000000003,PiecewiseConstant,XGBoost,GenHyp,"All var equal contribution. Increasing beat.scale, while adjusting mu for constant mean, but increasing variance and skewness.",3,TRUE,5,0,1,0.5,0.1,2000,100,1,1000,1235,DIQgK,2019-01-21T08:37:56.571321Z
treeSHAP,-0.180815143371226,-0.460171096365483,-0.262717660807863,-0.301234633514858,0.337675999672996,1.32842819928942,0.668562690308832,0.778222296423748,0.380750348623078,0.796317944977721,0.527161484456947,0.568076592685915,0.372034403041055,0.691922101552296,0.382798512958277,0.531585239201677,,,,,,,,0.0309999999999491,PiecewiseConstant,XGBoost,GenHyp,"All var equal contribution. Increasing beat.scale, while adjusting mu for constant mean, but increasing variance and skewness.",3,TRUE,5,0,1,0.5,0.1,2000,100,1,1000,1235,DIQgK,2019-01-21T08:37:56.571321Z
empirical_sigma.01,0.770184191862928,0.720048844041043,0.730670038787818,0.740301024897263,0.050852319420029,0.0554569127438724,0.144599112299056,0.0836361148209858,0.0556267332235358,0.0651233958201097,0.0722866491560753,0.0643455927332402,0.0547469563090944,0.0780945714657421,0.102777094799976,0.0809686655888052,0.1,0.1,0.1,0.1,0.1,0.1,,16.514,PiecewiseConstant,XGBoost,GenHyp,"All var equal contribution. Increasing beat.scale, while adjusting mu for constant mean, but increasing variance and skewness.",3,TRUE,2,0,1,0.5,0.1,2000,100,1,1000,1235,DIQgK,2019-01-21T08:37:56.571342Z
empirical_AIC_each_k,0.786358766258979,0.764856702613658,0.776603869310588,0.775939779394408,0.0509407947235062,0.0472407045302421,0.117817818545777,0.0719997725998416,0.0517116903801962,0.0547000064267695,0.0599582669870442,0.0554566545980033,0.0523566034944417,0.0569132138866071,0.0729498779683366,0.0612682413001531,0.228188107238916,0.228188107238916,0.228188107238916,0.168081460521416,0.168081460521416,0.168081460521416,,1778.07,PiecewiseConstant,XGBoost,GenHyp,"All var equal contribution. Increasing beat.scale, while adjusting mu for constant mean, but increasing variance and skewness.",3,TRUE,2,0,1,0.5,0.1,2000,100,1,1000,1235,DIQgK,2019-01-21T08:37:56.571342Z
empirical_AIC_full,0.756417011408765,0.725607089495507,0.752950220199618,0.744991440367963,0.0579832335970132,0.0594473317145493,0.159238646051332,0.0922230704542981,0.05895906828165,0.0638304137727362,0.0663067735804066,0.0630320852115976,0.0730059563289432,0.0546781344452903,0.0907130835195579,0.0740850492709616,0.0830752097502475,0.25875309109734,0.221333857576845,0.210288680698976,0.114477191525186,0.21870817572835,,1589.939,PiecewiseConstant,XGBoost,GenHyp,"All var equal contribution. Increasing beat.scale, while adjusting mu for constant mean, but increasing variance and skewness.",3,TRUE,2,0,1,0.5,0.1,2000,100,1,1000,1235,DIQgK,2019-01-21T08:37:56.571342Z
empirical_independence,0,0,0,0,0.209506614356726,0.204852624030255,0.427003140553497,0.280454126313493,0.242049203118167,0.232624136153441,0.268394384459613,0.24768924124374,0.210489713936345,0.226397335913761,0.199034390888136,0.212102131086123,Inf,Inf,Inf,Inf,Inf,Inf,Inf,13.2440000000001,PiecewiseConstant,XGBoost,GenHyp,"All var equal contribution. Increasing beat.scale, while adjusting mu for constant mean, but increasing variance and skewness.",3,TRUE,2,0,1,0.5,0.1,2000,100,1,1000,1235,DIQgK,2019-01-21T08:37:56.571342Z
Gaussian,0.49630464034929,0.366391232601786,0.543124498089974,0.468606790347017,0.13348778018477,0.144629029186471,0.185638660371189,0.15458515658081,0.121919060417773,0.147392692175256,0.122622819109818,0.130644857234282,0.130466290651913,0.106122238069456,0.111603363005261,0.116745569500421,,,,,,,,12.5699999999997,PiecewiseConstant,XGBoost,GenHyp,"All var equal contribution. Increasing beat.scale, while adjusting mu for constant mean, but increasing variance and skewness.",3,TRUE,2,0,1,0.5,0.1,2000,100,1,1000,1235,DIQgK,2019-01-21T08:37:56.571342Z
copula,0.370502557270768,0.367804835722809,0.446412914622471,0.394906769205349,0.157590375912433,0.143807847468428,0.240141645867534,0.180513289749465,0.152369354377535,0.147063853970364,0.148579665024693,0.149337624457531,0.133225499809581,0.129446821883578,0.120047914976224,0.127285502111161,,,,,,,,17.5889999999999,PiecewiseConstant,XGBoost,GenHyp,"All var equal contribution. Increasing beat.scale, while adjusting mu for constant mean, but increasing variance and skewness.",3,TRUE,2,0,1,0.5,0.1,2000,100,1,1000,1235,DIQgK,2019-01-21T08:37:56.571342Z
treeSHAP,0.27117284580951,-0.145507791652753,-0.11550944032117,0.00338520461186236,0.163616561344904,0.283755045725245,0.509841038801483,0.319070881957211,0.17641203188269,0.266472760490258,0.299396469593888,0.247427087322278,0.158567215663899,0.211563049075425,0.200445864988044,0.197887600747421,,,,,,,,0.0570000000002437,PiecewiseConstant,XGBoost,GenHyp,"All var equal contribution. Increasing beat.scale, while adjusting mu for constant mean, but increasing variance and skewness.",3,TRUE,2,0,1,0.5,0.1,2000,100,1,1000,1235,DIQgK,2019-01-21T08:37:56.571342Z
empirical_sigma.01,0.474877907958951,0.52468511680655,0.506681301313801,0.502081442026434,0.0828071713119127,0.072342521837957,0.0796698404915844,0.0782731778804847,0.0847903292521943,0.0735429397292391,0.0783866040578065,0.0789066243464133,0.114998345916702,0.0855537337576893,0.114489002214283,0.105657571692263,0.1,0.1,0.1,0.1,0.1,0.1,,9.05400000000003,PiecewiseConstant,XGBoost,GenHyp,"All var equal contribution. Increasing beat.scale, while adjusting mu for constant mean, but increasing variance and skewness.",3,TRUE,1,0,1,0.5,0.1,2000,100,1,1000,1235,DIQgK,2019-01-21T08:37:56.571337Z
empirical_AIC_each_k,0.649734456153269,0.693415013686419,0.701164428649403,0.68143796616303,0.056466494190248,0.0467295305346196,0.0485350506780836,0.0505770251343171,0.0565566203338131,0.0474362616606152,0.0474839199735021,0.0504922673226435,0.0895878513978178,0.061203274703252,0.0529224846423771,0.0695952293892591,0.167075378967101,0.167075378967101,0.167075378967101,0.229068795679634,0.229068795679634,0.229068795679634,,2156.31,PiecewiseConstant,XGBoost,GenHyp,"All var equal contribution. Increasing beat.scale, while adjusting mu for constant mean, but increasing variance and skewness.",3,TRUE,1,0,1,0.5,0.1,2000,100,1,1000,1235,DIQgK,2019-01-21T08:37:56.571337Z
empirical_AIC_full,0.659169285762184,0.673292944956001,0.645837521231527,0.659433250649904,0.056893594681924,0.0513441109266243,0.0573140392384361,0.0551839149489948,0.055033198788418,0.0505496421588784,0.0562751707350441,0.0539526705607802,0.0749949021254993,0.06515981932495,0.0574154362901854,0.0660724396650532,0.257242409594192,0.249724322688782,0.106409732131423,0.241869701024148,0.183191502398356,0.263570184335384,,2096.246,PiecewiseConstant,XGBoost,GenHyp,"All var equal contribution. Increasing beat.scale, while adjusting mu for constant mean, but increasing variance and skewness.",3,TRUE,1,0,1,0.5,0.1,2000,100,1,1000,1235,DIQgK,2019-01-21T08:37:56.571337Z
empirical_independence,0,0,0,0,0.153689782842383,0.145338348736202,0.149061204960357,0.149363112179647,0.161467838693723,0.154724672695148,0.158896478618315,0.158362996669062,0.1263188480068,0.11194031511787,0.135131814790619,0.12444307774317,Inf,Inf,Inf,Inf,Inf,Inf,Inf,6.9389999999994,PiecewiseConstant,XGBoost,GenHyp,"All var equal contribution. Increasing beat.scale, while adjusting mu for constant mean, but increasing variance and skewness.",3,TRUE,1,0,1,0.5,0.1,2000,100,1,1000,1235,DIQgK,2019-01-21T08:37:56.571337Z
Gaussian,0.214034244856822,0.0828041993204725,0.161698032826474,0.15284549233459,0.137686325782925,0.146098225352463,0.143714833434174,0.142499794856521,0.126908191770249,0.141912820057504,0.133203230602679,0.134008080810144,0.106871858517933,0.0915489275786657,0.116230381068648,0.105203608704296,,,,,,,,7.10400000000027,PiecewiseConstant,XGBoost,GenHyp,"All var equal contribution. Increasing beat.scale, while adjusting mu for constant mean, but increasing variance and skewness.",3,TRUE,1,0,1,0.5,0.1,2000,100,1,1000,1235,DIQgK,2019-01-21T08:37:56.571337Z
copula,0.113983112165265,0.114847170590143,0.124736510545768,0.117855597767059,0.148417766625509,0.139726175727432,0.144379789008321,0.144174577120421,0.143063231924813,0.136954981815624,0.139076286337456,0.139698166692631,0.105358290079775,0.0947432468418059,0.118005571883723,0.106134865453211,,,,,,,,11.1279999999997,PiecewiseConstant,XGBoost,GenHyp,"All var equal contribution. Increasing beat.scale, while adjusting mu for constant mean, but increasing variance and skewness.",3,TRUE,1,0,1,0.5,0.1,2000,100,1,1000,1235,DIQgK,2019-01-21T08:37:56.571337Z
treeSHAP,0.223605220281854,0.106847166527742,-0.0903178646567017,0.0800448407176315,0.126095169101197,0.146832193223696,0.171179196451683,0.148035519592192,0.125362787054178,0.138192779825739,0.17324766926859,0.145601078716169,0.107089817963289,0.098483922732298,0.121123097895971,0.110802094104378,,,,,,,,0.0270000000000437,PiecewiseConstant,XGBoost,GenHyp,"All var equal contribution. Increasing beat.scale, while adjusting mu for constant mean, but increasing variance and skewness.",3,TRUE,1,0,1,0.5,0.1,2000,100,1,1000,1235,DIQgK,2019-01-21T08:37:56.571337Z
empirical_sigma.01,0.934152095462292,0.928471355717683,0.908977518186066,0.92386698978868,0.0400196378813102,0.197478631992813,0.13749828630838,0.124998852060834,0.0433331624232166,0.100823973940491,0.0877003469289194,0.0772858277642089,0.0589289794033679,0.0780407181194518,0.0717434005091694,0.0740113949809301,0.1,0.1,0.1,0.1,0.1,0.1,,7.39400000000023,PiecewiseConstant,XGBoost,GenHyp,"All var equal contribution. Increasing beat.scale, while adjusting mu for constant mean, but increasing variance and skewness.",3,TRUE,10,0,1,0.5,0.1,2000,100,1,1000,1236,f3qIP,2019-01-21T09:30:23.139611Z
empirical_AIC_each_k,0.920277383796054,0.92271811670984,0.897991427671047,0.913662309392313,0.0429291504657557,0.196323677185264,0.136821614796653,0.125358147482558,0.0524638270727511,0.108933514189999,0.0982854675536155,0.0865609362721218,0.0839345125611546,0.108591080490713,0.108070571231115,0.103471063804704,0.107926615740099,0.107926615740099,0.107926615740099,0.0761127950527343,0.0761127950527343,0.0761127950527343,,1464.392,PiecewiseConstant,XGBoost,GenHyp,"All var equal contribution. Increasing beat.scale, while adjusting mu for constant mean, but increasing variance and skewness.",3,TRUE,10,0,1,0.5,0.1,2000,100,1,1000,1236,f3qIP,2019-01-21T09:30:23.139611Z
empirical_AIC_full,0.924112128428745,0.920630851793575,0.893260027747422,0.912667669323248,0.0459140132591003,0.216050775195083,0.158835238562598,0.14026667567226,0.049940259873664,0.111875641020947,0.102844181032881,0.0882200273091641,0.0622531481262731,0.106428781652331,0.120118155122638,0.102760227820217,0.115370762178213,0.117333029254269,0.0675612528496621,0.0811841180356208,0.052654469372777,0.101481523651403,,1518.009,PiecewiseConstant,XGBoost,GenHyp,"All var equal contribution. Increasing beat.scale, while adjusting mu for constant mean, but increasing variance and skewness.",3,TRUE,10,0,1,0.5,0.1,2000,100,1,1000,1236,f3qIP,2019-01-21T09:30:23.139611Z
empirical_independence,0,0,0,0,0.468642347356206,2.39314920914499,1.3968798984452,1.4195571516488,0.65807959611534,1.4095608123446,0.963502040168436,1.01038081620946,0.689559623640052,1.40959359771879,0.776512517996078,1.05380700697471,Inf,Inf,Inf,Inf,Inf,Inf,Inf,7.17599999999948,PiecewiseConstant,XGBoost,GenHyp,"All var equal contribution. Increasing beat.scale, while adjusting mu for constant mean, but increasing variance and skewness.",3,TRUE,10,0,1,0.5,0.1,2000,100,1,1000,1236,f3qIP,2019-01-21T09:30:23.139611Z
Gaussian,0.905777531083565,0.924381099530132,0.89401180171586,0.908056810776519,0.0655234141134764,0.148754155770448,0.143225694166609,0.119167754683511,0.0620058842895179,0.106589438774913,0.102119845280545,0.0902383894483254,0.0586572791996304,0.0890691307759924,0.0927437524709308,0.08376834663753,,,,,,,,7.26199999999972,PiecewiseConstant,XGBoost,GenHyp,"All var equal contribution. Increasing beat.scale, while adjusting mu for constant mean, but increasing variance and skewness.",3,TRUE,10,0,1,0.5,0.1,2000,100,1,1000,1236,f3qIP,2019-01-21T09:30:23.139611Z
copula,0.920078515444584,0.950087266902356,0.932803273298832,0.934323018548591,0.0411619268686587,0.116869614450645,0.131942331960153,0.096657957759819,0.0525946982771664,0.0703550326114535,0.0647441832692167,0.0625646380526122,0.0501568487894554,0.0559529469999202,0.0601346147515507,0.0558750034668684,,,,,,,,11.085,PiecewiseConstant,XGBoost,GenHyp,"All var equal contribution. Increasing beat.scale, while adjusting mu for constant mean, but increasing variance and skewness.",3,TRUE,10,0,1,0.5,0.1,2000,100,1,1000,1236,f3qIP,2019-01-21T09:30:23.139611Z
treeSHAP,-0.0385296971171636,-0.0417077701117824,-0.021394392856367,-0.0338772866951043,0.642786028711256,2.88334228303211,1.59563190920374,1.70725340698237,0.683435203632649,1.46835045066445,0.98411558133371,1.04530041187694,0.601411239052406,1.31113925975188,0.745279965427747,0.988820954757302,,,,,,,,0.0200000000004366,PiecewiseConstant,XGBoost,GenHyp,"All var equal contribution. Increasing beat.scale, while adjusting mu for constant mean, but increasing variance and skewness.",3,TRUE,10,0,1,0.5,0.1,2000,100,1,1000,1236,f3qIP,2019-01-21T09:30:23.139611Z
empirical_sigma.01,0.888663657709955,0.922651445972805,0.889016550384422,0.900110551355728,0.0365315811615466,0.051776643603757,0.0941726905248331,0.0608269717633789,0.0391882088086032,0.0428799323789473,0.0483473152178943,0.0434718188018149,0.0438352028228377,0.0505917660626849,0.0580470472461207,0.0511227668174072,0.1,0.1,0.1,0.1,0.1,0.1,,13.502,PiecewiseConstant,XGBoost,GenHyp,"All var equal contribution. Increasing beat.scale, while adjusting mu for constant mean, but increasing variance and skewness.",3,TRUE,5,0,1,0.5,0.1,2000,100,1,1000,1236,5bLhT,2019-01-21T09:38:38.405594Z
empirical_AIC_each_k,0.880574985085401,0.930181495075476,0.885919623512594,0.898892034557824,0.0334743533134924,0.129934353725353,0.086398839603447,0.0832691822140974,0.0420352629265631,0.0387054781775262,0.049696418171512,0.0434790530918671,0.0782417777207158,0.0421989776950124,0.0883687442727652,0.072273116321761,0.152276507386993,0.152276507386993,0.152276507386993,0.108527508002622,0.108527508002622,0.108527508002622,,1330.781,PiecewiseConstant,XGBoost,GenHyp,"All var equal contribution. Increasing beat.scale, while adjusting mu for constant mean, but increasing variance and skewness.",3,TRUE,5,0,1,0.5,0.1,2000,100,1,1000,1236,5bLhT,2019-01-21T09:38:38.405594Z
empirical_AIC_full,0.832404005242736,0.869913462943943,0.852904107422435,0.851740525203038,0.0585029057081842,0.0973575346585311,0.224881161716032,0.126913867360916,0.0589905030373942,0.0721164342699147,0.064078846984288,0.065061928097199,0.0604273783121749,0.0806388994950861,0.0707610996050897,0.0710579765952782,0.064961662415275,0.177471539924045,0.10426565360967,0.123372472135932,0.0542970528569643,0.149960784366912,,1775.671,PiecewiseConstant,XGBoost,GenHyp,"All var equal contribution. Increasing beat.scale, while adjusting mu for constant mean, but increasing variance and skewness.",3,TRUE,5,0,1,0.5,0.1,2000,100,1,1000,1236,5bLhT,2019-01-21T09:38:38.405594Z
empirical_independence,0,0,0,0,0.30755380724883,1.43128279352904,0.63938187792165,0.79273949289984,0.351980386660387,0.554372772939895,0.435626351364629,0.447326503654971,0.388737562292809,0.642249172303624,0.389084790066795,0.493612939987987,Inf,Inf,Inf,Inf,Inf,Inf,Inf,7.30699999999979,PiecewiseConstant,XGBoost,GenHyp,"All var equal contribution. Increasing beat.scale, while adjusting mu for constant mean, but increasing variance and skewness.",3,TRUE,5,0,1,0.5,0.1,2000,100,1,1000,1236,5bLhT,2019-01-21T09:38:38.405594Z
Gaussian,0.827116144096868,0.651560404505077,0.588893645369612,0.689190064657185,0.0532032521318962,0.399427091002237,0.263775551293784,0.238801964809305,0.0608517264481232,0.193165424756576,0.17908876129045,0.144368637498383,0.0686222943557212,0.152850248316007,0.162853432312413,0.146998067698251,,,,,,,,7.01900000000023,PiecewiseConstant,XGBoost,GenHyp,"All var equal contribution. Increasing beat.scale, while adjusting mu for constant mean, but increasing variance and skewness.",3,TRUE,5,0,1,0.5,0.1,2000,100,1,1000,1236,5bLhT,2019-01-21T09:38:38.405594Z
copula,0.825917395788841,0.824585364454245,0.778764508998347,0.809755756413811,0.0580218388115631,0.109386814078071,0.136562998879648,0.101323883923094,0.0612736623410909,0.0972450979217416,0.0963760097374126,0.084964923333415,0.065812473495189,0.109136408203792,0.0711629609418365,0.0856520019479597,,,,,,,,11.1939999999995,PiecewiseConstant,XGBoost,GenHyp,"All var equal contribution. Increasing beat.scale, while adjusting mu for constant mean, but increasing variance and skewness.",3,TRUE,5,0,1,0.5,0.1,2000,100,1,1000,1236,5bLhT,2019-01-21T09:38:38.405594Z
treeSHAP,-0.178209710382198,-0.459523709245299,-0.337043024742984,-0.324925481456827,0.361892078037541,2.28269611634428,1.02070005832316,1.22176275090166,0.414706709427349,0.809120205865838,0.582451174486314,0.602092696593167,0.350064780307447,0.722937697954035,0.440425646532053,0.551412631816099,,,,,,,,0.0389999999997599,PiecewiseConstant,XGBoost,GenHyp,"All var equal contribution. Increasing beat.scale, while adjusting mu for constant mean, but increasing variance and skewness.",3,TRUE,5,0,1,0.5,0.1,2000,100,1,1000,1236,5bLhT,2019-01-21T09:38:38.405594Z
empirical_sigma.01,0.730547066845866,0.661753379885992,0.743375387567073,0.71189194476631,0.057408531630136,0.0860317759006107,0.127048396245175,0.0901629012586407,0.0652504998452991,0.0780614856071198,0.063837582389276,0.0690498559472316,0.101801372812209,0.111169436274859,0.0646605673053494,0.0945981341490595,0.1,0.1,0.1,0.1,0.1,0.1,,7.45499999999993,PiecewiseConstant,XGBoost,GenHyp,"All var equal contribution. Increasing beat.scale, while adjusting mu for constant mean, but increasing variance and skewness.",3,TRUE,2,0,1,0.5,0.1,2000,100,1,1000,1236,UO4Xs,2019-01-21T09:40:28.310588Z
empirical_AIC_each_k,0.801607571689244,0.758943522377748,0.803115808871988,0.787888967646327,0.0446985845183696,0.0579077739683116,0.131801351554512,0.0781359033470645,0.0480425466565416,0.0556316771238394,0.0489766381062356,0.0508836206288722,0.0614375575904396,0.0742535170149995,0.0514430553105747,0.0629525836147669,0.174295446324957,0.174295446324957,0.174295446324957,0.161932866144908,0.161932866144908,0.161932866144908,,1653.17,PiecewiseConstant,XGBoost,GenHyp,"All var equal contribution. Increasing beat.scale, while adjusting mu for constant mean, but increasing variance and skewness.",3,TRUE,2,0,1,0.5,0.1,2000,100,1,1000,1236,UO4Xs,2019-01-21T09:40:28.310588Z
empirical_AIC_full,0.738937678874561,0.68188195895173,0.783500831247567,0.734773489691286,0.0584397044456919,0.0776572736962688,0.169593608819326,0.101896862320429,0.0632186361633135,0.0734161567506117,0.0538560327141479,0.0634969418760244,0.0957315616140564,0.126946720209887,0.0648483035699405,0.0991297695194834,0.103358513458865,0.194339426284437,0.177512699369296,0.161277998483887,0.114251940814639,0.223960362850092,,1591.307,PiecewiseConstant,XGBoost,GenHyp,"All var equal contribution. Increasing beat.scale, while adjusting mu for constant mean, but increasing variance and skewness.",3,TRUE,2,0,1,0.5,0.1,2000,100,1,1000,1236,UO4Xs,2019-01-21T09:40:28.310588Z
empirical_independence,0,0,0,0,0.195195530254718,0.240380968552988,0.399667835250557,0.278414778019421,0.242159174448378,0.23078275129788,0.248758611982166,0.240566845909475,0.224050447779819,0.196623497943779,0.190116287582914,0.20357912753187,Inf,Inf,Inf,Inf,Inf,Inf,Inf,6.85800000000018,PiecewiseConstant,XGBoost,GenHyp,"All var equal contribution. Increasing beat.scale, while adjusting mu for constant mean, but increasing variance and skewness.",3,TRUE,2,0,1,0.5,0.1,2000,100,1,1000,1236,UO4Xs,2019-01-21T09:40:28.310588Z
Gaussian,0.567671799560373,0.443529890879415,0.631602385122408,0.547601358520732,0.102859953047002,0.139957123382694,0.140392647128632,0.127736574519443,0.104692240109213,0.12842370279788,0.0916420793344902,0.108252674080528,0.116912981567733,0.0859203273035632,0.0722618219236,0.0945070834350717,,,,,,,,6.89599999999973,PiecewiseConstant,XGBoost,GenHyp,"All var equal contribution. Increasing beat.scale, while adjusting mu for constant mean, but increasing variance and skewness.",3,TRUE,2,0,1,0.5,0.1,2000,100,1,1000,1236,UO4Xs,2019-01-21T09:40:28.310588Z
copula,0.434351469391159,0.413148332472311,0.501402230782808,0.449634010882093,0.130832276305752,0.137789558349085,0.243394200101059,0.170672011585298,0.136976981200175,0.135435242435789,0.124030489007873,0.132147570881279,0.129283091386848,0.113278352833152,0.0960600913266667,0.113452842074195,,,,,,,,11.1660000000002,PiecewiseConstant,XGBoost,GenHyp,"All var equal contribution. Increasing beat.scale, while adjusting mu for constant mean, but increasing variance and skewness.",3,TRUE,2,0,1,0.5,0.1,2000,100,1,1000,1236,UO4Xs,2019-01-21T09:40:28.310588Z
treeSHAP,0.189531489334479,-0.245087624276195,-0.231688416109588,-0.0957481836837681,0.165153791829334,0.357754553858246,0.589097660523767,0.370668668737116,0.196262385459169,0.287344747537402,0.306393100785933,0.263333411260835,0.176949738153865,0.241646919125452,0.205589916489502,0.214508183050091,,,,,,,,0.0190000000002328,PiecewiseConstant,XGBoost,GenHyp,"All var equal contribution. Increasing beat.scale, while adjusting mu for constant mean, but increasing variance and skewness.",3,TRUE,2,0,1,0.5,0.1,2000,100,1,1000,1236,UO4Xs,2019-01-21T09:40:28.310588Z
empirical_sigma.01,0.492806653255226,0.586680504385224,0.512987686130704,0.530824947923718,0.0799234140099108,0.063280178874978,0.0713485756149363,0.0715173894999417,0.0816782613077569,0.0638505040370019,0.0726471172297805,0.0727252941915131,0.0757374088602225,0.0684415803866104,0.0737608202194817,0.072834114498457,0.1,0.1,0.1,0.1,0.1,0.1,,8.51599999999962,PiecewiseConstant,XGBoost,GenHyp,"All var equal contribution. Increasing beat.scale, while adjusting mu for constant mean, but increasing variance and skewness.",3,TRUE,1,0,1,0.5,0.1,2000,100,1,1000,1236,utqJk,2019-01-21T09:54:54.720660Z
empirical_AIC_each_k,0.641283639338321,0.687528675035087,0.696229409207566,0.675013907860325,0.0547846113329009,0.0478306237062761,0.04526458794158,0.049293274326919,0.0577675729177812,0.0482712570004556,0.0453131411502262,0.050450657022821,0.0451522739716209,0.032667132953316,0.036947385240546,0.0388417164516443,0.241751985762531,0.241751985762531,0.241751985762531,0.208057592169339,0.208057592169339,0.208057592169339,,1722.89,PiecewiseConstant,XGBoost,GenHyp,"All var equal contribution. Increasing beat.scale, while adjusting mu for constant mean, but increasing variance and skewness.",3,TRUE,1,0,1,0.5,0.1,2000,100,1,1000,1236,utqJk,2019-01-21T09:54:54.720660Z
empirical_AIC_full,0.63706017968208,0.701727501880821,0.690178397854516,0.676322026472472,0.0555350026547017,0.0456629788814829,0.0458700345681478,0.0490226720347775,0.0584477175680201,0.0460777910244901,0.0462157641817287,0.0502470909247463,0.0444193016914497,0.0311179015731441,0.0382600555242937,0.038630669726011,0.225965081164727,0.284979347094286,0.206094385313181,0.206011969391724,0.211419739543896,0.206597786634301,,1809.544,PiecewiseConstant,XGBoost,GenHyp,"All var equal contribution. Increasing beat.scale, while adjusting mu for constant mean, but increasing variance and skewness.",3,TRUE,1,0,1,0.5,0.1,2000,100,1,1000,1236,utqJk,2019-01-21T09:54:54.720660Z
empirical_independence,0,0,0,0,0.149469634672305,0.144704086273583,0.13452052720515,0.142898082717012,0.161039693899728,0.154482197705264,0.149168953558077,0.15489694838769,0.136498645030383,0.12165424765778,0.121164806493212,0.126308715876652,Inf,Inf,Inf,Inf,Inf,Inf,Inf,7.27100000000064,PiecewiseConstant,XGBoost,GenHyp,"All var equal contribution. Increasing beat.scale, while adjusting mu for constant mean, but increasing variance and skewness.",3,TRUE,1,0,1,0.5,0.1,2000,100,1,1000,1236,utqJk,2019-01-21T09:54:54.720660Z
Gaussian,0.239362231160046,0.142336872230724,0.230862517679966,0.204187207023579,0.13770456868826,0.130383555895828,0.11243463354897,0.126840919377686,0.122492873462558,0.132493684868569,0.114731433379973,0.123239330570367,0.128258313169081,0.084747278598502,0.0860037440463095,0.101621033989736,,,,,,,,6.98999999999978,PiecewiseConstant,XGBoost,GenHyp,"All var equal contribution. Increasing beat.scale, while adjusting mu for constant mean, but increasing variance and skewness.",3,TRUE,1,0,1,0.5,0.1,2000,100,1,1000,1236,utqJk,2019-01-21T09:54:54.720660Z
copula,0.161738091190914,0.122875929149062,0.158808571615848,0.147807530651941,0.143622706343777,0.131442033814459,0.120321466148297,0.131795402102178,0.134993441202417,0.135500054125241,0.125479645114088,0.131991046813915,0.126134538887676,0.0946056714186005,0.0856917770229142,0.103363062942317,,,,,,,,12.0319999999992,PiecewiseConstant,XGBoost,GenHyp,"All var equal contribution. Increasing beat.scale, while adjusting mu for constant mean, but increasing variance and skewness.",3,TRUE,1,0,1,0.5,0.1,2000,100,1,1000,1236,utqJk,2019-01-21T09:54:54.720660Z
treeSHAP,0.107333433722345,-0.0623335827753446,-0.000668834458023326,0.0147770054963258,0.142028755308393,0.168263226830624,0.132854130071588,0.147715370736868,0.143754750587875,0.164111626563243,0.149268722894284,0.1523783666818,0.130908286956896,0.134900188589368,0.119312755368346,0.128402292088752,,,,,,,,0.0190000000002328,PiecewiseConstant,XGBoost,GenHyp,"All var equal contribution. Increasing beat.scale, while adjusting mu for constant mean, but increasing variance and skewness.",3,TRUE,1,0,1,0.5,0.1,2000,100,1,1000,1236,utqJk,2019-01-21T09:54:54.720660Z
empirical_sigma.01,0.907547790327629,0.919296452855285,0.864443759321595,0.897096000834836,0.0458667455411601,0.157159283355097,0.238941965908937,0.147322664935065,0.0570064336198548,0.104628817761122,0.109704469026999,0.0904465734693252,0.0652619058601255,0.0873026468526669,0.114355081329872,0.0939625968890378,0.1,0.1,0.1,0.1,0.1,0.1,,7.21000000000004,PiecewiseConstant,XGBoost,GenHyp,"All var equal contribution. Increasing beat.scale, while adjusting mu for constant mean, but increasing variance and skewness.",3,TRUE,10,0,1,0.5,0.1,2000,100,1,1000,1237,1zumH,2019-01-21T10:22:21.465417Z
empirical_AIC_each_k,0.853312534942645,0.912371598371287,0.857752774518849,0.874478969277594,0.0601226207454359,0.149762846123793,0.216968989456781,0.142284818775336,0.0904481274086396,0.113606605769985,0.115119423966583,0.106391385715069,0.215139152928935,0.115144594391331,0.15954450455046,0.168139565568538,0.102841841429371,0.102841841429371,0.102841841429371,0.081314244171545,0.081314244171545,0.081314244171545,,1316.097,PiecewiseConstant,XGBoost,GenHyp,"All var equal contribution. Increasing beat.scale, while adjusting mu for constant mean, but increasing variance and skewness.",3,TRUE,10,0,1,0.5,0.1,2000,100,1,1000,1237,1zumH,2019-01-21T10:22:21.465417Z
empirical_AIC_full,0.861233870355741,0.922995265750191,0.85419653420502,0.879475223436984,0.0643573589317531,0.157368919358262,0.225997158794543,0.149241145694853,0.0855637976234726,0.0998334595147279,0.117997457861655,0.101131571666618,0.140501064918176,0.111389713399883,0.134718931168936,0.12973207872911,0.0816233709226808,0.106088833168241,0.124770896007951,0.08800594391283,0.0467769837555494,0.0949689351918059,,1594.338,PiecewiseConstant,XGBoost,GenHyp,"All var equal contribution. Increasing beat.scale, while adjusting mu for constant mean, but increasing variance and skewness.",3,TRUE,10,0,1,0.5,0.1,2000,100,1,1000,1237,1zumH,2019-01-21T10:22:21.465417Z
empirical_independence,0,0,0,0,0.478548583348935,1.87786535611644,1.14435879076751,1.16692424341096,0.616604338845683,1.2964587240943,0.809291173006652,0.907451411982213,0.576951415890461,0.997188565066129,0.494561366890486,0.776253882287065,Inf,Inf,Inf,Inf,Inf,Inf,Inf,7.72699999999895,PiecewiseConstant,XGBoost,GenHyp,"All var equal contribution. Increasing beat.scale, while adjusting mu for constant mean, but increasing variance and skewness.",3,TRUE,10,0,1,0.5,0.1,2000,100,1,1000,1237,1zumH,2019-01-21T10:22:21.465417Z
Gaussian,0.934778691154866,0.916263028594659,0.854476176865185,0.90183929887157,0.0355769680013496,0.130178530093753,0.180888979728434,0.115548159274512,0.0402157420191038,0.10856152710769,0.117771145525187,0.0888494715506602,0.0342553721007442,0.0783982500826868,0.0994053299602807,0.0830428676192047,,,,,,,,7.375,PiecewiseConstant,XGBoost,GenHyp,"All var equal contribution. Increasing beat.scale, while adjusting mu for constant mean, but increasing variance and skewness.",3,TRUE,10,0,1,0.5,0.1,2000,100,1,1000,1237,1zumH,2019-01-21T10:22:21.465417Z
copula,0.908421233189942,0.952451092320975,0.929524554588387,0.930132293366435,0.0456142606324641,0.104364145955167,0.114653841717799,0.0882107494351434,0.0564678649612185,0.0616451961816269,0.0570351558853307,0.058382739009392,0.0631669841407022,0.0694655963017617,0.052957211313025,0.0620710820892941,,,,,,,,11.2220000000016,PiecewiseConstant,XGBoost,GenHyp,"All var equal contribution. Increasing beat.scale, while adjusting mu for constant mean, but increasing variance and skewness.",3,TRUE,10,0,1,0.5,0.1,2000,100,1,1000,1237,1zumH,2019-01-21T10:22:21.465417Z
treeSHAP,-0.12294796416691,-0.112155705705799,-0.00997700028533067,-0.0816935567193465,0.572744081586528,2.31236358473991,1.4463152007956,1.44380762237401,0.692414587003243,1.44186396721354,0.817365471270655,0.983881341829146,0.487041656720441,0.906844740341069,0.48339250473413,0.732143348366871,,,,,,,,0.0270000000000437,PiecewiseConstant,XGBoost,GenHyp,"All var equal contribution. Increasing beat.scale, while adjusting mu for constant mean, but increasing variance and skewness.",3,TRUE,10,0,1,0.5,0.1,2000,100,1,1000,1237,1zumH,2019-01-21T10:22:21.465417Z
empirical_sigma.01,0.841156020855852,0.898554581442489,0.82994803329088,0.856552878529741,0.0387599877660735,0.0556887254287037,0.0926578115546668,0.062368841583148,0.0480343769354875,0.0487727029943397,0.0606494994516657,0.0524855264604977,0.072188021443797,0.0456078405422219,0.0647041630970778,0.0619182878938596,0.1,0.1,0.1,0.1,0.1,0.1,,7.17000000000007,PiecewiseConstant,XGBoost,GenHyp,"All var equal contribution. Increasing beat.scale, while adjusting mu for constant mean, but increasing variance and skewness.",3,TRUE,5,0,1,0.5,0.1,2000,100,1,1000,1237,Rly2F,2019-01-21T10:33:23.051968Z
empirical_AIC_each_k,0.853798023713895,0.905391576695723,0.840374552074367,0.866521384161328,0.0362712759877471,0.0503449854762268,0.0937727951224636,0.0601296855288125,0.0442114386423612,0.0454856276034425,0.0569308529844739,0.0488759730767592,0.0632150763159688,0.0429067830581913,0.061988596162974,0.0569017816431003,0.137028349308281,0.137028349308281,0.137028349308281,0.121270946690624,0.121270946690624,0.121270946690624,,1453.635,PiecewiseConstant,XGBoost,GenHyp,"All var equal contribution. Increasing beat.scale, while adjusting mu for constant mean, but increasing variance and skewness.",3,TRUE,5,0,1,0.5,0.1,2000,100,1,1000,1237,Rly2F,2019-01-21T10:33:23.051968Z
empirical_AIC_full,0.843900069096157,0.902104995865164,0.837936239238418,0.86131376806658,0.0391644707630994,0.0518545641896214,0.0988674242837959,0.0632954864121723,0.0472045774793536,0.0470657426347076,0.0578004839324057,0.050690268015489,0.0755843883677445,0.0459927839709158,0.0703902005666674,0.0652526028350798,0.0980273088235565,0.0990871521471182,0.174895870398979,0.129574468977503,0.0791191561135754,0.135912285660055,,1459.89,PiecewiseConstant,XGBoost,GenHyp,"All var equal contribution. Increasing beat.scale, while adjusting mu for constant mean, but increasing variance and skewness.",3,TRUE,5,0,1,0.5,0.1,2000,100,1,1000,1237,Rly2F,2019-01-21T10:33:23.051968Z
empirical_independence,0,0,0,0,0.268704940216389,0.639033432108536,0.532349874005557,0.480029415443494,0.302399733337688,0.480777778709542,0.356652737544688,0.379943416530639,0.306461518919091,0.406380579599433,0.232234827726092,0.330495691286325,Inf,Inf,Inf,Inf,Inf,Inf,Inf,7.45400000000154,PiecewiseConstant,XGBoost,GenHyp,"All var equal contribution. Increasing beat.scale, while adjusting mu for constant mean, but increasing variance and skewness.",3,TRUE,5,0,1,0.5,0.1,2000,100,1,1000,1237,Rly2F,2019-01-21T10:33:23.051968Z
Gaussian,0.878179140979219,0.608773423807588,0.4830844452989,0.656679003361902,0.0348656526152519,0.253783629410672,0.217993026067889,0.168880769364604,0.0368385952828521,0.188093044273927,0.184359347663578,0.136430329073453,0.0336920693601387,0.153814798124148,0.166448280384174,0.149535430338034,,,,,,,,7.39300000000003,PiecewiseConstant,XGBoost,GenHyp,"All var equal contribution. Increasing beat.scale, while adjusting mu for constant mean, but increasing variance and skewness.",3,TRUE,5,0,1,0.5,0.1,2000,100,1,1000,1237,Rly2F,2019-01-21T10:33:23.051968Z
copula,0.788876323635369,0.762513373751711,0.658537612323611,0.73664243657023,0.058897890931878,0.117035233878708,0.140941988067055,0.10562503762588,0.0638437434339367,0.114178292640876,0.12178349533333,0.0999351771360475,0.0556399045367557,0.103662804714017,0.0897793616224047,0.0889663715864758,,,,,,,,11.5499999999993,PiecewiseConstant,XGBoost,GenHyp,"All var equal contribution. Increasing beat.scale, while adjusting mu for constant mean, but increasing variance and skewness.",3,TRUE,5,0,1,0.5,0.1,2000,100,1,1000,1237,Rly2F,2019-01-21T10:33:23.051968Z
treeSHAP,-0.26810915397428,-0.615346698558825,-0.344166925830147,-0.409207592787751,0.35257134047981,1.08347831771997,0.780195341076369,0.738748333092051,0.383475870004903,0.776622797578904,0.47940081381435,0.546499827132719,0.279129697747082,0.487382613018485,0.285745001483562,0.399485463868275,,,,,,,,0.0210000000006403,PiecewiseConstant,XGBoost,GenHyp,"All var equal contribution. Increasing beat.scale, while adjusting mu for constant mean, but increasing variance and skewness.",3,TRUE,5,0,1,0.5,0.1,2000,100,1,1000,1237,Rly2F,2019-01-21T10:33:23.051968Z
empirical_sigma.01,0.700425891374166,0.704585621264478,0.594213879500532,0.666408464046392,0.0516927571667271,0.0646302414361845,0.0933104592314743,0.0698778192781287,0.0644931729876976,0.0700398151017052,0.0928123230122061,0.075781770367203,0.143469270477141,0.0895409261436615,0.0684551472361793,0.105698326403419,0.1,0.1,0.1,0.1,0.1,0.1,,7.23499999999967,PiecewiseConstant,XGBoost,GenHyp,"All var equal contribution. Increasing beat.scale, while adjusting mu for constant mean, but increasing variance and skewness.",3,TRUE,2,0,1,0.5,0.1,2000,100,1,1000,1237,YKzZ8,2019-01-21T10:37:19.817608Z
empirical_AIC_each_k,0.760614168098071,0.781138479942725,0.644866431260501,0.728873026433766,0.0470602552986032,0.0535589987487668,0.0918809231304359,0.0641667257259353,0.0515356682140306,0.051889892642678,0.0812269563428084,0.0615508390665057,0.0863527360384296,0.0462478106061614,0.0551772086706321,0.0661774362983316,0.208043146650868,0.208043146650868,0.208043146650868,0.167855965500761,0.167855965500761,0.167855965500761,,1661.087,PiecewiseConstant,XGBoost,GenHyp,"All var equal contribution. Increasing beat.scale, while adjusting mu for constant mean, but increasing variance and skewness.",3,TRUE,2,0,1,0.5,0.1,2000,100,1,1000,1237,YKzZ8,2019-01-21T10:37:19.817608Z
empirical_AIC_full,0.746305984077783,0.724068156084115,0.62546511701267,0.698613085724856,0.0496881045740341,0.0640287882281373,0.0927823713992629,0.0688330880671448,0.0546159750916615,0.0654206995992008,0.0856644689975405,0.0685670478961343,0.103703539873002,0.0835017830851702,0.0602799086405543,0.0850808914741438,0.219101018023405,0.21255059021196,0.193071726361034,0.163187346487243,0.12478451246479,0.194250702352324,,1608.176,PiecewiseConstant,XGBoost,GenHyp,"All var equal contribution. Increasing beat.scale, while adjusting mu for constant mean, but increasing variance and skewness.",3,TRUE,2,0,1,0.5,0.1,2000,100,1,1000,1237,YKzZ8,2019-01-21T10:37:19.817608Z
empirical_independence,0,0,0,0,0.168620337206639,0.208666374505187,0.281259124578971,0.219515278763599,0.215282867012546,0.237090067861626,0.228722270978531,0.227031735284235,0.239607139458486,0.223681840444011,0.15278469451233,0.208291738639827,Inf,Inf,Inf,Inf,Inf,Inf,Inf,6.878999999999,PiecewiseConstant,XGBoost,GenHyp,"All var equal contribution. Increasing beat.scale, while adjusting mu for constant mean, but increasing variance and skewness.",3,TRUE,2,0,1,0.5,0.1,2000,100,1,1000,1237,YKzZ8,2019-01-21T10:37:19.817608Z
Gaussian,0.482095714737271,0.467762800045196,0.594433117591056,0.514763877457841,0.119592672132679,0.135691910307165,0.110176580959099,0.121820387799648,0.111495919369444,0.126188153855767,0.0927621783782566,0.110148750534489,0.132272445739697,0.128259502586281,0.0991222624057249,0.12116405280032,,,,,,,,7.12900000000082,PiecewiseConstant,XGBoost,GenHyp,"All var equal contribution. Increasing beat.scale, while adjusting mu for constant mean, but increasing variance and skewness.",3,TRUE,2,0,1,0.5,0.1,2000,100,1,1000,1237,YKzZ8,2019-01-21T10:37:19.817608Z
copula,0.34382244669118,0.413615135950036,0.304693765440366,0.354043782693861,0.139155258591132,0.146920189995114,0.22038180708978,0.168819085225342,0.141263784945601,0.139026027210637,0.159032020994011,0.146440611050083,0.142180030255932,0.1543012891275,0.119097799662392,0.139116383212583,,,,,,,,11.1859999999997,PiecewiseConstant,XGBoost,GenHyp,"All var equal contribution. Increasing beat.scale, while adjusting mu for constant mean, but increasing variance and skewness.",3,TRUE,2,0,1,0.5,0.1,2000,100,1,1000,1237,YKzZ8,2019-01-21T10:37:19.817608Z
treeSHAP,0.2132375754535,-0.217108864954206,-0.134575005463402,-0.0461487649880356,0.137229213648659,0.321631662515015,0.27669937302697,0.245186749730215,0.169376470414112,0.28856442338698,0.259502571845069,0.239147821882054,0.178844795758016,0.175262146927411,0.149609283156102,0.17537225040156,,,,,,,,0.0190000000002328,PiecewiseConstant,XGBoost,GenHyp,"All var equal contribution. Increasing beat.scale, while adjusting mu for constant mean, but increasing variance and skewness.",3,TRUE,2,0,1,0.5,0.1,2000,100,1,1000,1237,YKzZ8,2019-01-21T10:37:19.817608Z
empirical_sigma.01,0.531448672168759,0.399035575665643,0.505166247018917,0.478550164951107,0.0652948685069933,0.0838177538915115,0.0733739017252847,0.0741621747079298,0.0690397389808293,0.0877186787860191,0.0763014603320109,0.0776866260329531,0.0983988583973057,0.102618594998548,0.0673328489537643,0.0908460550633888,0.1,0.1,0.1,0.1,0.1,0.1,,7.03199999999924,PiecewiseConstant,XGBoost,GenHyp,"All var equal contribution. Increasing beat.scale, while adjusting mu for constant mean, but increasing variance and skewness.",3,TRUE,1,0,1,0.5,0.1,2000,100,1,1000,1237,rbQUm,2019-01-21T10:56:21.131194Z
empirical_AIC_each_k,0.659225659469662,0.642854566443104,0.616809487969774,0.639629904627513,0.0488753239007045,0.054678693827454,0.0587233200642937,0.0540924459308174,0.0502121541955219,0.0521300834084662,0.0590865022386518,0.0538095799475466,0.0712234588994228,0.0575140951205524,0.0350897591724244,0.0565432089464492,0.244672205015252,0.244672205015252,0.244672205015252,0.216911880340219,0.216911880340219,0.216911880340219,,1846.284,PiecewiseConstant,XGBoost,GenHyp,"All var equal contribution. Increasing beat.scale, while adjusting mu for constant mean, but increasing variance and skewness.",3,TRUE,1,0,1,0.5,0.1,2000,100,1,1000,1237,rbQUm,2019-01-21T10:56:21.131194Z
empirical_AIC_full,0.651065141264964,0.612250825025654,0.603342286796972,0.622219417695863,0.0497447296044457,0.0576677169940887,0.0604634289764875,0.055958625191674,0.0514145839259175,0.0565971028431376,0.0611630928307028,0.0563915931999193,0.0769912031666657,0.0659008080531049,0.0386275494129937,0.0625345470021434,0.287642267540502,0.235866280864099,0.212963938795242,0.237646095443444,0.176463551711333,0.253199815379006,,1750.294,PiecewiseConstant,XGBoost,GenHyp,"All var equal contribution. Increasing beat.scale, while adjusting mu for constant mean, but increasing variance and skewness.",3,TRUE,1,0,1,0.5,0.1,2000,100,1,1000,1237,rbQUm,2019-01-21T10:56:21.131194Z
empirical_independence,0,0,0,0,0.132764528781407,0.142473461788559,0.149254981635093,0.141497657401686,0.14734722725126,0.14596318057126,0.154196151479844,0.149168853100788,0.129586368994666,0.138752228205303,0.11683655601164,0.128325335376,Inf,Inf,Inf,Inf,Inf,Inf,Inf,7.41600000000108,PiecewiseConstant,XGBoost,GenHyp,"All var equal contribution. Increasing beat.scale, while adjusting mu for constant mean, but increasing variance and skewness.",3,TRUE,1,0,1,0.5,0.1,2000,100,1,1000,1237,rbQUm,2019-01-21T10:56:21.131194Z
Gaussian,0.240283340756544,0.132372852563217,0.30708341497273,0.22657986943083,0.123247348774556,0.137390289941462,0.111532198545874,0.12405661242063,0.111942143236113,0.126641617989843,0.106845070707761,0.115142943977906,0.113718719143734,0.110668229365333,0.0910039197976611,0.105592492462027,,,,,,,,7.8799999999992,PiecewiseConstant,XGBoost,GenHyp,"All var equal contribution. Increasing beat.scale, while adjusting mu for constant mean, but increasing variance and skewness.",3,TRUE,1,0,1,0.5,0.1,2000,100,1,1000,1237,rbQUm,2019-01-21T10:56:21.131194Z
copula,0.147891563811373,0.0641288285595691,0.116798071742057,0.109606154704333,0.131344803705322,0.15074691215067,0.136315056386252,0.139468924080748,0.125555815389801,0.136602732788396,0.136186338316952,0.132781628831717,0.105086615633811,0.125460844867899,0.10006597840603,0.110497896395734,,,,,,,,12.6280000000006,PiecewiseConstant,XGBoost,GenHyp,"All var equal contribution. Increasing beat.scale, while adjusting mu for constant mean, but increasing variance and skewness.",3,TRUE,1,0,1,0.5,0.1,2000,100,1,1000,1237,rbQUm,2019-01-21T10:56:21.131194Z
treeSHAP,0.106364603432145,-0.0404849602289949,0.087441148115836,0.0511069304396619,0.121521058850192,0.179948179496205,0.136233893640672,0.14590104399569,0.131674697857853,0.151872494131585,0.140713062959403,0.141420084982947,0.107164168227173,0.111745104140826,0.10193299012734,0.106984468002914,,,,,,,,0.0209999999988213,PiecewiseConstant,XGBoost,GenHyp,"All var equal contribution. Increasing beat.scale, while adjusting mu for constant mean, but increasing variance and skewness.",3,TRUE,1,0,1,0.5,0.1,2000,100,1,1000,1237,rbQUm,2019-01-21T10:56:21.131194Z
empirical_sigma.01,0.846234530088201,0.902605410417612,0.894750028158103,0.881196656221306,0.0360399018390231,0.32393043987017,0.336249555054141,0.232073298921111,0.0475729890179562,0.0997704306726588,0.0951670111483899,0.0808368102796683,0.0590355063550835,0.0673555813951931,0.067906064821954,0.0688587946073674,0.1,0.1,0.1,0.1,0.1,0.1,,7.32000000000153,PiecewiseConstant,XGBoost,GenHyp,"All var equal contribution. Increasing beat.scale, while adjusting mu for constant mean, but increasing variance and skewness.",3,TRUE,10,0,1,0.5,0.1,2000,100,1,1000,1238,r3S7F,2019-01-21T11:13:16.194642Z
empirical_AIC_each_k,0.806465790623596,0.891326860625434,0.877951905026047,0.858581518758359,0.0420363993045529,0.35062498751842,0.339667204316991,0.244109530379988,0.0598769074912834,0.111324109115718,0.110355871947154,0.0938522961847186,0.117516121515221,0.10644837776273,0.124868152854618,0.118601067244542,0.0864816284036001,0.0864816284036001,0.0864816284036001,0.0758218631063989,0.0758218631063989,0.0758218631063989,,1469.876,PiecewiseConstant,XGBoost,GenHyp,"All var equal contribution. Increasing beat.scale, while adjusting mu for constant mean, but increasing variance and skewness.",3,TRUE,10,0,1,0.5,0.1,2000,100,1,1000,1238,r3S7F,2019-01-21T11:13:16.194642Z
empirical_AIC_full,0.757561929453401,0.884157354951445,0.87473119675121,0.838816827052018,0.0586188073326415,0.373519805812313,0.30664778065743,0.246262131267462,0.0750071109870348,0.118668507525025,0.113268035959488,0.102314551490516,0.102929322754503,0.116312777109762,0.119659542486738,0.114486238719078,0.0496341629224136,0.10439821747805,0.110423449555705,0.0744474788172143,0.0537254788922718,0.0984284478587573,,1586.224,PiecewiseConstant,XGBoost,GenHyp,"All var equal contribution. Increasing beat.scale, while adjusting mu for constant mean, but increasing variance and skewness.",3,TRUE,10,0,1,0.5,0.1,2000,100,1,1000,1238,r3S7F,2019-01-21T11:13:16.194642Z
empirical_independence,0,0,0,0,0.2394720342039,2.20033219247214,1.79870409683594,1.41283610783733,0.309386685094153,1.02439397404372,0.904199872769056,0.745993510635642,0.407416388226208,1.00832030090712,0.739784998703417,0.819054349128124,Inf,Inf,Inf,Inf,Inf,Inf,Inf,7.12300000000141,PiecewiseConstant,XGBoost,GenHyp,"All var equal contribution. Increasing beat.scale, while adjusting mu for constant mean, but increasing variance and skewness.",3,TRUE,10,0,1,0.5,0.1,2000,100,1,1000,1238,r3S7F,2019-01-21T11:13:16.194642Z
Gaussian,0.861085403834724,0.903225198447703,0.88513677143655,0.883149124572992,0.0333195004552303,0.207187436082693,0.234749823847791,0.158418920128571,0.0429783264187676,0.0991355235494492,0.103859316652915,0.0819910555403773,0.0523705063255185,0.0773515657535982,0.0833191648759217,0.0771687209731564,,,,,,,,7.05099999999948,PiecewiseConstant,XGBoost,GenHyp,"All var equal contribution. Increasing beat.scale, while adjusting mu for constant mean, but increasing variance and skewness.",3,TRUE,10,0,1,0.5,0.1,2000,100,1,1000,1238,r3S7F,2019-01-21T11:13:16.194642Z
copula,0.809511232563474,0.93383777852144,0.925215088232486,0.889521366439133,0.045780070910968,0.257289099127196,0.206615917429382,0.169895029155849,0.0589346883048578,0.0677761809919829,0.0676205077052312,0.0647771256673573,0.0624381164754365,0.0822577883770932,0.0606369833607115,0.0690341926294461,,,,,,,,10.9099999999999,PiecewiseConstant,XGBoost,GenHyp,"All var equal contribution. Increasing beat.scale, while adjusting mu for constant mean, but increasing variance and skewness.",3,TRUE,10,0,1,0.5,0.1,2000,100,1,1000,1238,r3S7F,2019-01-21T11:13:16.194642Z
treeSHAP,0.037597343268963,-0.00106525392660064,-0.00951129249671603,0.00900693228188213,0.253163859321719,2.66851132475674,2.37766172780572,1.76644563729473,0.297754567691822,1.02548521374695,0.912799982234456,0.745346587891077,0.299899701119737,0.949964655972362,0.736629915335835,0.781582147408314,,,,,,,,0.021999999999025,PiecewiseConstant,XGBoost,GenHyp,"All var equal contribution. Increasing beat.scale, while adjusting mu for constant mean, but increasing variance and skewness.",3,TRUE,10,0,1,0.5,0.1,2000,100,1,1000,1238,r3S7F,2019-01-21T11:13:16.194642Z
empirical_sigma.01,0.797946624451739,0.858648287107695,0.852177730164227,0.83625754724122,0.0626453073419281,0.120665043873757,0.121945306008142,0.101751885741276,0.062442883056593,0.0827919932867136,0.0788738439002655,0.0747029067478574,0.0762204772162342,0.119299474640131,0.100508030533935,0.100293032727634,0.1,0.1,0.1,0.1,0.1,0.1,,7.35100000000057,PiecewiseConstant,XGBoost,GenHyp,"All var equal contribution. Increasing beat.scale, while adjusting mu for constant mean, but increasing variance and skewness.",3,TRUE,5,0,1,0.5,0.1,2000,100,1,1000,1238,hVrwB,2019-01-21T11:24:19.893271Z
empirical_AIC_each_k,0.793938165411235,0.847688688683789,0.846240232807572,0.829289028967532,0.0632112835315488,0.120049297404392,0.126793827460266,0.103351469465402,0.0636816633463268,0.089211208028232,0.0820419270327142,0.078311599469091,0.0872365429124777,0.144051673449161,0.114956869730785,0.117821886680636,0.127719742861436,0.127719742861436,0.127719742861436,0.0946980443237721,0.0946980443237721,0.0946980443237721,,1474.019,PiecewiseConstant,XGBoost,GenHyp,"All var equal contribution. Increasing beat.scale, while adjusting mu for constant mean, but increasing variance and skewness.",3,TRUE,5,0,1,0.5,0.1,2000,100,1,1000,1238,hVrwB,2019-01-21T11:24:19.893271Z
empirical_AIC_full,0.775629549993235,0.827853582556465,0.840590887465002,0.814691340004901,0.0700037023417185,0.142020581184579,0.157304598419735,0.123109627315344,0.0693397857527067,0.100828951738107,0.0850562602802256,0.0850749992570131,0.0969612592566421,0.167758073943495,0.129086764988425,0.134588879609335,0.138251965704558,0.157019790346618,0.0962680528308907,0.119032188448588,0.0620912963900509,0.143198368371949,,1534.118,PiecewiseConstant,XGBoost,GenHyp,"All var equal contribution. Increasing beat.scale, while adjusting mu for constant mean, but increasing variance and skewness.",3,TRUE,5,0,1,0.5,0.1,2000,100,1,1000,1238,hVrwB,2019-01-21T11:24:19.893271Z
empirical_independence,0,0,0,0,0.322959676698421,1.0703235032858,0.761952855115501,0.718412011699907,0.309041523741722,0.585716236419381,0.533572133535036,0.47610996456538,0.262708011209884,0.58068564239421,0.539259598809646,0.495217734168702,Inf,Inf,Inf,Inf,Inf,Inf,Inf,7.52299999999923,PiecewiseConstant,XGBoost,GenHyp,"All var equal contribution. Increasing beat.scale, while adjusting mu for constant mean, but increasing variance and skewness.",3,TRUE,5,0,1,0.5,0.1,2000,100,1,1000,1238,hVrwB,2019-01-21T11:24:19.893271Z
Gaussian,0.829935868339503,0.711536366038982,0.69549191979795,0.745654718058812,0.0532750571159046,0.265614426699881,0.214621394149513,0.177836959321766,0.0525568783821729,0.168957834027505,0.162477026032066,0.127997246147248,0.0491659568269974,0.141665538082239,0.141931756031583,0.130297579446012,,,,,,,,7.73300000000018,PiecewiseConstant,XGBoost,GenHyp,"All var equal contribution. Increasing beat.scale, while adjusting mu for constant mean, but increasing variance and skewness.",3,TRUE,5,0,1,0.5,0.1,2000,100,1,1000,1238,hVrwB,2019-01-21T11:24:19.893271Z
copula,0.760638249537747,0.810487184170262,0.772890738127875,0.781338723945295,0.0754399704966949,0.123167915341109,0.141688495793834,0.113432127210546,0.0739727200883407,0.111000733241033,0.121179173402677,0.10205087557735,0.0528121026157331,0.103441011055309,0.103413969850333,0.0917611931795995,,,,,,,,11.5049999999992,PiecewiseConstant,XGBoost,GenHyp,"All var equal contribution. Increasing beat.scale, while adjusting mu for constant mean, but increasing variance and skewness.",3,TRUE,5,0,1,0.5,0.1,2000,100,1,1000,1238,hVrwB,2019-01-21T11:24:19.893271Z
treeSHAP,-0.04351845348543,-0.423427183978213,-0.213774231032295,-0.226906622831979,0.335928728525302,1.65781665531968,1.04854689184845,1.01409742523114,0.322490532917743,0.833724413016756,0.64763610608175,0.601283684005416,0.232277811139532,0.664179478078121,0.57424701088001,0.56382039553516,,,,,,,,0.0380000000004657,PiecewiseConstant,XGBoost,GenHyp,"All var equal contribution. Increasing beat.scale, while adjusting mu for constant mean, but increasing variance and skewness.",3,TRUE,5,0,1,0.5,0.1,2000,100,1,1000,1238,hVrwB,2019-01-21T11:24:19.893271Z
empirical_sigma.01,0.71611439093414,0.669997793309102,0.72609416699555,0.704068783746264,0.0658972267479426,0.0856203337356657,0.106014816799247,0.0858441257609517,0.0666319243060129,0.0757172196578275,0.066741351397625,0.0696968317871551,0.0936677249656134,0.11673525663757,0.0638469145251718,0.0937276939185642,0.1,0.1,0.1,0.1,0.1,0.1,,7.56099999999969,PiecewiseConstant,XGBoost,GenHyp,"All var equal contribution. Increasing beat.scale, while adjusting mu for constant mean, but increasing variance and skewness.",3,TRUE,2,0,1,0.5,0.1,2000,100,1,1000,1238,UBhrg,2019-01-21T11:34:10.586590Z
empirical_AIC_each_k,0.768050607790495,0.779957869980242,0.809915970031931,0.785974815934222,0.0555079348306567,0.0570145095834754,0.0861486995507762,0.0662237146549695,0.0544417675675272,0.0504874754013025,0.0463168852595027,0.0504153760761108,0.0636461248785384,0.0746253725325395,0.045566320258592,0.0623189524458804,0.187721007616978,0.187721007616978,0.187721007616978,0.163153033107244,0.163153033107244,0.163153033107244,,1928.374,PiecewiseConstant,XGBoost,GenHyp,"All var equal contribution. Increasing beat.scale, while adjusting mu for constant mean, but increasing variance and skewness.",3,TRUE,2,0,1,0.5,0.1,2000,100,1,1000,1238,UBhrg,2019-01-21T11:34:10.586590Z
empirical_AIC_full,0.764592531768948,0.741308502015064,0.779889507924869,0.761930180569627,0.0581281299631309,0.0671269473451754,0.109203216662417,0.0781527646569079,0.0552534263919049,0.0593553636290824,0.053633292642044,0.0560806942210104,0.0693059966751129,0.102692476755779,0.0689126987828383,0.0816109609602427,0.204910011320563,0.188687050918626,0.164259084166718,0.169502726255362,0.129593952104234,0.205500889037643,,1782.745,PiecewiseConstant,XGBoost,GenHyp,"All var equal contribution. Increasing beat.scale, while adjusting mu for constant mean, but increasing variance and skewness.",3,TRUE,2,0,1,0.5,0.1,2000,100,1,1000,1238,UBhrg,2019-01-21T11:34:10.586590Z
empirical_independence,0,0,0,0,0.207116900957971,0.259746611593795,0.335136841770526,0.267333451440764,0.234713991051778,0.22944458589257,0.243665316161926,0.235941297702092,0.206948771147736,0.203913081222621,0.179709650903878,0.196661289925863,Inf,Inf,Inf,Inf,Inf,Inf,Inf,7.51699999999983,PiecewiseConstant,XGBoost,GenHyp,"All var equal contribution. Increasing beat.scale, while adjusting mu for constant mean, but increasing variance and skewness.",3,TRUE,2,0,1,0.5,0.1,2000,100,1,1000,1238,UBhrg,2019-01-21T11:34:10.586590Z
Gaussian,0.605963431844442,0.501547611808975,0.463557673543331,0.523689572398916,0.0976997197905795,0.11768020429679,0.193306330763095,0.136228751616822,0.092485895532137,0.114367201795652,0.130712389078704,0.112521828802164,0.130046610001631,0.103863727720453,0.136094374821476,0.124700308751249,,,,,,,,7.38600000000042,PiecewiseConstant,XGBoost,GenHyp,"All var equal contribution. Increasing beat.scale, while adjusting mu for constant mean, but increasing variance and skewness.",3,TRUE,2,0,1,0.5,0.1,2000,100,1,1000,1238,UBhrg,2019-01-21T11:34:10.586590Z
copula,0.4454867010199,0.481855589209921,0.368669466482924,0.432003918904248,0.130890454172173,0.129931208926239,0.221262460022264,0.160694707706892,0.130152029494907,0.118885429766279,0.153833354052116,0.134290271104434,0.132573691419905,0.0985517348081235,0.138539236926115,0.124911876692648,,,,,,,,11.2620000000006,PiecewiseConstant,XGBoost,GenHyp,"All var equal contribution. Increasing beat.scale, while adjusting mu for constant mean, but increasing variance and skewness.",3,TRUE,2,0,1,0.5,0.1,2000,100,1,1000,1238,UBhrg,2019-01-21T11:34:10.586590Z
treeSHAP,0.186790024763272,0.22746531061726,-0.140760739378233,0.0911648653340994,0.202432482330556,0.24129971912645,0.433205627057473,0.292312609504826,0.19087175885093,0.177253901893068,0.27796382622571,0.215363162323236,0.153164643793594,0.181717086291888,0.209512254834959,0.187701393518988,,,,,,,,0.0209999999988213,PiecewiseConstant,XGBoost,GenHyp,"All var equal contribution. Increasing beat.scale, while adjusting mu for constant mean, but increasing variance and skewness.",3,TRUE,2,0,1,0.5,0.1,2000,100,1,1000,1238,UBhrg,2019-01-21T11:34:10.586590Z
empirical_sigma.01,0.836268925866413,0.888194890888143,0.876672149044928,0.867045321933162,0.0422178435792653,0.275965829656058,0.197693153182442,0.171958942139255,0.0464327195822094,0.119222046113082,0.109047927089476,0.0915675642615892,0.0533639179558929,0.0915222010501277,0.0910392944429748,0.0866016522799297,0.1,0.1,0.1,0.1,0.1,0.1,,9.86299999999937,PiecewiseConstant,XGBoost,GenHyp,"All var equal contribution. Increasing beat.scale, while adjusting mu for constant mean, but increasing variance and skewness.",3,TRUE,10,0,1,0.5,0.1,2000,100,1,1000,1239,5o4md,2019-01-21T12:06:36.766250Z
empirical_AIC_each_k,0.821818459697334,0.879509277355501,0.87067610740777,0.857334614820202,0.0432099044201586,0.294856381890776,0.217882623410466,0.185316303240467,0.0505307470764504,0.1284838466277,0.114349697177991,0.0977880969607136,0.0636921143716033,0.152949348930731,0.124516661193991,0.124000774861311,0.107074519240567,0.107074519240567,0.107074519240567,0.0872603961157087,0.0872603961157087,0.0872603961157087,,1303.213,PiecewiseConstant,XGBoost,GenHyp,"All var equal contribution. Increasing beat.scale, while adjusting mu for constant mean, but increasing variance and skewness.",3,TRUE,10,0,1,0.5,0.1,2000,100,1,1000,1239,5o4md,2019-01-21T12:06:36.766250Z
empirical_AIC_full,0.739008434656547,0.882674169996322,0.84458820149243,0.822090268715099,0.0521204579494319,0.405908690283318,0.232931492876384,0.230320213703045,0.0740149555058011,0.125109001065058,0.137416928465508,0.112180295012122,0.170075628813561,0.13218250684933,0.241804696456456,0.18835620887492,0.101312919811788,0.116317319379071,0.0543082996638954,0.0766824604182736,0.0745854215078538,0.104425910488821,,1543.782,PiecewiseConstant,XGBoost,GenHyp,"All var equal contribution. Increasing beat.scale, while adjusting mu for constant mean, but increasing variance and skewness.",3,TRUE,10,0,1,0.5,0.1,2000,100,1,1000,1239,5o4md,2019-01-21T12:06:36.766250Z
empirical_independence,0,0,0,0,0.230531189922924,2.86523666421823,1.62917210748807,1.57497998720974,0.283591369737948,1.06633808651628,0.884211686533015,0.744713714262416,0.352444173267621,1.0030390237211,0.727171734665689,0.813355866424851,Inf,Inf,Inf,Inf,Inf,Inf,Inf,7.09499999999935,PiecewiseConstant,XGBoost,GenHyp,"All var equal contribution. Increasing beat.scale, while adjusting mu for constant mean, but increasing variance and skewness.",3,TRUE,10,0,1,0.5,0.1,2000,100,1,1000,1239,5o4md,2019-01-21T12:06:36.766250Z
Gaussian,0.848504083906822,0.886212218389099,0.855428978740365,0.863381760345429,0.0373571966272941,0.231245084992246,0.225480097474635,0.164694126364725,0.0429629343545695,0.121336245311901,0.127831386531783,0.0973768553994176,0.0400465188951796,0.0765379917715054,0.0789971627935378,0.0776488145703858,,,,,,,,7.07799999999952,PiecewiseConstant,XGBoost,GenHyp,"All var equal contribution. Increasing beat.scale, while adjusting mu for constant mean, but increasing variance and skewness.",3,TRUE,10,0,1,0.5,0.1,2000,100,1,1000,1239,5o4md,2019-01-21T12:06:36.766250Z
copula,0.814843140505258,0.925928451115381,0.930942590037749,0.89057139388613,0.0355058970800939,0.221088518439341,0.109740842264112,0.122111752594516,0.0525088874004907,0.078985313702922,0.0610613689303234,0.0641851900112454,0.109871539363946,0.134823081484078,0.0707240972561234,0.108599391453382,,,,,,,,10.8090000000011,PiecewiseConstant,XGBoost,GenHyp,"All var equal contribution. Increasing beat.scale, while adjusting mu for constant mean, but increasing variance and skewness.",3,TRUE,10,0,1,0.5,0.1,2000,100,1,1000,1239,5o4md,2019-01-21T12:06:36.766250Z
treeSHAP,0.0637685738176667,0.296280020383047,0.0450386430967392,0.135029079099151,0.268150402550859,1.90596081929954,1.99203516902908,1.38871546362649,0.265507152542761,0.750403416508021,0.844387991961289,0.620099520337357,0.324952270925559,0.807591176731612,0.6727649380642,0.682148440252596,,,,,,,,0.0199999999986176,PiecewiseConstant,XGBoost,GenHyp,"All var equal contribution. Increasing beat.scale, while adjusting mu for constant mean, but increasing variance and skewness.",3,TRUE,10,0,1,0.5,0.1,2000,100,1,1000,1239,5o4md,2019-01-21T12:06:36.766250Z
empirical_sigma.01,0.494533490819235,0.516670552389292,0.447632250720781,0.486278764643102,0.070694040466493,0.0636626216089658,0.26177726453282,0.13204464220276,0.0714422232793021,0.0708926882037782,0.0891107352133961,0.0771485488988255,0.0795205866752034,0.0985496671717181,0.122262065999337,0.10163961763447,0.1,0.1,0.1,0.1,0.1,0.1,,8.1869999999999,PiecewiseConstant,XGBoost,GenHyp,"All var equal contribution. Increasing beat.scale, while adjusting mu for constant mean, but increasing variance and skewness.",3,TRUE,1,0,1,0.5,0.1,2000,100,1,1000,1238,zgTkY,2019-01-21T11:58:46.983336Z
empirical_AIC_each_k,0.651915874898476,0.70505123316369,0.655699456840455,0.67088885496754,0.0486345721117588,0.0378731478876842,0.155949007953579,0.080818909317674,0.0491979257454431,0.0432618187589862,0.0555442901497308,0.0493346782180534,0.0521140890625828,0.0538730360157836,0.0740168447909723,0.0608225843923448,0.232582022272117,0.232582022272117,0.232582022272117,0.190620588377416,0.190620588377416,0.190620588377416,,2059.448,PiecewiseConstant,XGBoost,GenHyp,"All var equal contribution. Increasing beat.scale, while adjusting mu for constant mean, but increasing variance and skewness.",3,TRUE,1,0,1,0.5,0.1,2000,100,1,1000,1238,zgTkY,2019-01-21T11:58:46.983336Z
empirical_AIC_full,0.652621187934486,0.663384298291792,0.642400404660379,0.652801963628886,0.0483827435532664,0.0445974797940823,0.170760866780643,0.0879136967093305,0.0490982373774005,0.0493733458692892,0.05768975993676,0.0520537810611499,0.0487492644872166,0.0631096820403337,0.0831726116970928,0.0664229889789514,0.244099500852455,0.276610138649524,0.189478662762739,0.195184282966612,0.172844218783108,0.227500132554477,,1751.272,PiecewiseConstant,XGBoost,GenHyp,"All var equal contribution. Increasing beat.scale, while adjusting mu for constant mean, but increasing variance and skewness.",3,TRUE,1,0,1,0.5,0.1,2000,100,1,1000,1238,zgTkY,2019-01-21T11:58:46.983336Z
empirical_independence,0,0,0,0,0.130188618238116,0.129496131257225,0.357321789534768,0.20566884634337,0.141339182679169,0.146675706506668,0.161325014593405,0.149779967926414,0.117683115567303,0.129457199429672,0.145773985687415,0.13130948800413,Inf,Inf,Inf,Inf,Inf,Inf,Inf,6.47400000000016,PiecewiseConstant,XGBoost,GenHyp,"All var equal contribution. Increasing beat.scale, while adjusting mu for constant mean, but increasing variance and skewness.",3,TRUE,1,0,1,0.5,0.1,2000,100,1,1000,1238,zgTkY,2019-01-21T11:58:46.983336Z
Gaussian,0.194880202382501,0.131814590954221,0.119256226315969,0.148650339884231,0.11622899359766,0.127102754445431,0.26521075647013,0.169514168171074,0.113794974154075,0.12734170825057,0.142086002142627,0.127740894849091,0.13358337354547,0.126903403539557,0.134256261088677,0.131691374237078,,,,,,,,6.50500000000102,PiecewiseConstant,XGBoost,GenHyp,"All var equal contribution. Increasing beat.scale, while adjusting mu for constant mean, but increasing variance and skewness.",3,TRUE,1,0,1,0.5,0.1,2000,100,1,1000,1238,zgTkY,2019-01-21T11:58:46.983336Z
copula,0.116381727620344,0.125193205557054,0.121835566271692,0.121136833149697,0.125987268446382,0.124164928253059,0.288380555501547,0.17951091740033,0.12488988441852,0.128312904631753,0.141669890086628,0.131624226378967,0.117394453265785,0.11904512737933,0.129822790671372,0.1220180328123,,,,,,,,10.7360000000008,PiecewiseConstant,XGBoost,GenHyp,"All var equal contribution. Increasing beat.scale, while adjusting mu for constant mean, but increasing variance and skewness.",3,TRUE,1,0,1,0.5,0.1,2000,100,1,1000,1238,zgTkY,2019-01-21T11:58:46.983336Z
treeSHAP,0.0668302707214869,0.202980177680071,-0.0220220048536763,0.082596147849294,0.131600591645243,0.110732541784823,0.344951836565397,0.195761656665154,0.131893446837167,0.116903445538594,0.1648777148478,0.137891535741187,0.100960480924398,0.110945392439241,0.140727373279422,0.120044253743195,,,,,,,,0.0319999999992433,PiecewiseConstant,XGBoost,GenHyp,"All var equal contribution. Increasing beat.scale, while adjusting mu for constant mean, but increasing variance and skewness.",3,TRUE,1,0,1,0.5,0.1,2000,100,1,1000,1238,zgTkY,2019-01-21T11:58:46.983336Z
empirical_sigma.01,0.782480160315237,0.870983314416599,0.865786714871106,0.839750063200981,0.0451601084765691,0.088796380316667,0.0963737190085612,0.0767767359339324,0.055952865092548,0.064256827439593,0.0638298964380668,0.0613465296567359,0.116357026888316,0.0831999739243672,0.129077190553086,0.110931932344148,0.1,0.1,0.1,0.1,0.1,0.1,,7.15699999999924,PiecewiseConstant,XGBoost,GenHyp,"All var equal contribution. Increasing beat.scale, while adjusting mu for constant mean, but increasing variance and skewness.",3,TRUE,5,0,1,0.5,0.1,2000,100,1,1000,1239,PU697,2019-01-21T12:16:57.793900Z
empirical_AIC_each_k,0.768114188353951,0.870949145316427,0.847547030721018,0.828870121463798,0.043448363311272,0.0875585333428499,0.110911577797296,0.0806394914838059,0.0596482396948742,0.0642738453777275,0.0725044263048017,0.0654755037924678,0.181888787619967,0.0893174662103049,0.175506510495972,0.15434601058369,0.135969052432723,0.135969052432723,0.135969052432723,0.122484436492209,0.122484436492209,0.122484436492209,,1330.107,PiecewiseConstant,XGBoost,GenHyp,"All var equal contribution. Increasing beat.scale, while adjusting mu for constant mean, but increasing variance and skewness.",3,TRUE,5,0,1,0.5,0.1,2000,100,1,1000,1239,PU697,2019-01-21T12:16:57.793900Z
empirical_AIC_full,0.697276660319785,0.818276093154769,0.786338290662086,0.767297014712213,0.0613267716071107,0.137310905246825,0.176808039446297,0.125148572100078,0.0778698541247552,0.0905076864360641,0.101614417430599,0.0899973193304727,0.254187439524568,0.127821718530943,0.193886845657992,0.198353279612722,0.126260033712292,0.172010771900429,0.0496168036824405,0.128525026683573,0.0656914021077337,0.152662857766904,,1649.928,PiecewiseConstant,XGBoost,GenHyp,"All var equal contribution. Increasing beat.scale, while adjusting mu for constant mean, but increasing variance and skewness.",3,TRUE,5,0,1,0.5,0.1,2000,100,1,1000,1239,PU697,2019-01-21T12:16:57.793900Z
empirical_independence,0,0,0,0,0.248304205102475,0.642024767135887,0.520925466714448,0.470418146317603,0.257231088316526,0.498050520744895,0.475585530722736,0.410289046594719,0.29859981811309,0.587521809615695,0.379155867136317,0.450831382325101,Inf,Inf,Inf,Inf,Inf,Inf,Inf,7.26599999999962,PiecewiseConstant,XGBoost,GenHyp,"All var equal contribution. Increasing beat.scale, while adjusting mu for constant mean, but increasing variance and skewness.",3,TRUE,5,0,1,0.5,0.1,2000,100,1,1000,1239,PU697,2019-01-21T12:16:57.793900Z
Gaussian,0.802696492458826,0.523090631511631,0.509346897480949,0.611711340483802,0.0510836994473542,0.313196808727538,0.264220482002651,0.209500330059181,0.0507525959734842,0.237524959323751,0.23334751616228,0.173875023819839,0.0412074956296262,0.150053290529698,0.156805253145058,0.154163336513321,,,,,,,,7.44600000000173,PiecewiseConstant,XGBoost,GenHyp,"All var equal contribution. Increasing beat.scale, while adjusting mu for constant mean, but increasing variance and skewness.",3,TRUE,5,0,1,0.5,0.1,2000,100,1,1000,1239,PU697,2019-01-21T12:16:57.793900Z
copula,0.705437607637986,0.789083378827207,0.804143222688638,0.766221403051277,0.0706165924801774,0.106113986601857,0.1055804340403,0.0941036710407779,0.0757706047644004,0.105047133008863,0.093146649383269,0.0913214623855109,0.110190717261046,0.126606422147223,0.0795430195281379,0.107552342467314,,,,,,,,10.5119999999988,PiecewiseConstant,XGBoost,GenHyp,"All var equal contribution. Increasing beat.scale, while adjusting mu for constant mean, but increasing variance and skewness.",3,TRUE,5,0,1,0.5,0.1,2000,100,1,1000,1239,PU697,2019-01-21T12:16:57.793900Z
treeSHAP,-0.0336607919567895,-0.324239722579726,-0.205279382794269,-0.187726632443595,0.264410267642126,0.918432406463833,0.665006127245439,0.615949600450466,0.265889690465167,0.659538283421908,0.573213434935384,0.499547136274153,0.266449559757298,0.602672227121982,0.42314785267028,0.48134091767696,,,,,,,,0.0190000000002328,PiecewiseConstant,XGBoost,GenHyp,"All var equal contribution. Increasing beat.scale, while adjusting mu for constant mean, but increasing variance and skewness.",3,TRUE,5,0,1,0.5,0.1,2000,100,1,1000,1239,PU697,2019-01-21T12:16:57.793900Z
empirical_sigma.01,0.676705257127335,0.697265641359887,0.721239371450379,0.698403423312534,0.0674181082427807,0.0548805393165413,0.260702618000505,0.127667088519942,0.0715489547598909,0.0668498714043404,0.070032459400101,0.0694770951881108,0.139610870324271,0.116735149831062,0.0733161864898619,0.112912375120195,0.1,0.1,0.1,0.1,0.1,0.1,,7.56599999999889,PiecewiseConstant,XGBoost,GenHyp,"All var equal contribution. Increasing beat.scale, while adjusting mu for constant mean, but increasing variance and skewness.",3,TRUE,2,0,1,0.5,0.1,2000,100,1,1000,1239,HQ509,2019-01-21T12:38:29.218706Z
empirical_AIC_each_k,0.683428946530137,0.726229507665004,0.746626427735565,0.718761627310236,0.0690720502250282,0.0518568285658081,0.1543251341804,0.0917513376570788,0.0700609226792389,0.0604540637181327,0.0636545214616238,0.0647231692863318,0.107067419274008,0.0844114652558712,0.0619829116823182,0.0862720319750362,0.172701343350807,0.172701343350807,0.172701343350807,0.154894602689001,0.154894602689001,0.154894602689001,,1844.868,PiecewiseConstant,XGBoost,GenHyp,"All var equal contribution. Increasing beat.scale, while adjusting mu for constant mean, but increasing variance and skewness.",3,TRUE,2,0,1,0.5,0.1,2000,100,1,1000,1239,HQ509,2019-01-21T12:38:29.218706Z
empirical_AIC_full,0.659119754880899,0.679081996013405,0.742362063211124,0.693521271368476,0.0752709523708667,0.0630632337293634,0.107993328108549,0.0821091714029262,0.0754408346385432,0.0708651881940661,0.0647258489908338,0.070343957274481,0.116042210570727,0.104092142651972,0.0635175289431438,0.0969603301419486,0.165943118654157,0.171339434834881,0.184082852089529,0.16472096765446,0.109875823409425,0.194754359807567,,1513.443,PiecewiseConstant,XGBoost,GenHyp,"All var equal contribution. Increasing beat.scale, while adjusting mu for constant mean, but increasing variance and skewness.",3,TRUE,2,0,1,0.5,0.1,2000,100,1,1000,1239,HQ509,2019-01-21T12:38:29.218706Z
empirical_independence,0,0,0,0,0.214692371779382,0.19417155574097,0.853296456980954,0.420720128167102,0.221311841090072,0.220820232314003,0.251227943359421,0.231120005587832,0.18791096729976,0.221748953711591,0.227245026974681,0.21277652686181,Inf,Inf,Inf,Inf,Inf,Inf,Inf,6.40999999999985,PiecewiseConstant,XGBoost,GenHyp,"All var equal contribution. Increasing beat.scale, while adjusting mu for constant mean, but increasing variance and skewness.",3,TRUE,2,0,1,0.5,0.1,2000,100,1,1000,1239,HQ509,2019-01-21T12:38:29.218706Z
Gaussian,0.518622175129823,0.287818654404517,0.51345159722574,0.43996414225336,0.128418579621229,0.152360456257445,0.280227006701829,0.187002014193501,0.106534612681953,0.157264050184094,0.122234554573789,0.128677739146612,0.116958694941812,0.123255408716767,0.145986032697183,0.130640731483572,,,,,,,,6.90600000000268,PiecewiseConstant,XGBoost,GenHyp,"All var equal contribution. Increasing beat.scale, while adjusting mu for constant mean, but increasing variance and skewness.",3,TRUE,2,0,1,0.5,0.1,2000,100,1,1000,1239,HQ509,2019-01-21T12:38:29.218706Z
copula,0.414343940485581,0.319490583313152,0.390661508287927,0.374832010695553,0.150891409734166,0.13956142526135,0.485336178006738,0.258596337667418,0.129612620776693,0.150270247484656,0.153082856082556,0.144321908114635,0.127947177963523,0.137100610599062,0.163369491889136,0.143495052824622,,,,,,,,10.1659999999974,PiecewiseConstant,XGBoost,GenHyp,"All var equal contribution. Increasing beat.scale, while adjusting mu for constant mean, but increasing variance and skewness.",3,TRUE,2,0,1,0.5,0.1,2000,100,1,1000,1239,HQ509,2019-01-21T12:38:29.218706Z
treeSHAP,0.178837862343574,-0.194124278624271,-0.109679676895794,-0.041655364392164,0.178919078002195,0.28108538288343,1.01981069860102,0.493271719828883,0.181732904518203,0.263686800617603,0.278782543014278,0.241400749383361,0.163203974531869,0.21009750768761,0.210477313078902,0.199816592871441,,,,,,,,0.0300000000024738,PiecewiseConstant,XGBoost,GenHyp,"All var equal contribution. Increasing beat.scale, while adjusting mu for constant mean, but increasing variance and skewness.",3,TRUE,2,0,1,0.5,0.1,2000,100,1,1000,1239,HQ509,2019-01-21T12:38:29.218706Z
empirical_sigma.01,0.58916744492247,0.528135552201143,0.525325318691785,0.547542771938466,0.0497161720533437,0.0639174296004287,0.0651042165301506,0.0595792727279743,0.0516650554673153,0.0657729489141247,0.065989809132245,0.0611426045045617,0.0850737886141465,0.077819489360416,0.0628772942922903,0.0758657197453097,0.1,0.1,0.1,0.1,0.1,0.1,,7.15799999999945,PiecewiseConstant,XGBoost,GenHyp,"All var equal contribution. Increasing beat.scale, while adjusting mu for constant mean, but increasing variance and skewness.",3,TRUE,1,0,1,0.5,0.1,2000,100,1,1000,1239,BtZ3B,2019-01-21T13:04:42.293685Z
empirical_AIC_each_k,0.66751318429292,0.640773049829292,0.607708682369377,0.638664972163863,0.0409414297497167,0.0486751925348971,0.0551219849171461,0.0482462024005866,0.0418125330219161,0.0500724645655579,0.0545367810714822,0.0488072595529854,0.0581622805511989,0.0590963021199797,0.0387323659810283,0.0529245697147621,0.240490323531982,0.240490323531982,0.240490323531982,0.216339644933661,0.216339644933661,0.216339644933661,,1933.823,PiecewiseConstant,XGBoost,GenHyp,"All var equal contribution. Increasing beat.scale, while adjusting mu for constant mean, but increasing variance and skewness.",3,TRUE,1,0,1,0.5,0.1,2000,100,1,1000,1239,BtZ3B,2019-01-21T13:04:42.293685Z
empirical_AIC_full,0.642585624869607,0.621231917997925,0.617815380909809,0.627210974592447,0.0433054402303006,0.0504111382587835,0.0539946456774299,0.0492370747221713,0.0449473472530502,0.0527962931389209,0.0531317364506018,0.0502917922808576,0.0871559384305592,0.0880392589821896,0.0389139141015264,0.0748144834275107,0.26533021494872,0.238588644971082,0.202581079293858,0.2110857979207,0.19921361278904,0.243724454035292,,1675.704,PiecewiseConstant,XGBoost,GenHyp,"All var equal contribution. Increasing beat.scale, while adjusting mu for constant mean, but increasing variance and skewness.",3,TRUE,1,0,1,0.5,0.1,2000,100,1,1000,1239,BtZ3B,2019-01-21T13:04:42.293685Z
empirical_independence,0,0,0,0,0.12381462057255,0.14195807947832,0.120595016138424,0.128789238729765,0.125756965529583,0.13938949887185,0.139021126954519,0.134722530451984,0.100515745362267,0.0997037326204685,0.127336231374523,0.109753170032924,Inf,Inf,Inf,Inf,Inf,Inf,Inf,5.76300000000265,PiecewiseConstant,XGBoost,GenHyp,"All var equal contribution. Increasing beat.scale, while adjusting mu for constant mean, but increasing variance and skewness.",3,TRUE,1,0,1,0.5,0.1,2000,100,1,1000,1239,BtZ3B,2019-01-21T13:04:42.293685Z
Gaussian,0.158313753257735,-0.0281928554534429,0.0394897027851167,0.0565368668631364,0.114252925322444,0.150758562061869,0.135030920208065,0.133347469197459,0.105847908318291,0.143319286865271,0.133531223970233,0.127566139717932,0.0930316450627982,0.11943198708219,0.118816627115776,0.11187268814818,,,,,,,,5.91699999999764,PiecewiseConstant,XGBoost,GenHyp,"All var equal contribution. Increasing beat.scale, while adjusting mu for constant mean, but increasing variance and skewness.",3,TRUE,1,0,1,0.5,0.1,2000,100,1,1000,1239,BtZ3B,2019-01-21T13:04:42.293685Z
copula,0.158690469175737,0.0924546408201573,0.0920758251459619,0.114406978380619,0.113323701852464,0.133785731178241,0.117397904097563,0.121502445709422,0.105800533667576,0.126502292819551,0.12622064197746,0.119507822821529,0.0937894465544571,0.105465147077521,0.106423627231139,0.102174954608033,,,,,,,,10.1580000000031,PiecewiseConstant,XGBoost,GenHyp,"All var equal contribution. Increasing beat.scale, while adjusting mu for constant mean, but increasing variance and skewness.",3,TRUE,1,0,1,0.5,0.1,2000,100,1,1000,1239,BtZ3B,2019-01-21T13:04:42.293685Z
treeSHAP,0.180615517151306,0.0151585171189953,-0.0246115327106827,0.0570541671865394,0.103757584909308,0.154607809384335,0.129969597859245,0.129444997384296,0.103043306165078,0.137276560766992,0.142442649968036,0.127587505633369,0.0946938084505938,0.122113019356612,0.117737965515273,0.113149350580912,,,,,,,,0.00699999999778811,PiecewiseConstant,XGBoost,GenHyp,"All var equal contribution. Increasing beat.scale, while adjusting mu for constant mean, but increasing variance and skewness.",3,TRUE,1,0,1,0.5,0.1,2000,100,1,1000,1239,BtZ3B,2019-01-21T13:04:42.293685Z
