id,sweep,rep,dataset,approach,n_features,max_n_coalitions,n_MC_samples,min_n_batches,max_batch_size,max_batch_cube_size,workers,backend,dt_threads,n_train,n_explain,iterative,group,group_size,model_variant,save_explanations,approach_args,pair_key,pair_role,coalitions_from
1,scale_train_mc,1,numeric,timeseries,12,128,50,10,Inf,1e+06,1,multisession,1,500,25,FALSE,FALSE,2,default,FALSE,"",,,
2,scale_train_mc,2,numeric,timeseries,12,128,50,10,Inf,1e+06,1,multisession,1,500,25,FALSE,FALSE,2,default,FALSE,"",,,
3,scale_train_mc,3,numeric,timeseries,12,128,50,10,Inf,1e+06,1,multisession,1,500,25,FALSE,FALSE,2,default,FALSE,"",,,
4,scale_train_mc,1,numeric,timeseries,12,128,50,10,Inf,1e+06,1,multisession,1,2500,25,FALSE,FALSE,2,default,FALSE,"",,,
5,scale_train_mc,2,numeric,timeseries,12,128,50,10,Inf,1e+06,1,multisession,1,2500,25,FALSE,FALSE,2,default,FALSE,"",,,
6,scale_train_mc,3,numeric,timeseries,12,128,50,10,Inf,1e+06,1,multisession,1,2500,25,FALSE,FALSE,2,default,FALSE,"",,,
7,scale_train_mc,1,numeric,timeseries,12,128,50,10,Inf,1e+06,1,multisession,1,10000,25,FALSE,FALSE,2,default,FALSE,"",,,
8,scale_train_mc,2,numeric,timeseries,12,128,50,10,Inf,1e+06,1,multisession,1,10000,25,FALSE,FALSE,2,default,FALSE,"",,,
9,scale_train_mc,3,numeric,timeseries,12,128,50,10,Inf,1e+06,1,multisession,1,10000,25,FALSE,FALSE,2,default,FALSE,"",,,
10,scale_train_mc,1,numeric,timeseries,12,128,50,10,Inf,1e+06,1,multisession,1,20000,25,FALSE,FALSE,2,default,FALSE,"",,,
11,scale_train_mc,2,numeric,timeseries,12,128,50,10,Inf,1e+06,1,multisession,1,20000,25,FALSE,FALSE,2,default,FALSE,"",,,
12,scale_train_mc,3,numeric,timeseries,12,128,50,10,Inf,1e+06,1,multisession,1,20000,25,FALSE,FALSE,2,default,FALSE,"",,,
13,scale_train_mc,1,numeric,timeseries,12,128,250,10,Inf,1e+06,1,multisession,1,500,25,FALSE,FALSE,2,default,FALSE,"",,,
14,scale_train_mc,2,numeric,timeseries,12,128,250,10,Inf,1e+06,1,multisession,1,500,25,FALSE,FALSE,2,default,FALSE,"",,,
15,scale_train_mc,3,numeric,timeseries,12,128,250,10,Inf,1e+06,1,multisession,1,500,25,FALSE,FALSE,2,default,FALSE,"",,,
16,scale_train_mc,1,numeric,timeseries,12,128,250,10,Inf,1e+06,1,multisession,1,2500,25,FALSE,FALSE,2,default,FALSE,"",,,
17,scale_train_mc,2,numeric,timeseries,12,128,250,10,Inf,1e+06,1,multisession,1,2500,25,FALSE,FALSE,2,default,FALSE,"",,,
18,scale_train_mc,3,numeric,timeseries,12,128,250,10,Inf,1e+06,1,multisession,1,2500,25,FALSE,FALSE,2,default,FALSE,"",,,
19,scale_train_mc,1,numeric,timeseries,12,128,250,10,Inf,1e+06,1,multisession,1,10000,25,FALSE,FALSE,2,default,FALSE,"",,,
20,scale_train_mc,2,numeric,timeseries,12,128,250,10,Inf,1e+06,1,multisession,1,10000,25,FALSE,FALSE,2,default,FALSE,"",,,
21,scale_train_mc,3,numeric,timeseries,12,128,250,10,Inf,1e+06,1,multisession,1,10000,25,FALSE,FALSE,2,default,FALSE,"",,,
22,scale_train_mc,1,numeric,timeseries,12,128,250,10,Inf,1e+06,1,multisession,1,20000,25,FALSE,FALSE,2,default,FALSE,"",,,
23,scale_train_mc,2,numeric,timeseries,12,128,250,10,Inf,1e+06,1,multisession,1,20000,25,FALSE,FALSE,2,default,FALSE,"",,,
24,scale_train_mc,3,numeric,timeseries,12,128,250,10,Inf,1e+06,1,multisession,1,20000,25,FALSE,FALSE,2,default,FALSE,"",,,
25,scale_train_mc,1,numeric,timeseries,12,128,1000,10,Inf,1e+06,1,multisession,1,500,25,FALSE,FALSE,2,default,FALSE,"",,,
26,scale_train_mc,2,numeric,timeseries,12,128,1000,10,Inf,1e+06,1,multisession,1,500,25,FALSE,FALSE,2,default,FALSE,"",,,
27,scale_train_mc,3,numeric,timeseries,12,128,1000,10,Inf,1e+06,1,multisession,1,500,25,FALSE,FALSE,2,default,FALSE,"",,,
28,scale_train_mc,1,numeric,timeseries,12,128,1000,10,Inf,1e+06,1,multisession,1,2500,25,FALSE,FALSE,2,default,FALSE,"",,,
29,scale_train_mc,2,numeric,timeseries,12,128,1000,10,Inf,1e+06,1,multisession,1,2500,25,FALSE,FALSE,2,default,FALSE,"",,,
30,scale_train_mc,3,numeric,timeseries,12,128,1000,10,Inf,1e+06,1,multisession,1,2500,25,FALSE,FALSE,2,default,FALSE,"",,,
31,scale_train_mc,1,numeric,timeseries,12,128,1000,10,Inf,1e+06,1,multisession,1,10000,25,FALSE,FALSE,2,default,FALSE,"",,,
32,scale_train_mc,2,numeric,timeseries,12,128,1000,10,Inf,1e+06,1,multisession,1,10000,25,FALSE,FALSE,2,default,FALSE,"",,,
33,scale_train_mc,3,numeric,timeseries,12,128,1000,10,Inf,1e+06,1,multisession,1,10000,25,FALSE,FALSE,2,default,FALSE,"",,,
34,scale_train_mc,1,numeric,timeseries,12,128,1000,10,Inf,1e+06,1,multisession,1,20000,25,FALSE,FALSE,2,default,FALSE,"",,,
35,scale_train_mc,2,numeric,timeseries,12,128,1000,10,Inf,1e+06,1,multisession,1,20000,25,FALSE,FALSE,2,default,FALSE,"",,,
36,scale_train_mc,3,numeric,timeseries,12,128,1000,10,Inf,1e+06,1,multisession,1,20000,25,FALSE,FALSE,2,default,FALSE,"",,,
37,features,1,numeric,timeseries,4,128,250,10,Inf,1e+06,1,multisession,1,1000,25,FALSE,FALSE,2,default,FALSE,"",,,
38,features,2,numeric,timeseries,4,128,250,10,Inf,1e+06,1,multisession,1,1000,25,FALSE,FALSE,2,default,FALSE,"",,,
39,features,3,numeric,timeseries,4,128,250,10,Inf,1e+06,1,multisession,1,1000,25,FALSE,FALSE,2,default,FALSE,"",,,
40,features,1,numeric,timeseries,8,128,250,10,Inf,1e+06,1,multisession,1,1000,25,FALSE,FALSE,2,default,FALSE,"",,,
41,features,2,numeric,timeseries,8,128,250,10,Inf,1e+06,1,multisession,1,1000,25,FALSE,FALSE,2,default,FALSE,"",,,
42,features,3,numeric,timeseries,8,128,250,10,Inf,1e+06,1,multisession,1,1000,25,FALSE,FALSE,2,default,FALSE,"",,,
43,features,1,numeric,timeseries,12,128,250,10,Inf,1e+06,1,multisession,1,1000,25,FALSE,FALSE,2,default,FALSE,"",,,
44,features,2,numeric,timeseries,12,128,250,10,Inf,1e+06,1,multisession,1,1000,25,FALSE,FALSE,2,default,FALSE,"",,,
45,features,3,numeric,timeseries,12,128,250,10,Inf,1e+06,1,multisession,1,1000,25,FALSE,FALSE,2,default,FALSE,"",,,
46,features,1,numeric,timeseries,16,128,250,10,Inf,1e+06,1,multisession,1,1000,25,FALSE,FALSE,2,default,FALSE,"",,,
47,features,2,numeric,timeseries,16,128,250,10,Inf,1e+06,1,multisession,1,1000,25,FALSE,FALSE,2,default,FALSE,"",,,
48,features,3,numeric,timeseries,16,128,250,10,Inf,1e+06,1,multisession,1,1000,25,FALSE,FALSE,2,default,FALSE,"",,,
49,features,1,numeric,timeseries,20,128,250,10,Inf,1e+06,1,multisession,1,1000,25,FALSE,FALSE,2,default,FALSE,"",,,
50,features,2,numeric,timeseries,20,128,250,10,Inf,1e+06,1,multisession,1,1000,25,FALSE,FALSE,2,default,FALSE,"",,,
51,features,3,numeric,timeseries,20,128,250,10,Inf,1e+06,1,multisession,1,1000,25,FALSE,FALSE,2,default,FALSE,"",,,
52,features,1,numeric,timeseries,30,128,250,10,Inf,1e+06,1,multisession,1,1000,25,FALSE,FALSE,2,default,FALSE,"",,,
53,features,2,numeric,timeseries,30,128,250,10,Inf,1e+06,1,multisession,1,1000,25,FALSE,FALSE,2,default,FALSE,"",,,
54,features,3,numeric,timeseries,30,128,250,10,Inf,1e+06,1,multisession,1,1000,25,FALSE,FALSE,2,default,FALSE,"",,,
55,coalitions,1,numeric,timeseries,12,16,250,10,Inf,1e+06,1,multisession,1,1000,25,FALSE,FALSE,2,default,FALSE,"",,,
56,coalitions,2,numeric,timeseries,12,16,250,10,Inf,1e+06,1,multisession,1,1000,25,FALSE,FALSE,2,default,FALSE,"",,,
57,coalitions,3,numeric,timeseries,12,16,250,10,Inf,1e+06,1,multisession,1,1000,25,FALSE,FALSE,2,default,FALSE,"",,,
58,coalitions,1,numeric,timeseries,12,64,250,10,Inf,1e+06,1,multisession,1,1000,25,FALSE,FALSE,2,default,FALSE,"",,,
59,coalitions,2,numeric,timeseries,12,64,250,10,Inf,1e+06,1,multisession,1,1000,25,FALSE,FALSE,2,default,FALSE,"",,,
60,coalitions,3,numeric,timeseries,12,64,250,10,Inf,1e+06,1,multisession,1,1000,25,FALSE,FALSE,2,default,FALSE,"",,,
61,coalitions,1,numeric,timeseries,12,256,250,10,Inf,1e+06,1,multisession,1,1000,25,FALSE,FALSE,2,default,FALSE,"",,,
62,coalitions,2,numeric,timeseries,12,256,250,10,Inf,1e+06,1,multisession,1,1000,25,FALSE,FALSE,2,default,FALSE,"",,,
63,coalitions,3,numeric,timeseries,12,256,250,10,Inf,1e+06,1,multisession,1,1000,25,FALSE,FALSE,2,default,FALSE,"",,,
64,coalitions,1,numeric,timeseries,12,512,250,10,Inf,1e+06,1,multisession,1,1000,25,FALSE,FALSE,2,default,FALSE,"",,,
65,coalitions,2,numeric,timeseries,12,512,250,10,Inf,1e+06,1,multisession,1,1000,25,FALSE,FALSE,2,default,FALSE,"",,,
66,coalitions,3,numeric,timeseries,12,512,250,10,Inf,1e+06,1,multisession,1,1000,25,FALSE,FALSE,2,default,FALSE,"",,,
67,coalitions,1,numeric,timeseries,12,1024,250,10,Inf,1e+06,1,multisession,1,1000,25,FALSE,FALSE,2,default,FALSE,"",,,
68,coalitions,2,numeric,timeseries,12,1024,250,10,Inf,1e+06,1,multisession,1,1000,25,FALSE,FALSE,2,default,FALSE,"",,,
69,coalitions,3,numeric,timeseries,12,1024,250,10,Inf,1e+06,1,multisession,1,1000,25,FALSE,FALSE,2,default,FALSE,"",,,
70,explain,1,numeric,timeseries,12,128,250,10,Inf,1e+06,1,multisession,1,1000,1,FALSE,FALSE,2,default,FALSE,"",,,
71,explain,2,numeric,timeseries,12,128,250,10,Inf,1e+06,1,multisession,1,1000,1,FALSE,FALSE,2,default,FALSE,"",,,
72,explain,3,numeric,timeseries,12,128,250,10,Inf,1e+06,1,multisession,1,1000,1,FALSE,FALSE,2,default,FALSE,"",,,
73,explain,1,numeric,timeseries,12,128,250,10,Inf,1e+06,1,multisession,1,1000,10,FALSE,FALSE,2,default,FALSE,"",,,
74,explain,2,numeric,timeseries,12,128,250,10,Inf,1e+06,1,multisession,1,1000,10,FALSE,FALSE,2,default,FALSE,"",,,
75,explain,3,numeric,timeseries,12,128,250,10,Inf,1e+06,1,multisession,1,1000,10,FALSE,FALSE,2,default,FALSE,"",,,
76,explain,1,numeric,timeseries,12,128,250,10,Inf,1e+06,1,multisession,1,1000,50,FALSE,FALSE,2,default,FALSE,"",,,
77,explain,2,numeric,timeseries,12,128,250,10,Inf,1e+06,1,multisession,1,1000,50,FALSE,FALSE,2,default,FALSE,"",,,
78,explain,3,numeric,timeseries,12,128,250,10,Inf,1e+06,1,multisession,1,1000,50,FALSE,FALSE,2,default,FALSE,"",,,
79,explain,1,numeric,timeseries,12,128,250,10,Inf,1e+06,1,multisession,1,1000,100,FALSE,FALSE,2,default,FALSE,"",,,
80,explain,2,numeric,timeseries,12,128,250,10,Inf,1e+06,1,multisession,1,1000,100,FALSE,FALSE,2,default,FALSE,"",,,
81,explain,3,numeric,timeseries,12,128,250,10,Inf,1e+06,1,multisession,1,1000,100,FALSE,FALSE,2,default,FALSE,"",,,
82,dt_threads,1,numeric,timeseries,12,128,250,10,Inf,1e+06,1,multisession,2,1000,25,FALSE,FALSE,2,default,FALSE,"",,,
83,dt_threads,2,numeric,timeseries,12,128,250,10,Inf,1e+06,1,multisession,2,1000,25,FALSE,FALSE,2,default,FALSE,"",,,
84,dt_threads,3,numeric,timeseries,12,128,250,10,Inf,1e+06,1,multisession,2,1000,25,FALSE,FALSE,2,default,FALSE,"",,,
85,dt_threads,1,numeric,timeseries,12,128,250,10,Inf,1e+06,1,multisession,4,1000,25,FALSE,FALSE,2,default,FALSE,"",,,
86,dt_threads,2,numeric,timeseries,12,128,250,10,Inf,1e+06,1,multisession,4,1000,25,FALSE,FALSE,2,default,FALSE,"",,,
87,dt_threads,3,numeric,timeseries,12,128,250,10,Inf,1e+06,1,multisession,4,1000,25,FALSE,FALSE,2,default,FALSE,"",,,
88,dt_threads,1,numeric,timeseries,12,128,250,10,Inf,1e+06,1,multisession,8,1000,25,FALSE,FALSE,2,default,FALSE,"",,,
89,dt_threads,2,numeric,timeseries,12,128,250,10,Inf,1e+06,1,multisession,8,1000,25,FALSE,FALSE,2,default,FALSE,"",,,
90,dt_threads,3,numeric,timeseries,12,128,250,10,Inf,1e+06,1,multisession,8,1000,25,FALSE,FALSE,2,default,FALSE,"",,,
91,parallel,1,numeric,timeseries,12,128,250,8,Inf,1e+06,1,multisession,1,1000,25,FALSE,FALSE,2,default,FALSE,"",,,
92,parallel,2,numeric,timeseries,12,128,250,8,Inf,1e+06,1,multisession,1,1000,25,FALSE,FALSE,2,default,FALSE,"",,,
93,parallel,3,numeric,timeseries,12,128,250,8,Inf,1e+06,1,multisession,1,1000,25,FALSE,FALSE,2,default,FALSE,"",,,
94,parallel,1,numeric,timeseries,12,128,250,8,Inf,1e+06,2,multisession,1,1000,25,FALSE,FALSE,2,default,FALSE,"",,,
95,parallel,2,numeric,timeseries,12,128,250,8,Inf,1e+06,2,multisession,1,1000,25,FALSE,FALSE,2,default,FALSE,"",,,
96,parallel,3,numeric,timeseries,12,128,250,8,Inf,1e+06,2,multisession,1,1000,25,FALSE,FALSE,2,default,FALSE,"",,,
97,parallel,1,numeric,timeseries,12,128,250,8,Inf,1e+06,4,multisession,1,1000,25,FALSE,FALSE,2,default,FALSE,"",,,
98,parallel,2,numeric,timeseries,12,128,250,8,Inf,1e+06,4,multisession,1,1000,25,FALSE,FALSE,2,default,FALSE,"",,,
99,parallel,3,numeric,timeseries,12,128,250,8,Inf,1e+06,4,multisession,1,1000,25,FALSE,FALSE,2,default,FALSE,"",,,
100,parallel,1,numeric,timeseries,12,128,250,8,Inf,1e+06,8,multisession,1,1000,25,FALSE,FALSE,2,default,FALSE,"",,,
101,parallel,2,numeric,timeseries,12,128,250,8,Inf,1e+06,8,multisession,1,1000,25,FALSE,FALSE,2,default,FALSE,"",,,
102,parallel,3,numeric,timeseries,12,128,250,8,Inf,1e+06,8,multisession,1,1000,25,FALSE,FALSE,2,default,FALSE,"",,,
103,parallel,1,numeric,timeseries,12,128,250,8,Inf,1e+06,16,multisession,1,1000,25,FALSE,FALSE,2,default,FALSE,"",,,
104,parallel,2,numeric,timeseries,12,128,250,8,Inf,1e+06,16,multisession,1,1000,25,FALSE,FALSE,2,default,FALSE,"",,,
105,parallel,3,numeric,timeseries,12,128,250,8,Inf,1e+06,16,multisession,1,1000,25,FALSE,FALSE,2,default,FALSE,"",,,
106,parallel,1,numeric,timeseries,12,128,250,8,Inf,1e+06,32,multisession,1,1000,25,FALSE,FALSE,2,default,FALSE,"",,,
107,parallel,2,numeric,timeseries,12,128,250,8,Inf,1e+06,32,multisession,1,1000,25,FALSE,FALSE,2,default,FALSE,"",,,
108,parallel,3,numeric,timeseries,12,128,250,8,Inf,1e+06,32,multisession,1,1000,25,FALSE,FALSE,2,default,FALSE,"",,,
109,parallel,1,numeric,timeseries,12,128,250,32,Inf,1e+06,1,multisession,1,1000,25,FALSE,FALSE,2,default,FALSE,"",,,
110,parallel,2,numeric,timeseries,12,128,250,32,Inf,1e+06,1,multisession,1,1000,25,FALSE,FALSE,2,default,FALSE,"",,,
111,parallel,3,numeric,timeseries,12,128,250,32,Inf,1e+06,1,multisession,1,1000,25,FALSE,FALSE,2,default,FALSE,"",,,
112,parallel,1,numeric,timeseries,12,128,250,32,Inf,1e+06,2,multisession,1,1000,25,FALSE,FALSE,2,default,FALSE,"",,,
113,parallel,2,numeric,timeseries,12,128,250,32,Inf,1e+06,2,multisession,1,1000,25,FALSE,FALSE,2,default,FALSE,"",,,
114,parallel,3,numeric,timeseries,12,128,250,32,Inf,1e+06,2,multisession,1,1000,25,FALSE,FALSE,2,default,FALSE,"",,,
115,parallel,1,numeric,timeseries,12,128,250,32,Inf,1e+06,4,multisession,1,1000,25,FALSE,FALSE,2,default,FALSE,"",,,
116,parallel,2,numeric,timeseries,12,128,250,32,Inf,1e+06,4,multisession,1,1000,25,FALSE,FALSE,2,default,FALSE,"",,,
117,parallel,3,numeric,timeseries,12,128,250,32,Inf,1e+06,4,multisession,1,1000,25,FALSE,FALSE,2,default,FALSE,"",,,
118,parallel,1,numeric,timeseries,12,128,250,32,Inf,1e+06,8,multisession,1,1000,25,FALSE,FALSE,2,default,FALSE,"",,,
119,parallel,2,numeric,timeseries,12,128,250,32,Inf,1e+06,8,multisession,1,1000,25,FALSE,FALSE,2,default,FALSE,"",,,
120,parallel,3,numeric,timeseries,12,128,250,32,Inf,1e+06,8,multisession,1,1000,25,FALSE,FALSE,2,default,FALSE,"",,,
121,parallel,1,numeric,timeseries,12,128,250,32,Inf,1e+06,16,multisession,1,1000,25,FALSE,FALSE,2,default,FALSE,"",,,
122,parallel,2,numeric,timeseries,12,128,250,32,Inf,1e+06,16,multisession,1,1000,25,FALSE,FALSE,2,default,FALSE,"",,,
123,parallel,3,numeric,timeseries,12,128,250,32,Inf,1e+06,16,multisession,1,1000,25,FALSE,FALSE,2,default,FALSE,"",,,
124,parallel,1,numeric,timeseries,12,128,250,32,Inf,1e+06,32,multisession,1,1000,25,FALSE,FALSE,2,default,FALSE,"",,,
125,parallel,2,numeric,timeseries,12,128,250,32,Inf,1e+06,32,multisession,1,1000,25,FALSE,FALSE,2,default,FALSE,"",,,
126,parallel,3,numeric,timeseries,12,128,250,32,Inf,1e+06,32,multisession,1,1000,25,FALSE,FALSE,2,default,FALSE,"",,,
127,parallel,1,numeric,timeseries,12,128,250,128,Inf,1e+06,1,multisession,1,1000,25,FALSE,FALSE,2,default,FALSE,"",,,
128,parallel,2,numeric,timeseries,12,128,250,128,Inf,1e+06,1,multisession,1,1000,25,FALSE,FALSE,2,default,FALSE,"",,,
129,parallel,3,numeric,timeseries,12,128,250,128,Inf,1e+06,1,multisession,1,1000,25,FALSE,FALSE,2,default,FALSE,"",,,
130,parallel,1,numeric,timeseries,12,128,250,128,Inf,1e+06,2,multisession,1,1000,25,FALSE,FALSE,2,default,FALSE,"",,,
131,parallel,2,numeric,timeseries,12,128,250,128,Inf,1e+06,2,multisession,1,1000,25,FALSE,FALSE,2,default,FALSE,"",,,
132,parallel,3,numeric,timeseries,12,128,250,128,Inf,1e+06,2,multisession,1,1000,25,FALSE,FALSE,2,default,FALSE,"",,,
133,parallel,1,numeric,timeseries,12,128,250,128,Inf,1e+06,4,multisession,1,1000,25,FALSE,FALSE,2,default,FALSE,"",,,
134,parallel,2,numeric,timeseries,12,128,250,128,Inf,1e+06,4,multisession,1,1000,25,FALSE,FALSE,2,default,FALSE,"",,,
135,parallel,3,numeric,timeseries,12,128,250,128,Inf,1e+06,4,multisession,1,1000,25,FALSE,FALSE,2,default,FALSE,"",,,
136,parallel,1,numeric,timeseries,12,128,250,128,Inf,1e+06,8,multisession,1,1000,25,FALSE,FALSE,2,default,FALSE,"",,,
137,parallel,2,numeric,timeseries,12,128,250,128,Inf,1e+06,8,multisession,1,1000,25,FALSE,FALSE,2,default,FALSE,"",,,
138,parallel,3,numeric,timeseries,12,128,250,128,Inf,1e+06,8,multisession,1,1000,25,FALSE,FALSE,2,default,FALSE,"",,,
139,parallel,1,numeric,timeseries,12,128,250,128,Inf,1e+06,16,multisession,1,1000,25,FALSE,FALSE,2,default,FALSE,"",,,
140,parallel,2,numeric,timeseries,12,128,250,128,Inf,1e+06,16,multisession,1,1000,25,FALSE,FALSE,2,default,FALSE,"",,,
141,parallel,3,numeric,timeseries,12,128,250,128,Inf,1e+06,16,multisession,1,1000,25,FALSE,FALSE,2,default,FALSE,"",,,
142,parallel,1,numeric,timeseries,12,128,250,128,Inf,1e+06,32,multisession,1,1000,25,FALSE,FALSE,2,default,FALSE,"",,,
143,parallel,2,numeric,timeseries,12,128,250,128,Inf,1e+06,32,multisession,1,1000,25,FALSE,FALSE,2,default,FALSE,"",,,
144,parallel,3,numeric,timeseries,12,128,250,128,Inf,1e+06,32,multisession,1,1000,25,FALSE,FALSE,2,default,FALSE,"",,,
145,batches,1,numeric,timeseries,12,128,250,1,Inf,Inf,1,multisession,1,1000,25,FALSE,FALSE,2,default,FALSE,"",,,
146,batches,2,numeric,timeseries,12,128,250,1,Inf,Inf,1,multisession,1,1000,25,FALSE,FALSE,2,default,FALSE,"",,,
147,batches,3,numeric,timeseries,12,128,250,1,Inf,Inf,1,multisession,1,1000,25,FALSE,FALSE,2,default,FALSE,"",,,
148,batches,1,numeric,timeseries,12,128,250,2,Inf,Inf,1,multisession,1,1000,25,FALSE,FALSE,2,default,FALSE,"",,,
149,batches,2,numeric,timeseries,12,128,250,2,Inf,Inf,1,multisession,1,1000,25,FALSE,FALSE,2,default,FALSE,"",,,
150,batches,3,numeric,timeseries,12,128,250,2,Inf,Inf,1,multisession,1,1000,25,FALSE,FALSE,2,default,FALSE,"",,,
151,batches,1,numeric,timeseries,12,128,250,5,Inf,Inf,1,multisession,1,1000,25,FALSE,FALSE,2,default,FALSE,"",,,
152,batches,2,numeric,timeseries,12,128,250,5,Inf,Inf,1,multisession,1,1000,25,FALSE,FALSE,2,default,FALSE,"",,,
153,batches,3,numeric,timeseries,12,128,250,5,Inf,Inf,1,multisession,1,1000,25,FALSE,FALSE,2,default,FALSE,"",,,
154,batches,1,numeric,timeseries,12,128,250,10,Inf,Inf,1,multisession,1,1000,25,FALSE,FALSE,2,default,FALSE,"",,,
155,batches,2,numeric,timeseries,12,128,250,10,Inf,Inf,1,multisession,1,1000,25,FALSE,FALSE,2,default,FALSE,"",,,
156,batches,3,numeric,timeseries,12,128,250,10,Inf,Inf,1,multisession,1,1000,25,FALSE,FALSE,2,default,FALSE,"",,,
157,batches,1,numeric,timeseries,12,128,250,25,Inf,Inf,1,multisession,1,1000,25,FALSE,FALSE,2,default,FALSE,"",,,
158,batches,2,numeric,timeseries,12,128,250,25,Inf,Inf,1,multisession,1,1000,25,FALSE,FALSE,2,default,FALSE,"",,,
159,batches,3,numeric,timeseries,12,128,250,25,Inf,Inf,1,multisession,1,1000,25,FALSE,FALSE,2,default,FALSE,"",,,
160,batches,1,numeric,timeseries,12,128,250,50,Inf,Inf,1,multisession,1,1000,25,FALSE,FALSE,2,default,FALSE,"",,,
161,batches,2,numeric,timeseries,12,128,250,50,Inf,Inf,1,multisession,1,1000,25,FALSE,FALSE,2,default,FALSE,"",,,
162,batches,3,numeric,timeseries,12,128,250,50,Inf,Inf,1,multisession,1,1000,25,FALSE,FALSE,2,default,FALSE,"",,,
163,iterative_budget,1,numeric,timeseries,12,256,250,10,Inf,1e+06,1,multisession,1,1000,25,TRUE,FALSE,2,default,FALSE,"",iter_timeseries_iterative_budget_1,source,
164,iterative_budget,2,numeric,timeseries,12,256,250,10,Inf,1e+06,1,multisession,1,1000,25,TRUE,FALSE,2,default,FALSE,"",iter_timeseries_iterative_budget_1,source,
165,iterative_budget,3,numeric,timeseries,12,256,250,10,Inf,1e+06,1,multisession,1,1000,25,TRUE,FALSE,2,default,FALSE,"",iter_timeseries_iterative_budget_1,source,
166,iterative_budget,1,numeric,timeseries,12,-1,250,10,Inf,1e+06,1,multisession,1,1000,25,FALSE,FALSE,2,default,FALSE,"",iter_timeseries_iterative_budget_1,dependent,163
167,iterative_budget,2,numeric,timeseries,12,-1,250,10,Inf,1e+06,1,multisession,1,1000,25,FALSE,FALSE,2,default,FALSE,"",iter_timeseries_iterative_budget_1,dependent,164
168,iterative_budget,3,numeric,timeseries,12,-1,250,10,Inf,1e+06,1,multisession,1,1000,25,FALSE,FALSE,2,default,FALSE,"",iter_timeseries_iterative_budget_1,dependent,165
169,iterative_budget,1,numeric,timeseries,12,1024,250,10,Inf,1e+06,1,multisession,1,1000,25,TRUE,FALSE,2,default,FALSE,"",iter_timeseries_iterative_budget_2,source,
170,iterative_budget,2,numeric,timeseries,12,1024,250,10,Inf,1e+06,1,multisession,1,1000,25,TRUE,FALSE,2,default,FALSE,"",iter_timeseries_iterative_budget_2,source,
171,iterative_budget,3,numeric,timeseries,12,1024,250,10,Inf,1e+06,1,multisession,1,1000,25,TRUE,FALSE,2,default,FALSE,"",iter_timeseries_iterative_budget_2,source,
172,iterative_budget,1,numeric,timeseries,12,-1,250,10,Inf,1e+06,1,multisession,1,1000,25,FALSE,FALSE,2,default,FALSE,"",iter_timeseries_iterative_budget_2,dependent,169
173,iterative_budget,2,numeric,timeseries,12,-1,250,10,Inf,1e+06,1,multisession,1,1000,25,FALSE,FALSE,2,default,FALSE,"",iter_timeseries_iterative_budget_2,dependent,170
174,iterative_budget,3,numeric,timeseries,12,-1,250,10,Inf,1e+06,1,multisession,1,1000,25,FALSE,FALSE,2,default,FALSE,"",iter_timeseries_iterative_budget_2,dependent,171
175,realistic_medium,1,numeric,timeseries,12,256,250,8,Inf,1e+06,1,multisession,1,1000,25,FALSE,FALSE,2,default,FALSE,"",,,
176,realistic_medium,2,numeric,timeseries,12,256,250,8,Inf,1e+06,1,multisession,1,1000,25,FALSE,FALSE,2,default,FALSE,"",,,
177,realistic_medium,1,numeric,timeseries,12,256,250,8,Inf,1e+06,4,multisession,1,1000,25,FALSE,FALSE,2,default,FALSE,"",,,
178,realistic_medium,2,numeric,timeseries,12,256,250,8,Inf,1e+06,4,multisession,1,1000,25,FALSE,FALSE,2,default,FALSE,"",,,
179,realistic_medium,1,numeric,timeseries,12,256,250,8,Inf,1e+06,16,multisession,1,1000,25,FALSE,FALSE,2,default,FALSE,"",,,
180,realistic_medium,2,numeric,timeseries,12,256,250,8,Inf,1e+06,16,multisession,1,1000,25,FALSE,FALSE,2,default,FALSE,"",,,
181,realistic_medium,1,numeric,timeseries,12,256,250,32,Inf,1e+06,1,multisession,1,1000,25,FALSE,FALSE,2,default,FALSE,"",,,
182,realistic_medium,2,numeric,timeseries,12,256,250,32,Inf,1e+06,1,multisession,1,1000,25,FALSE,FALSE,2,default,FALSE,"",,,
183,realistic_medium,1,numeric,timeseries,12,256,250,32,Inf,1e+06,4,multisession,1,1000,25,FALSE,FALSE,2,default,FALSE,"",,,
184,realistic_medium,2,numeric,timeseries,12,256,250,32,Inf,1e+06,4,multisession,1,1000,25,FALSE,FALSE,2,default,FALSE,"",,,
185,realistic_medium,1,numeric,timeseries,12,256,250,32,Inf,1e+06,16,multisession,1,1000,25,FALSE,FALSE,2,default,FALSE,"",,,
186,realistic_medium,2,numeric,timeseries,12,256,250,32,Inf,1e+06,16,multisession,1,1000,25,FALSE,FALSE,2,default,FALSE,"",,,
187,realistic_medium_low_batch,1,numeric,timeseries,12,256,250,1,Inf,1e+06,1,multisession,1,1000,25,FALSE,FALSE,2,default,FALSE,"",,,
188,realistic_medium_low_batch,2,numeric,timeseries,12,256,250,1,Inf,1e+06,1,multisession,1,1000,25,FALSE,FALSE,2,default,FALSE,"",,,
189,realistic_heavy_sequential,1,numeric,timeseries,12,256,250,2,Inf,1e+06,1,multisession,1,2500,50,FALSE,FALSE,2,default,FALSE,"",,,
190,realistic_heavy_sequential,2,numeric,timeseries,12,256,250,2,Inf,1e+06,1,multisession,1,2500,50,FALSE,FALSE,2,default,FALSE,"",,,
191,realistic_heavy_sequential,1,numeric,timeseries,12,256,250,8,Inf,1e+06,1,multisession,1,2500,50,FALSE,FALSE,2,default,FALSE,"",,,
192,realistic_heavy_sequential,2,numeric,timeseries,12,256,250,8,Inf,1e+06,1,multisession,1,2500,50,FALSE,FALSE,2,default,FALSE,"",,,
193,realistic_heavy_sequential,1,numeric,timeseries,12,256,250,32,Inf,1e+06,1,multisession,1,2500,50,FALSE,FALSE,2,default,FALSE,"",,,
194,realistic_heavy_sequential,2,numeric,timeseries,12,256,250,32,Inf,1e+06,1,multisession,1,2500,50,FALSE,FALSE,2,default,FALSE,"",,,
195,realistic_heavy_parallel,1,numeric,timeseries,12,256,250,8,Inf,1e+06,4,multisession,1,2500,50,FALSE,FALSE,2,default,FALSE,"",,,
196,realistic_heavy_parallel,2,numeric,timeseries,12,256,250,8,Inf,1e+06,4,multisession,1,2500,50,FALSE,FALSE,2,default,FALSE,"",,,
197,realistic_heavy_parallel,1,numeric,timeseries,12,256,250,32,Inf,1e+06,4,multisession,1,2500,50,FALSE,FALSE,2,default,FALSE,"",,,
198,realistic_heavy_parallel,2,numeric,timeseries,12,256,250,32,Inf,1e+06,4,multisession,1,2500,50,FALSE,FALSE,2,default,FALSE,"",,,
199,realistic_heavy_safe_frontier,1,numeric,timeseries,12,256,250,8,Inf,1e+06,8,multisession,1,2500,50,FALSE,FALSE,2,default,FALSE,"",,,
200,realistic_heavy_safe_frontier,2,numeric,timeseries,12,256,250,8,Inf,1e+06,8,multisession,1,2500,50,FALSE,FALSE,2,default,FALSE,"",,,
201,realistic_heavy_safe_frontier,1,numeric,timeseries,12,256,250,8,Inf,1e+06,16,multisession,1,2500,50,FALSE,FALSE,2,default,FALSE,"",,,
202,realistic_heavy_safe_frontier,2,numeric,timeseries,12,256,250,8,Inf,1e+06,16,multisession,1,2500,50,FALSE,FALSE,2,default,FALSE,"",,,
