rn,skillscoremean_X1,skillscoremean_X2,skillscoremean_X3,skillscoremean_X4,skillscoremean_X5,skillscoremean_X6,skillscoremean_X7,skillscoremean_X8,skillscoremean_X9,skillscoremean_X10,skillscoremean_total,absrelmean_X1,absrelmean_X2,absrelmean_X3,absrelmean_X4,absrelmean_X5,absrelmean_X6,absrelmean_X7,absrelmean_X8,absrelmean_X9,absrelmean_X10,absrelmean_total,absmean_X1,absmean_X2,absmean_X3,absmean_X4,absmean_X5,absmean_X6,absmean_X7,absmean_X8,absmean_X9,absmean_X10,absmean_total,abssd_X1,abssd_X2,abssd_X3,abssd_X4,abssd_X5,abssd_X6,abssd_X7,abssd_X8,abssd_X9,abssd_X10,abssd_total,h_X_1,h_X_2,h_X_3,h_X_4,h_X_5,h_X_6,h_X_7,h_X_8,h_X_9,h_X_10,h_X_1_2,h_X_1_3,h_X_1_4,h_X_1_5,h_X_1_6,h_X_1_7,h_X_1_8,h_X_1_9,h_X_1_10,h_X_2_3,h_X_2_4,h_X_2_5,h_X_2_6,h_X_2_7,h_X_2_8,h_X_2_9,h_X_2_10,h_X_3_4,h_X_3_5,h_X_3_6,h_X_3_7,h_X_3_8,h_X_3_9,h_X_3_10,h_X_4_5,h_X_4_6,h_X_4_7,h_X_4_8,h_X_4_9,h_X_4_10,h_X_5_6,h_X_5_7,h_X_5_8,h_X_5_9,h_X_5_10,h_X_6_7,h_X_6_8,h_X_6_9,h_X_6_10,h_X_7_8,h_X_7_9,h_X_7_10,h_X_8_9,h_X_8_10,h_X_9_10,h_X_1_2_3,h_X_1_2_4,h_X_1_2_5,h_X_1_2_6,h_X_1_2_7,h_X_1_2_8,h_X_1_2_9,h_X_1_2_10,h_X_1_3_4,h_X_1_3_5,h_X_1_3_6,h_X_1_3_7,h_X_1_3_8,h_X_1_3_9,h_X_1_3_10,h_X_1_4_5,h_X_1_4_6,h_X_1_4_7,h_X_1_4_8,h_X_1_4_9,h_X_1_4_10,h_X_1_5_6,h_X_1_5_7,h_X_1_5_8,h_X_1_5_9,h_X_1_5_10,h_X_1_6_7,h_X_1_6_8,h_X_1_6_9,h_X_1_6_10,h_X_1_7_8,h_X_1_7_9,h_X_1_7_10,h_X_1_8_9,h_X_1_8_10,h_X_1_9_10,h_X_2_3_4,h_X_2_3_5,h_X_2_3_6,h_X_2_3_7,h_X_2_3_8,h_X_2_3_9,h_X_2_3_10,h_X_2_4_5,h_X_2_4_6,h_X_2_4_7,h_X_2_4_8,h_X_2_4_9,h_X_2_4_10,h_X_2_5_6,h_X_2_5_7,h_X_2_5_8,h_X_2_5_9,h_X_2_5_10,h_X_2_6_7,h_X_2_6_8,h_X_2_6_9,h_X_2_6_10,h_X_2_7_8,h_X_2_7_9,h_X_2_7_10,h_X_2_8_9,h_X_2_8_10,h_X_2_9_10,h_X_3_4_5,h_X_3_4_6,h_X_3_4_7,h_X_3_4_8,h_X_3_4_9,h_X_3_4_10,h_X_3_5_6,h_X_3_5_7,h_X_3_5_8,h_X_3_5_9,h_X_3_5_10,h_X_3_6_7,h_X_3_6_8,h_X_3_6_9,h_X_3_6_10,h_X_3_7_8,h_X_3_7_9,h_X_3_7_10,h_X_3_8_9,h_X_3_8_10,h_X_3_9_10,h_X_4_5_6,h_X_4_5_7,h_X_4_5_8,h_X_4_5_9,h_X_4_5_10,h_X_4_6_7,h_X_4_6_8,h_X_4_6_9,h_X_4_6_10,h_X_4_7_8,h_X_4_7_9,h_X_4_7_10,h_X_4_8_9,h_X_4_8_10,h_X_4_9_10,h_X_5_6_7,h_X_5_6_8,h_X_5_6_9,h_X_5_6_10,h_X_5_7_8,h_X_5_7_9,h_X_5_7_10,h_X_5_8_9,h_X_5_8_10,h_X_5_9_10,h_X_6_7_8,h_X_6_7_9,h_X_6_7_10,h_X_6_8_9,h_X_6_8_10,h_X_6_9_10,h_X_7_8_9,h_X_7_8_10,h_X_7_9_10,h_X_8_9_10,comp_time,true_model,fitted_model,variables,notes,X_dim,X_GenHyp,beta.scale,rho,lambda,omega,sd_noise,nTrain,nTest,w_threshold,n_threshold,this.seed,run_indicator,run_date_time
empirical_sigma.01,0.812529314280497,0.716618321042513,0.7363735178038,0.744752056219557,0.726241095572859,0.725774470356726,0.713818858948725,0.713085021833764,0.70664811332637,0.681032774136746,0.727687354352156,0.409440649022007,0.690658725778557,1.73801611224469,0.61007990872126,0.49118995200973,0.67247115779134,0.69471515931276,0.294863213340654,1.9965496621164,0.648095909314749,0.824608044965215,0.297835892322016,0.541803118231915,0.25948007440014,0.306155262902938,0.536374126685466,0.287262575327469,0.316990832373621,0.348830774103061,0.243091581774441,0.265331972433434,0.34031562105545,0.309442759047662,0.521483503157879,0.376639726304976,0.264848141059733,0.647783398018213,0.414427949502232,0.292906474044846,0.403404186316208,0.344800451523709,0.397390102396284,0.422881015478078,0.1,0.1,0.1,0.1,0.1,0.1,0.1,0.1,0.1,0.1,0.1,0.1,0.1,0.1,0.1,0.1,0.1,0.1,0.1,0.1,0.1,0.1,0.1,0.1,0.1,0.1,0.1,0.1,0.1,0.1,0.1,0.1,0.1,0.1,0.1,0.1,0.1,0.1,0.1,0.1,0.1,0.1,0.1,0.1,0.1,0.1,0.1,0.1,0.1,0.1,0.1,0.1,0.1,0.1,0.1,0.1,0.1,0.1,0.1,0.1,0.1,0.1,0.1,0.1,0.1,0.1,0.1,0.1,0.1,0.1,0.1,0.1,0.1,0.1,0.1,0.1,0.1,0.1,0.1,0.1,0.1,0.1,0.1,0.1,0.1,0.1,0.1,0.1,0.1,0.1,0.1,0.1,0.1,0.1,0.1,0.1,0.1,0.1,0.1,0.1,0.1,0.1,0.1,0.1,0.1,0.1,0.1,0.1,0.1,0.1,0.1,0.1,0.1,0.1,0.1,0.1,0.1,0.1,0.1,0.1,0.1,0.1,0.1,0.1,0.1,0.1,0.1,0.1,0.1,0.1,0.1,0.1,0.1,0.1,0.1,0.1,0.1,0.1,0.1,0.1,0.1,0.1,0.1,0.1,0.1,0.1,0.1,0.1,0.1,0.1,0.1,0.1,0.1,0.1,0.1,0.1,0.1,0.1,0.1,0.1,0.1,0.1,0.1,0.1,0.1,0.1,0.1,0.1,0.1,0.1,0.1,0.1,0.1,0.1,0.1,172.015,PiecewiseConstant,XGBoost,GenHyp,"",10,TRUE,1,0,1,0.5,0.1,2000,100,1,1000,1238,wRVP8,2019-02-20T14:06:36.810541Z
comb_sigma.01,0.875844147192826,0.803324161278534,0.755605404276539,0.870211140689674,0.798461384677669,0.732374068854666,0.731448546353992,0.809108124744485,0.756275890471375,0.767333235300997,0.789998610384076,0.230763497685869,0.488668778484638,1.1904253644162,0.263549983794278,0.286930132620632,0.855042640950575,0.639175327083739,0.206093435663667,2.00258286265193,0.567468033564876,0.673070005691641,0.197247207294866,0.376028482476997,0.240550673638772,0.15567428969459,0.394873361336393,0.280349223156679,0.297463167956066,0.232086038313361,0.201966586864998,0.193543181216236,0.256978221194896,0.258630765171591,0.27706057892931,0.252323294415913,0.170803732160411,0.431648242584997,0.335806145063941,0.318496563681615,0.298589194668801,0.243617348369544,0.270664768914772,0.30137144785547,0.1,0.1,0.1,0.1,0.1,0.1,0.1,0.1,0.1,0.1,0.1,0.1,0.1,0.1,0.1,0.1,0.1,0.1,0.1,0.1,0.1,0.1,0.1,0.1,0.1,0.1,0.1,0.1,0.1,0.1,0.1,0.1,0.1,0.1,0.1,0.1,0.1,0.1,0.1,0.1,0.1,0.1,0.1,0.1,0.1,0.1,0.1,0.1,0.1,0.1,0.1,0.1,0.1,0.1,0.1,0.1,0.1,0.1,0.1,0.1,0.1,0.1,0.1,0.1,0.1,0.1,0.1,0.1,0.1,0.1,0.1,0.1,0.1,0.1,0.1,0.1,0.1,0.1,0.1,0.1,0.1,0.1,0.1,0.1,0.1,0.1,0.1,0.1,0.1,0.1,0.1,0.1,0.1,0.1,0.1,0.1,0.1,0.1,0.1,0.1,0.1,0.1,0.1,0.1,0.1,0.1,0.1,0.1,0.1,0.1,0.1,0.1,0.1,0.1,0.1,0.1,0.1,0.1,0.1,0.1,0.1,0.1,0.1,0.1,0.1,0.1,0.1,0.1,0.1,0.1,0.1,0.1,0.1,0.1,0.1,0.1,0.1,0.1,0.1,0.1,0.1,0.1,0.1,0.1,0.1,0.1,0.1,0.1,0.1,0.1,0.1,0.1,0.1,0.1,0.1,0.1,0.1,0.1,0.1,0.1,0.1,0.1,0.1,0.1,0.1,0.1,0.1,0.1,0.1,0.1,0.1,0.1,0.1,0.1,0.1,1325.677,PiecewiseConstant,XGBoost,GenHyp,"",10,TRUE,1,0,1,0.5,0.1,2000,100,1,1000,1238,wRVP8,2019-02-20T14:06:36.810541Z
comb_Gauss_sigma.01,0.878456172513102,0.847634568747842,0.808268428684614,0.900224692754362,0.840429668137357,0.762445291745695,0.757288546490973,0.815871698819863,0.795671717066602,0.78330756909038,0.818959835405079,0.170547033514455,0.601226970645946,1.04741101693389,0.218587432240104,0.246987172154431,0.97621536854853,0.566808787251754,0.156056339746744,1.70756306574406,0.482870825504487,0.61742740122844,0.193097465755028,0.291310525320002,0.188715951354029,0.119674756115901,0.312645163366784,0.248848374413089,0.268841284900227,0.223862895710291,0.16932049104152,0.180254977448041,0.219657188542491,0.196799615446927,0.302980964006339,0.230678781669463,0.159419468120584,0.336525264867688,0.308013724379554,0.281016112074277,0.287201440216969,0.180524764554481,0.257615527372147,0.265410852233009,0.1,0.1,0.1,0.1,0.1,0.1,0.1,0.1,0.1,0.1,0.1,0.1,0.1,0.1,0.1,0.1,0.1,0.1,0.1,0.1,0.1,0.1,0.1,0.1,0.1,0.1,0.1,0.1,0.1,0.1,0.1,0.1,0.1,0.1,0.1,0.1,0.1,0.1,0.1,0.1,0.1,0.1,0.1,0.1,0.1,0.1,0.1,0.1,0.1,0.1,0.1,0.1,0.1,0.1,0.1,0.1,0.1,0.1,0.1,0.1,0.1,0.1,0.1,0.1,0.1,0.1,0.1,0.1,0.1,0.1,0.1,0.1,0.1,0.1,0.1,0.1,0.1,0.1,0.1,0.1,0.1,0.1,0.1,0.1,0.1,0.1,0.1,0.1,0.1,0.1,0.1,0.1,0.1,0.1,0.1,0.1,0.1,0.1,0.1,0.1,0.1,0.1,0.1,0.1,0.1,0.1,0.1,0.1,0.1,0.1,0.1,0.1,0.1,0.1,0.1,0.1,0.1,0.1,0.1,0.1,0.1,0.1,0.1,0.1,0.1,0.1,0.1,0.1,0.1,0.1,0.1,0.1,0.1,0.1,0.1,0.1,0.1,0.1,0.1,0.1,0.1,0.1,0.1,0.1,0.1,0.1,0.1,0.1,0.1,0.1,0.1,0.1,0.1,0.1,0.1,0.1,0.1,0.1,0.1,0.1,0.1,0.1,0.1,0.1,0.1,0.1,0.1,0.1,0.1,0.1,0.1,0.1,0.1,0.1,0.1,208.878,PiecewiseConstant,XGBoost,GenHyp,"",10,TRUE,1,0,1,0.5,0.1,2000,100,1,1000,1238,wRVP8,2019-02-20T14:06:36.810541Z
empirical_independence,0,0,0,0,0,0,0,0,0,0,0,0.950938658656861,3.80259848832652,2.3534855131212,1.02172907757466,1.73120566286621,5.54898481142689,1.02025745749447,1.40628886890041,7.15769109100651,1.10188740674283,2.60950670361165,1.58870647524938,1.91192006563415,0.984271656771663,1.19944262182297,1.95929380930226,1.04754132739265,1.10765800712503,1.21579840945408,0.828668888176929,0.831847133244922,1.2675148394174,1.51366036831928,2.29556246637938,1.05308281487016,0.954126830443452,1.85605657951151,1.0541695213581,1.07341424944788,1.08476274251783,0.723722828075457,0.85881232644521,1.38236358067259,Inf,Inf,Inf,Inf,Inf,Inf,Inf,Inf,Inf,Inf,Inf,Inf,Inf,Inf,Inf,Inf,Inf,Inf,Inf,Inf,Inf,Inf,Inf,Inf,Inf,Inf,Inf,Inf,Inf,Inf,Inf,Inf,Inf,Inf,Inf,Inf,Inf,Inf,Inf,Inf,Inf,Inf,Inf,Inf,Inf,Inf,Inf,Inf,Inf,Inf,Inf,Inf,Inf,Inf,Inf,Inf,Inf,Inf,Inf,Inf,Inf,Inf,Inf,Inf,Inf,Inf,Inf,Inf,Inf,Inf,Inf,Inf,Inf,Inf,Inf,Inf,Inf,Inf,Inf,Inf,Inf,Inf,Inf,Inf,Inf,Inf,Inf,Inf,Inf,Inf,Inf,Inf,Inf,Inf,Inf,Inf,Inf,Inf,Inf,Inf,Inf,Inf,Inf,Inf,Inf,Inf,Inf,Inf,Inf,Inf,Inf,Inf,Inf,Inf,Inf,Inf,Inf,Inf,Inf,Inf,Inf,Inf,Inf,Inf,Inf,Inf,Inf,Inf,Inf,Inf,Inf,Inf,Inf,Inf,Inf,Inf,Inf,Inf,Inf,Inf,Inf,Inf,Inf,Inf,Inf,Inf,Inf,Inf,Inf,Inf,Inf,Inf,Inf,Inf,Inf,Inf,Inf,Inf,Inf,Inf,Inf,Inf,Inf,Inf,Inf,Inf,Inf,Inf,Inf,Inf,Inf,Inf,Inf,Inf,Inf,170.307,PiecewiseConstant,XGBoost,GenHyp,"",10,TRUE,1,0,1,0.5,0.1,2000,100,1,1000,1238,wRVP8,2019-02-20T14:06:36.810541Z
Gaussian,0.817424255249402,0.792080477616832,0.669539355882752,0.822469475025431,0.803581056899139,0.453100520963033,0.710394792105237,0.658829650450236,0.425727259654563,0.383466335902282,0.653661317974891,0.315775545562083,0.686713462885305,1.52659486424794,0.45070186872165,0.33470660998589,2.30752673800842,1.15615343095454,0.306433968039316,2.78031605421781,1.50220311652613,1.13671256591491,0.290059267908753,0.397525506881448,0.325263045683115,0.212937678329106,0.38484241924721,0.572899806220736,0.320783527429742,0.414794368335495,0.475881953252371,0.512861761028674,0.390784933431665,0.45544062635706,0.304442363607104,0.515534781891869,0.218647934488691,0.307527971472972,0.588004023100391,0.332077355269941,0.446607971007016,0.290672364019544,0.573674579787001,0.432246963099492,,,,,,,,,,,,,,,,,,,,,,,,,,,,,,,,,,,,,,,,,,,,,,,,,,,,,,,,,,,,,,,,,,,,,,,,,,,,,,,,,,,,,,,,,,,,,,,,,,,,,,,,,,,,,,,,,,,,,,,,,,,,,,,,,,,,,,,,,,,,,,,,,,,,,,,,,,,,,,,,,,,,,,,,,,,,,,,,208.522,PiecewiseConstant,XGBoost,GenHyp,"",10,TRUE,1,0,1,0.5,0.1,2000,100,1,1000,1238,wRVP8,2019-02-20T14:06:36.810541Z
copula,0.716620983111197,0.648718297691177,0.43636874302581,0.65308384281652,0.693888083194699,0.312196076414481,0.525399292520089,0.567787229447482,0.294014329883104,0.311630037762571,0.515970691586713,0.584224585968093,0.834281650972084,3.34429015462926,0.914357605490207,0.486777576007953,2.90996164834025,1.591269885136,0.536117003190049,2.86811085161252,1.63561135831574,1.57050023196622,0.450206079081044,0.671622535334362,0.554766271110281,0.416106025124904,0.599763183550276,0.720503035098651,0.525695273827326,0.525483598983491,0.585028360324612,0.57261857969912,0.562179294213407,0.522536693691902,0.503131335879029,0.677700390591833,0.327371552295276,0.47248006667877,0.718714090966669,0.528439849618107,0.510110991814356,0.391393678890109,0.664709228564779,0.549177111471858,,,,,,,,,,,,,,,,,,,,,,,,,,,,,,,,,,,,,,,,,,,,,,,,,,,,,,,,,,,,,,,,,,,,,,,,,,,,,,,,,,,,,,,,,,,,,,,,,,,,,,,,,,,,,,,,,,,,,,,,,,,,,,,,,,,,,,,,,,,,,,,,,,,,,,,,,,,,,,,,,,,,,,,,,,,,,,,,1722.252,PiecewiseConstant,XGBoost,GenHyp,"",10,TRUE,1,0,1,0.5,0.1,2000,100,1,1000,1238,wRVP8,2019-02-20T14:06:36.810541Z
treeSHAP,0.0535812200323106,-0.0663989576452737,-0.00354606088013873,-0.00500941293317262,-0.0729230991237007,0.0190305437362864,-0.00129502935489241,0.355906811979962,-0.00202944072778482,0.00683738948719333,0.028415396457079,0.882882830787983,4.13065840549622,2.45645020057305,1.03297917267083,1.76082442066738,5.29893081008806,0.998572265548887,0.726891522895669,7.16241661433782,1.10215555329964,2.55527617963655,1.50358164403228,2.03886956509334,0.98776194398917,1.20545112520533,2.10217158597046,1.02760604634614,1.10909245675943,0.783087473534968,0.830350622568443,0.826159470401121,1.24141319339007,1.44723105161487,2.44466022990269,1.06135359106587,1.0055904696969,1.98345333039187,1.00753492705531,1.08534424588593,0.72993504910233,0.736397684457439,0.854498000146316,1.41794073823335,,,,,,,,,,,,,,,,,,,,,,,,,,,,,,,,,,,,,,,,,,,,,,,,,,,,,,,,,,,,,,,,,,,,,,,,,,,,,,,,,,,,,,,,,,,,,,,,,,,,,,,,,,,,,,,,,,,,,,,,,,,,,,,,,,,,,,,,,,,,,,,,,,,,,,,,,,,,,,,,,,,,,,,,,,,,,,,,0.0169999999998254,PiecewiseConstant,XGBoost,GenHyp,"",10,TRUE,1,0,1,0.5,0.1,2000,100,1,1000,1238,wRVP8,2019-02-20T14:06:36.810541Z
empirical_sigma.01,0.789872777964743,0.714255474617634,0.778329849445685,0.764432131993773,0.764010951428098,0.757406964877936,0.786411882023638,0.70411715073362,0.745810916446708,0.688632544671092,0.749328064420293,1.0017120867756,0.392004712513083,0.474457987903096,1.10143273359695,0.332663230401811,0.713509224555529,0.541081870466342,0.750456539443667,0.474259649849787,0.805428794177182,0.658700682968305,0.289201973273203,0.48848157789497,0.191970823715491,0.292934763319896,0.475005072945825,0.199742455628213,0.209593698477101,0.285501902896728,0.185131200552659,0.264792398802875,0.288235586750696,0.457285652382428,0.435291901591233,0.237226730999731,0.232654343261692,0.813494257129279,0.230576794569359,0.24488592613095,0.432203551673659,0.204375337535149,0.485217407118741,0.429155405769438,0.1,0.1,0.1,0.1,0.1,0.1,0.1,0.1,0.1,0.1,0.1,0.1,0.1,0.1,0.1,0.1,0.1,0.1,0.1,0.1,0.1,0.1,0.1,0.1,0.1,0.1,0.1,0.1,0.1,0.1,0.1,0.1,0.1,0.1,0.1,0.1,0.1,0.1,0.1,0.1,0.1,0.1,0.1,0.1,0.1,0.1,0.1,0.1,0.1,0.1,0.1,0.1,0.1,0.1,0.1,0.1,0.1,0.1,0.1,0.1,0.1,0.1,0.1,0.1,0.1,0.1,0.1,0.1,0.1,0.1,0.1,0.1,0.1,0.1,0.1,0.1,0.1,0.1,0.1,0.1,0.1,0.1,0.1,0.1,0.1,0.1,0.1,0.1,0.1,0.1,0.1,0.1,0.1,0.1,0.1,0.1,0.1,0.1,0.1,0.1,0.1,0.1,0.1,0.1,0.1,0.1,0.1,0.1,0.1,0.1,0.1,0.1,0.1,0.1,0.1,0.1,0.1,0.1,0.1,0.1,0.1,0.1,0.1,0.1,0.1,0.1,0.1,0.1,0.1,0.1,0.1,0.1,0.1,0.1,0.1,0.1,0.1,0.1,0.1,0.1,0.1,0.1,0.1,0.1,0.1,0.1,0.1,0.1,0.1,0.1,0.1,0.1,0.1,0.1,0.1,0.1,0.1,0.1,0.1,0.1,0.1,0.1,0.1,0.1,0.1,0.1,0.1,0.1,0.1,0.1,0.1,0.1,0.1,0.1,0.1,171.268,PiecewiseConstant,XGBoost,GenHyp,"",10,TRUE,1,0,1,0.5,0.1,2000,100,1,1000,1235,sUodp,2019-02-20T14:06:33.137091Z
comb_sigma.01,0.865708411550167,0.783161958874459,0.715045014523287,0.85615309325045,0.813415872762599,0.763233577055029,0.786172828201728,0.748266881004416,0.761796862166769,0.758785750541147,0.785174024993005,0.298515809506638,0.294187883833632,1.3061537920389,0.432704886348961,0.239218695728574,1.09336412698673,0.541959734448485,0.76079873455605,0.495879995823445,0.495784507337176,0.595856816660859,0.184827991335497,0.370685626732204,0.246776767855339,0.178877365319894,0.375561525016831,0.194945030905528,0.209828281632493,0.242901150484271,0.173488303533818,0.205132870011013,0.238302491282689,0.230968832506522,0.436800550505559,0.29969708701029,0.186719436643938,0.358259902834422,0.192624728546704,0.236285386942033,0.276007381530746,0.173443487873704,0.340990818202287,0.292611887896841,0.1,0.1,0.1,0.1,0.1,0.1,0.1,0.1,0.1,0.1,0.1,0.1,0.1,0.1,0.1,0.1,0.1,0.1,0.1,0.1,0.1,0.1,0.1,0.1,0.1,0.1,0.1,0.1,0.1,0.1,0.1,0.1,0.1,0.1,0.1,0.1,0.1,0.1,0.1,0.1,0.1,0.1,0.1,0.1,0.1,0.1,0.1,0.1,0.1,0.1,0.1,0.1,0.1,0.1,0.1,0.1,0.1,0.1,0.1,0.1,0.1,0.1,0.1,0.1,0.1,0.1,0.1,0.1,0.1,0.1,0.1,0.1,0.1,0.1,0.1,0.1,0.1,0.1,0.1,0.1,0.1,0.1,0.1,0.1,0.1,0.1,0.1,0.1,0.1,0.1,0.1,0.1,0.1,0.1,0.1,0.1,0.1,0.1,0.1,0.1,0.1,0.1,0.1,0.1,0.1,0.1,0.1,0.1,0.1,0.1,0.1,0.1,0.1,0.1,0.1,0.1,0.1,0.1,0.1,0.1,0.1,0.1,0.1,0.1,0.1,0.1,0.1,0.1,0.1,0.1,0.1,0.1,0.1,0.1,0.1,0.1,0.1,0.1,0.1,0.1,0.1,0.1,0.1,0.1,0.1,0.1,0.1,0.1,0.1,0.1,0.1,0.1,0.1,0.1,0.1,0.1,0.1,0.1,0.1,0.1,0.1,0.1,0.1,0.1,0.1,0.1,0.1,0.1,0.1,0.1,0.1,0.1,0.1,0.1,0.1,1336.801,PiecewiseConstant,XGBoost,GenHyp,"",10,TRUE,1,0,1,0.5,0.1,2000,100,1,1000,1235,sUodp,2019-02-20T14:06:33.137091Z
comb_Gauss_sigma.01,0.890907655432133,0.838660403559315,0.795289379082425,0.894921800567137,0.87169415118165,0.783070504382182,0.825988884596065,0.784236529302881,0.785393784697526,0.784972118177501,0.825513521097881,0.269596876543719,0.210279710055954,0.881301680707673,0.244755114420711,0.237524757942343,1.02526546845596,0.461684262819126,0.637401910110974,0.40584933913496,0.402661870011753,0.477632099020317,0.150145806966094,0.27581078076937,0.177283528804331,0.130667470659168,0.258257446462677,0.178612012216635,0.170756845461191,0.208193484726691,0.156302173679617,0.182863519172661,0.188889306891844,0.161548868084571,0.295527017270537,0.207640919731096,0.139640079221483,0.190051997420509,0.184073390026409,0.175814139008605,0.212737613645271,0.147847290119565,0.35202350323619,0.219795274758344,0.1,0.1,0.1,0.1,0.1,0.1,0.1,0.1,0.1,0.1,0.1,0.1,0.1,0.1,0.1,0.1,0.1,0.1,0.1,0.1,0.1,0.1,0.1,0.1,0.1,0.1,0.1,0.1,0.1,0.1,0.1,0.1,0.1,0.1,0.1,0.1,0.1,0.1,0.1,0.1,0.1,0.1,0.1,0.1,0.1,0.1,0.1,0.1,0.1,0.1,0.1,0.1,0.1,0.1,0.1,0.1,0.1,0.1,0.1,0.1,0.1,0.1,0.1,0.1,0.1,0.1,0.1,0.1,0.1,0.1,0.1,0.1,0.1,0.1,0.1,0.1,0.1,0.1,0.1,0.1,0.1,0.1,0.1,0.1,0.1,0.1,0.1,0.1,0.1,0.1,0.1,0.1,0.1,0.1,0.1,0.1,0.1,0.1,0.1,0.1,0.1,0.1,0.1,0.1,0.1,0.1,0.1,0.1,0.1,0.1,0.1,0.1,0.1,0.1,0.1,0.1,0.1,0.1,0.1,0.1,0.1,0.1,0.1,0.1,0.1,0.1,0.1,0.1,0.1,0.1,0.1,0.1,0.1,0.1,0.1,0.1,0.1,0.1,0.1,0.1,0.1,0.1,0.1,0.1,0.1,0.1,0.1,0.1,0.1,0.1,0.1,0.1,0.1,0.1,0.1,0.1,0.1,0.1,0.1,0.1,0.1,0.1,0.1,0.1,0.1,0.1,0.1,0.1,0.1,0.1,0.1,0.1,0.1,0.1,0.1,208.249,PiecewiseConstant,XGBoost,GenHyp,"",10,TRUE,1,0,1,0.5,0.1,2000,100,1,1000,1235,sUodp,2019-02-20T14:06:33.137091Z
empirical_independence,0,0,0,0,0,0,0,0,0,0,0,1.0761734296776,1.49576578758732,3.98363452699255,1.05638444175423,2.11946917747839,2.36285188213449,1.00719477905546,1.36568498776043,2.0983361589304,0.972649063075816,1.75381442344467,1.37631845351612,1.70950459065248,0.866020180143525,1.24352597745696,2.01282676387035,0.823364345673443,0.98129849386236,0.964915349452018,0.72832081521646,0.850417711520832,1.15565126813646,1.21191875361266,1.15958850460827,0.607420432856128,1.11372931235626,1.27285074930438,0.761539780388275,0.952623032132738,0.988524067189834,0.58711457822433,0.843270659429513,1.05420941011402,Inf,Inf,Inf,Inf,Inf,Inf,Inf,Inf,Inf,Inf,Inf,Inf,Inf,Inf,Inf,Inf,Inf,Inf,Inf,Inf,Inf,Inf,Inf,Inf,Inf,Inf,Inf,Inf,Inf,Inf,Inf,Inf,Inf,Inf,Inf,Inf,Inf,Inf,Inf,Inf,Inf,Inf,Inf,Inf,Inf,Inf,Inf,Inf,Inf,Inf,Inf,Inf,Inf,Inf,Inf,Inf,Inf,Inf,Inf,Inf,Inf,Inf,Inf,Inf,Inf,Inf,Inf,Inf,Inf,Inf,Inf,Inf,Inf,Inf,Inf,Inf,Inf,Inf,Inf,Inf,Inf,Inf,Inf,Inf,Inf,Inf,Inf,Inf,Inf,Inf,Inf,Inf,Inf,Inf,Inf,Inf,Inf,Inf,Inf,Inf,Inf,Inf,Inf,Inf,Inf,Inf,Inf,Inf,Inf,Inf,Inf,Inf,Inf,Inf,Inf,Inf,Inf,Inf,Inf,Inf,Inf,Inf,Inf,Inf,Inf,Inf,Inf,Inf,Inf,Inf,Inf,Inf,Inf,Inf,Inf,Inf,Inf,Inf,Inf,Inf,Inf,Inf,Inf,Inf,Inf,Inf,Inf,Inf,Inf,Inf,Inf,Inf,Inf,Inf,Inf,Inf,Inf,Inf,Inf,Inf,Inf,Inf,Inf,Inf,Inf,Inf,Inf,Inf,Inf,Inf,Inf,Inf,Inf,Inf,Inf,169.738,PiecewiseConstant,XGBoost,GenHyp,"",10,TRUE,1,0,1,0.5,0.1,2000,100,1,1000,1235,sUodp,2019-02-20T14:06:33.137091Z
Gaussian,0.851547667352078,0.760876331279597,0.637733407092828,0.848051547387143,0.792442326436522,0.375093590781213,0.674160492814506,0.565571683719409,0.343241866636456,0.433002991777636,0.628172190527739,0.490592439857489,0.3206419419601,2.34254275932628,0.476711656786518,0.395329543487572,2.86266448640878,1.01089907833615,1.46113369447801,1.46263807172069,1.62272855614862,1.24458822285102,0.204317684890848,0.408783009411191,0.31373018004945,0.188951848058476,0.417777640395235,0.514525656733568,0.319745817641979,0.419186550615738,0.478330619091377,0.482184298171621,0.374753330505948,0.19538291496154,0.36841558223587,0.37294865929323,0.183425148081741,0.31449440975733,0.463419196789886,0.263649145078746,0.407376060349461,0.378661753242824,0.486770245467761,0.371729820070763,,,,,,,,,,,,,,,,,,,,,,,,,,,,,,,,,,,,,,,,,,,,,,,,,,,,,,,,,,,,,,,,,,,,,,,,,,,,,,,,,,,,,,,,,,,,,,,,,,,,,,,,,,,,,,,,,,,,,,,,,,,,,,,,,,,,,,,,,,,,,,,,,,,,,,,,,,,,,,,,,,,,,,,,,,,,,,,,208.146,PiecewiseConstant,XGBoost,GenHyp,"",10,TRUE,1,0,1,0.5,0.1,2000,100,1,1000,1235,sUodp,2019-02-20T14:06:33.137091Z
copula,0.69017904188468,0.667453094610652,0.409920827191279,0.649935342561644,0.696144149222538,0.281853510697912,0.498656890136115,0.415538595121546,0.262857867541717,0.324511132631165,0.489705045159925,1.07096899534051,0.46114023438789,3.77119063602452,1.4797647882974,0.423207450833996,2.95181373048371,1.42195651190043,1.84424025545466,1.66827094764034,1.71853205062927,1.68110856009927,0.42641230194016,0.568490461370367,0.511020471534751,0.435314495314169,0.611609188803472,0.591296214261894,0.491967238617703,0.563955780729511,0.536875958842416,0.574447696745603,0.531138980816005,0.424103039940096,0.610517178580586,0.480718883567612,0.40582008223376,0.555145937556984,0.535480734681617,0.506130758064091,0.624082961455719,0.433659798880658,0.619262432419176,0.526519508472731,,,,,,,,,,,,,,,,,,,,,,,,,,,,,,,,,,,,,,,,,,,,,,,,,,,,,,,,,,,,,,,,,,,,,,,,,,,,,,,,,,,,,,,,,,,,,,,,,,,,,,,,,,,,,,,,,,,,,,,,,,,,,,,,,,,,,,,,,,,,,,,,,,,,,,,,,,,,,,,,,,,,,,,,,,,,,,,,1739.377,PiecewiseConstant,XGBoost,GenHyp,"",10,TRUE,1,0,1,0.5,0.1,2000,100,1,1000,1235,sUodp,2019-02-20T14:06:33.137091Z
treeSHAP,-0.0123737007439905,0.12570899246229,0.00619993071196944,-0.00812065050246932,-0.266087793290774,-0.00283770806394985,-0.00162630147140539,0.229497536439023,-0.00514422881948793,-0.0112349261577141,0.00539811505634918,1.06378929735493,1.36150161374734,3.91438446676008,1.04215503068248,2.59152235273634,2.33051417669426,0.970611347135086,1.48179347158089,2.12035083624777,0.961900872802222,1.78385234657414,1.39334860618836,1.4946044909519,0.860650915031468,1.25362421731063,2.54841539574522,0.825700813316729,0.982894381046817,0.743469653880581,0.732067464143929,0.859972091712981,1.16947480293286,1.21298344227323,0.964599925378482,0.605322604960862,1.15149808452552,1.97523442814176,0.776454811036947,0.955665869998663,0.893936986109508,0.614278610680114,0.870165700207628,1.18855148296284,,,,,,,,,,,,,,,,,,,,,,,,,,,,,,,,,,,,,,,,,,,,,,,,,,,,,,,,,,,,,,,,,,,,,,,,,,,,,,,,,,,,,,,,,,,,,,,,,,,,,,,,,,,,,,,,,,,,,,,,,,,,,,,,,,,,,,,,,,,,,,,,,,,,,,,,,,,,,,,,,,,,,,,,,,,,,,,,0.00700000000006185,PiecewiseConstant,XGBoost,GenHyp,"",10,TRUE,1,0,1,0.5,0.1,2000,100,1,1000,1235,sUodp,2019-02-20T14:06:33.137091Z
empirical_sigma.01,0.821326324135378,0.637310282674365,0.723321145423872,0.74732933544257,0.721051842097949,0.561544438324891,0.769335308346224,0.729357320710674,0.653283467151806,0.652993856663304,0.701685332097103,0.403864461325152,0.767518611481664,0.742041196533173,0.828177398918348,0.407009476122556,0.701541653785421,0.421041742710264,0.280196182793978,1.75373660108968,1.23281697071787,0.75379442954781,0.25328948588021,0.788824485292467,0.358729448626577,0.336068492177196,0.618544408023984,0.352908368306688,0.270695318906714,0.303164433095174,0.290277722608275,0.300558721224058,0.387306088414134,0.265984947374039,1.36939206058127,1.11751871994223,0.342086486390315,0.745745649435696,0.480618888259149,0.337578316098778,0.32433112484982,0.391358334627878,0.265007469080454,0.691069955294843,0.1,0.1,0.1,0.1,0.1,0.1,0.1,0.1,0.1,0.1,0.1,0.1,0.1,0.1,0.1,0.1,0.1,0.1,0.1,0.1,0.1,0.1,0.1,0.1,0.1,0.1,0.1,0.1,0.1,0.1,0.1,0.1,0.1,0.1,0.1,0.1,0.1,0.1,0.1,0.1,0.1,0.1,0.1,0.1,0.1,0.1,0.1,0.1,0.1,0.1,0.1,0.1,0.1,0.1,0.1,0.1,0.1,0.1,0.1,0.1,0.1,0.1,0.1,0.1,0.1,0.1,0.1,0.1,0.1,0.1,0.1,0.1,0.1,0.1,0.1,0.1,0.1,0.1,0.1,0.1,0.1,0.1,0.1,0.1,0.1,0.1,0.1,0.1,0.1,0.1,0.1,0.1,0.1,0.1,0.1,0.1,0.1,0.1,0.1,0.1,0.1,0.1,0.1,0.1,0.1,0.1,0.1,0.1,0.1,0.1,0.1,0.1,0.1,0.1,0.1,0.1,0.1,0.1,0.1,0.1,0.1,0.1,0.1,0.1,0.1,0.1,0.1,0.1,0.1,0.1,0.1,0.1,0.1,0.1,0.1,0.1,0.1,0.1,0.1,0.1,0.1,0.1,0.1,0.1,0.1,0.1,0.1,0.1,0.1,0.1,0.1,0.1,0.1,0.1,0.1,0.1,0.1,0.1,0.1,0.1,0.1,0.1,0.1,0.1,0.1,0.1,0.1,0.1,0.1,0.1,0.1,0.1,0.1,0.1,0.1,172.146,PiecewiseConstant,XGBoost,GenHyp,"",10,TRUE,1,0,1,0.5,0.1,2000,100,1,1000,1241,kNvYO,2019-02-20T14:06:40.187560Z
comb_sigma.01,0.868440847830423,0.813424335367449,0.817644714788777,0.847979804148761,0.823208088736351,0.679330131054076,0.791382930401725,0.744974770353901,0.758841145743106,0.750509587996519,0.789573635642109,0.211928510777896,0.650652581104758,1.8165859957446,0.273430682763146,0.298682733922703,0.693782925462374,0.544365634379045,0.23092123541986,1.23493705385541,0.687551957946827,0.664283931137662,0.186499493305978,0.405788875700971,0.236433720307907,0.202196792768539,0.392021402537459,0.258103876667622,0.244821449608995,0.285670313986119,0.201902812148742,0.216095653144304,0.262953439017664,0.213320433127095,0.593415641404265,0.660529360619774,0.298421581046515,0.330314561048373,0.257893869137491,0.216421227810488,0.423003196835215,0.315908010630697,0.201351468004516,0.388030827994148,0.1,0.1,0.1,0.1,0.1,0.1,0.1,0.1,0.1,0.1,0.1,0.1,0.1,0.1,0.1,0.1,0.1,0.1,0.1,0.1,0.1,0.1,0.1,0.1,0.1,0.1,0.1,0.1,0.1,0.1,0.1,0.1,0.1,0.1,0.1,0.1,0.1,0.1,0.1,0.1,0.1,0.1,0.1,0.1,0.1,0.1,0.1,0.1,0.1,0.1,0.1,0.1,0.1,0.1,0.1,0.1,0.1,0.1,0.1,0.1,0.1,0.1,0.1,0.1,0.1,0.1,0.1,0.1,0.1,0.1,0.1,0.1,0.1,0.1,0.1,0.1,0.1,0.1,0.1,0.1,0.1,0.1,0.1,0.1,0.1,0.1,0.1,0.1,0.1,0.1,0.1,0.1,0.1,0.1,0.1,0.1,0.1,0.1,0.1,0.1,0.1,0.1,0.1,0.1,0.1,0.1,0.1,0.1,0.1,0.1,0.1,0.1,0.1,0.1,0.1,0.1,0.1,0.1,0.1,0.1,0.1,0.1,0.1,0.1,0.1,0.1,0.1,0.1,0.1,0.1,0.1,0.1,0.1,0.1,0.1,0.1,0.1,0.1,0.1,0.1,0.1,0.1,0.1,0.1,0.1,0.1,0.1,0.1,0.1,0.1,0.1,0.1,0.1,0.1,0.1,0.1,0.1,0.1,0.1,0.1,0.1,0.1,0.1,0.1,0.1,0.1,0.1,0.1,0.1,0.1,0.1,0.1,0.1,0.1,0.1,1335.03,PiecewiseConstant,XGBoost,GenHyp,"",10,TRUE,1,0,1,0.5,0.1,2000,100,1,1000,1241,kNvYO,2019-02-20T14:06:40.187560Z
comb_Gauss_sigma.01,0.858656949907389,0.862626355889528,0.833553490373029,0.873056863945097,0.822759835162682,0.666923371356235,0.81545831819318,0.807664920053053,0.785232757259588,0.748758583092206,0.807469144523198,0.176890133501154,0.56591661522799,1.50509349066887,0.336046855912436,0.29457875465653,0.686926570566643,0.46620370370211,0.160587659138905,0.995441454601522,0.587518730305753,0.577520396828191,0.200369239158788,0.29877796069664,0.215807112241289,0.168842664821976,0.393015367665084,0.268089949838209,0.216567906644592,0.215447007949905,0.179807249459435,0.217612282763126,0.237433674123904,0.250589118157497,0.360163211933138,0.469963710133066,0.203293069748481,0.344791699838026,0.305614786864266,0.165973355616827,0.2737767516914,0.330808429925848,0.232902951970701,0.310626381758275,0.1,0.1,0.1,0.1,0.1,0.1,0.1,0.1,0.1,0.1,0.1,0.1,0.1,0.1,0.1,0.1,0.1,0.1,0.1,0.1,0.1,0.1,0.1,0.1,0.1,0.1,0.1,0.1,0.1,0.1,0.1,0.1,0.1,0.1,0.1,0.1,0.1,0.1,0.1,0.1,0.1,0.1,0.1,0.1,0.1,0.1,0.1,0.1,0.1,0.1,0.1,0.1,0.1,0.1,0.1,0.1,0.1,0.1,0.1,0.1,0.1,0.1,0.1,0.1,0.1,0.1,0.1,0.1,0.1,0.1,0.1,0.1,0.1,0.1,0.1,0.1,0.1,0.1,0.1,0.1,0.1,0.1,0.1,0.1,0.1,0.1,0.1,0.1,0.1,0.1,0.1,0.1,0.1,0.1,0.1,0.1,0.1,0.1,0.1,0.1,0.1,0.1,0.1,0.1,0.1,0.1,0.1,0.1,0.1,0.1,0.1,0.1,0.1,0.1,0.1,0.1,0.1,0.1,0.1,0.1,0.1,0.1,0.1,0.1,0.1,0.1,0.1,0.1,0.1,0.1,0.1,0.1,0.1,0.1,0.1,0.1,0.1,0.1,0.1,0.1,0.1,0.1,0.1,0.1,0.1,0.1,0.1,0.1,0.1,0.1,0.1,0.1,0.1,0.1,0.1,0.1,0.1,0.1,0.1,0.1,0.1,0.1,0.1,0.1,0.1,0.1,0.1,0.1,0.1,0.1,0.1,0.1,0.1,0.1,0.1,210.47,PiecewiseConstant,XGBoost,GenHyp,"",10,TRUE,1,0,1,0.5,0.1,2000,100,1,1000,1241,kNvYO,2019-02-20T14:06:40.187560Z
empirical_independence,0,0,0,0,0,0,0,0,0,0,0,0.963382073716327,5.12214060553066,4.07332800916975,1.0123096168158,1.68539311779932,1.99406718300284,0.985809265043788,0.790013189630738,4.35823789372801,1.02053693398162,2.20052178884188,1.417609419264,2.17492927869315,1.29655534817126,1.33006533530848,2.2174170737531,0.804889706401282,1.17354466765561,1.12016491224239,0.837219154863231,0.866148127332803,1.32385430236853,1.37947175168341,1.92261075986775,1.52928742297356,1.1459892762816,2.404457323829,0.665644807454766,0.91500089984779,1.0652863972806,0.847508895801231,0.735163451253291,1.4440408654973,Inf,Inf,Inf,Inf,Inf,Inf,Inf,Inf,Inf,Inf,Inf,Inf,Inf,Inf,Inf,Inf,Inf,Inf,Inf,Inf,Inf,Inf,Inf,Inf,Inf,Inf,Inf,Inf,Inf,Inf,Inf,Inf,Inf,Inf,Inf,Inf,Inf,Inf,Inf,Inf,Inf,Inf,Inf,Inf,Inf,Inf,Inf,Inf,Inf,Inf,Inf,Inf,Inf,Inf,Inf,Inf,Inf,Inf,Inf,Inf,Inf,Inf,Inf,Inf,Inf,Inf,Inf,Inf,Inf,Inf,Inf,Inf,Inf,Inf,Inf,Inf,Inf,Inf,Inf,Inf,Inf,Inf,Inf,Inf,Inf,Inf,Inf,Inf,Inf,Inf,Inf,Inf,Inf,Inf,Inf,Inf,Inf,Inf,Inf,Inf,Inf,Inf,Inf,Inf,Inf,Inf,Inf,Inf,Inf,Inf,Inf,Inf,Inf,Inf,Inf,Inf,Inf,Inf,Inf,Inf,Inf,Inf,Inf,Inf,Inf,Inf,Inf,Inf,Inf,Inf,Inf,Inf,Inf,Inf,Inf,Inf,Inf,Inf,Inf,Inf,Inf,Inf,Inf,Inf,Inf,Inf,Inf,Inf,Inf,Inf,Inf,Inf,Inf,Inf,Inf,Inf,Inf,Inf,Inf,Inf,Inf,Inf,Inf,Inf,Inf,Inf,Inf,Inf,Inf,Inf,Inf,Inf,Inf,Inf,Inf,171.777,PiecewiseConstant,XGBoost,GenHyp,"",10,TRUE,1,0,1,0.5,0.1,2000,100,1,1000,1241,kNvYO,2019-02-20T14:06:40.187560Z
Gaussian,0.78783170699075,0.812482859665431,0.765165009808331,0.839048856419585,0.757045069700067,0.358016704696648,0.691380286831938,0.664932640883628,0.462322261122763,0.439665996646611,0.657789139276575,0.332120154654268,1.09838566000085,5.06492979484082,0.328513835244401,0.417942790483182,1.20507751319177,0.971287835606514,0.294372291236281,2.85733201999257,2.04550553355391,1.46154674288046,0.300771770639076,0.407836518770466,0.304476562470754,0.214075536754569,0.538732410599567,0.516725746071242,0.362179018721782,0.375330698919882,0.450154102131573,0.485332247685431,0.395561461276434,0.395154459369546,0.348601414921992,0.391293131517897,0.217812535143806,0.413621072066563,0.387338801313021,0.365414412152643,0.456526508123984,0.460148972316361,0.455170841895653,0.405506020072922,,,,,,,,,,,,,,,,,,,,,,,,,,,,,,,,,,,,,,,,,,,,,,,,,,,,,,,,,,,,,,,,,,,,,,,,,,,,,,,,,,,,,,,,,,,,,,,,,,,,,,,,,,,,,,,,,,,,,,,,,,,,,,,,,,,,,,,,,,,,,,,,,,,,,,,,,,,,,,,,,,,,,,,,,,,,,,,,211.36,PiecewiseConstant,XGBoost,GenHyp,"",10,TRUE,1,0,1,0.5,0.1,2000,100,1,1000,1241,kNvYO,2019-02-20T14:06:40.187560Z
copula,0.69123829012184,0.701000222673705,0.569133467199008,0.664578957919358,0.696097299976684,0.310415578099886,0.535264955552135,0.53368052721297,0.335775545069131,0.305777056792598,0.534296190061732,0.657191647771757,1.6309317574913,6.50002103184505,0.888766529241971,0.446927119756026,1.29215334811613,1.32949611342886,0.411467715366219,3.28943062262628,2.21072268579666,1.86571085714403,0.437703508231337,0.650303370029692,0.558642307451134,0.44613190080451,0.673879035791367,0.55503940288208,0.545387333284484,0.522354711311404,0.556101436796713,0.601299902210558,0.554684290879328,0.430615817518511,0.554461674251604,0.665258258182477,0.363164750626815,0.626081070441617,0.444831078024815,0.506608328162917,0.570193307700421,0.523016573640762,0.535759859157147,0.531648070032648,,,,,,,,,,,,,,,,,,,,,,,,,,,,,,,,,,,,,,,,,,,,,,,,,,,,,,,,,,,,,,,,,,,,,,,,,,,,,,,,,,,,,,,,,,,,,,,,,,,,,,,,,,,,,,,,,,,,,,,,,,,,,,,,,,,,,,,,,,,,,,,,,,,,,,,,,,,,,,,,,,,,,,,,,,,,,,,,1733.797,PiecewiseConstant,XGBoost,GenHyp,"",10,TRUE,1,0,1,0.5,0.1,2000,100,1,1000,1241,kNvYO,2019-02-20T14:06:40.187560Z
treeSHAP,-0.0186653783600012,-0.10020242926147,0.0168056682734726,-0.0135727296142307,-0.00229266494778134,-0.000368324959150604,-0.00320712762094366,0.291995223553454,-0.0049748520700308,-0.00172562570336328,0.0163791759289954,0.974042487493834,5.10742213488854,4.10239099956506,1.01326627727825,1.71413470336491,2.03764534205093,0.994994830580307,0.45906483327803,4.35687240207295,1.04472580605643,2.18045598166292,1.44406963544126,2.3928624758901,1.2747658690917,1.34811795247389,2.22250086815271,0.805186167369513,1.17730837517366,0.793082108275442,0.841384196308872,0.867642774804248,1.31669204229814,1.47864419863904,2.60630508625109,1.4985224945274,1.19719264919759,2.2547409675427,0.676880872115688,0.920755006558382,0.943795397375846,0.838662908567914,0.729449190336267,1.54811806843736,,,,,,,,,,,,,,,,,,,,,,,,,,,,,,,,,,,,,,,,,,,,,,,,,,,,,,,,,,,,,,,,,,,,,,,,,,,,,,,,,,,,,,,,,,,,,,,,,,,,,,,,,,,,,,,,,,,,,,,,,,,,,,,,,,,,,,,,,,,,,,,,,,,,,,,,,,,,,,,,,,,,,,,,,,,,,,,,0.00700000000006185,PiecewiseConstant,XGBoost,GenHyp,"",10,TRUE,1,0,1,0.5,0.1,2000,100,1,1000,1241,kNvYO,2019-02-20T14:06:40.187560Z
empirical_sigma.01,0.780947560404814,0.696042444571062,0.722917922058973,0.801039830628382,0.768907156335321,0.723417703806476,0.775762411076865,0.725363236065619,0.749107797991986,0.714907375986063,0.745841343892556,0.598621394157394,0.321051570047785,1.64271661953517,0.395410124512802,0.309628420241094,1.94024602947358,0.838429235844786,0.323199827932054,2.5867395020425,1.0442846907573,1.00003274145445,0.249575853461673,0.554240153370214,0.220598160530762,0.245822639051391,0.380344548119502,0.210791177744325,0.235951707259629,0.234351875651145,0.177473320204054,0.204995898693171,0.271414533408587,0.27797668179208,0.526489905130061,0.176524951670244,0.243510200256596,0.372575227061331,0.205330445699118,0.307475681514831,0.326101300213752,0.192859536698746,0.231483962033751,0.320081058407467,0.1,0.1,0.1,0.1,0.1,0.1,0.1,0.1,0.1,0.1,0.1,0.1,0.1,0.1,0.1,0.1,0.1,0.1,0.1,0.1,0.1,0.1,0.1,0.1,0.1,0.1,0.1,0.1,0.1,0.1,0.1,0.1,0.1,0.1,0.1,0.1,0.1,0.1,0.1,0.1,0.1,0.1,0.1,0.1,0.1,0.1,0.1,0.1,0.1,0.1,0.1,0.1,0.1,0.1,0.1,0.1,0.1,0.1,0.1,0.1,0.1,0.1,0.1,0.1,0.1,0.1,0.1,0.1,0.1,0.1,0.1,0.1,0.1,0.1,0.1,0.1,0.1,0.1,0.1,0.1,0.1,0.1,0.1,0.1,0.1,0.1,0.1,0.1,0.1,0.1,0.1,0.1,0.1,0.1,0.1,0.1,0.1,0.1,0.1,0.1,0.1,0.1,0.1,0.1,0.1,0.1,0.1,0.1,0.1,0.1,0.1,0.1,0.1,0.1,0.1,0.1,0.1,0.1,0.1,0.1,0.1,0.1,0.1,0.1,0.1,0.1,0.1,0.1,0.1,0.1,0.1,0.1,0.1,0.1,0.1,0.1,0.1,0.1,0.1,0.1,0.1,0.1,0.1,0.1,0.1,0.1,0.1,0.1,0.1,0.1,0.1,0.1,0.1,0.1,0.1,0.1,0.1,0.1,0.1,0.1,0.1,0.1,0.1,0.1,0.1,0.1,0.1,0.1,0.1,0.1,0.1,0.1,0.1,0.1,0.1,175.979,PiecewiseConstant,XGBoost,GenHyp,"",10,TRUE,1,0,1,0.5,0.1,2000,100,1,1000,1239,rVjCo,2019-02-20T15:29:41.516366Z
comb_sigma.01,0.838648838780666,0.809271797290861,0.801328331651616,0.84718174622953,0.785015536953674,0.704398955349854,0.801279882909905,0.779837059754052,0.728670760105515,0.756198608555293,0.785183151758097,1.05337735549784,0.210615319710582,0.600116957634765,0.315531027816846,0.321177836855257,1.20061837109286,0.488217676525854,0.505525955495462,3.78316222808257,1.80670098287791,1.02850437115899,0.183834308546236,0.347776281370482,0.158171921161061,0.188812597796476,0.35383254259797,0.225285902972831,0.209101208764395,0.187868504042804,0.19192984352291,0.1753054310497,0.222191854182487,0.181972504296468,0.317530795157982,0.24610910399892,0.215215200011075,0.219704823538344,0.357898976789122,0.18054549576081,0.204108523252558,0.159936072038706,0.15743085200616,0.241087324292836,0.1,0.1,0.1,0.1,0.1,0.1,0.1,0.1,0.1,0.1,0.1,0.1,0.1,0.1,0.1,0.1,0.1,0.1,0.1,0.1,0.1,0.1,0.1,0.1,0.1,0.1,0.1,0.1,0.1,0.1,0.1,0.1,0.1,0.1,0.1,0.1,0.1,0.1,0.1,0.1,0.1,0.1,0.1,0.1,0.1,0.1,0.1,0.1,0.1,0.1,0.1,0.1,0.1,0.1,0.1,0.1,0.1,0.1,0.1,0.1,0.1,0.1,0.1,0.1,0.1,0.1,0.1,0.1,0.1,0.1,0.1,0.1,0.1,0.1,0.1,0.1,0.1,0.1,0.1,0.1,0.1,0.1,0.1,0.1,0.1,0.1,0.1,0.1,0.1,0.1,0.1,0.1,0.1,0.1,0.1,0.1,0.1,0.1,0.1,0.1,0.1,0.1,0.1,0.1,0.1,0.1,0.1,0.1,0.1,0.1,0.1,0.1,0.1,0.1,0.1,0.1,0.1,0.1,0.1,0.1,0.1,0.1,0.1,0.1,0.1,0.1,0.1,0.1,0.1,0.1,0.1,0.1,0.1,0.1,0.1,0.1,0.1,0.1,0.1,0.1,0.1,0.1,0.1,0.1,0.1,0.1,0.1,0.1,0.1,0.1,0.1,0.1,0.1,0.1,0.1,0.1,0.1,0.1,0.1,0.1,0.1,0.1,0.1,0.1,0.1,0.1,0.1,0.1,0.1,0.1,0.1,0.1,0.1,0.1,0.1,1363.013,PiecewiseConstant,XGBoost,GenHyp,"",10,TRUE,1,0,1,0.5,0.1,2000,100,1,1000,1239,rVjCo,2019-02-20T15:29:41.516366Z
comb_Gauss_sigma.01,0.893905668020175,0.855560064385344,0.829298168895561,0.888256690692316,0.810898009025875,0.723212079359326,0.821117556043117,0.788827080386313,0.769542031515397,0.781270062530642,0.816188741085407,0.589498267692379,0.179533049265769,0.430896992689138,0.192745323164065,0.329421803870037,0.715119238155641,0.419741705458074,0.412234473016916,3.37487074411287,1.53628579744031,0.81803473948652,0.120877829529057,0.26337365411062,0.135903809516279,0.138062986562119,0.311233832103927,0.210947889941686,0.18822722030279,0.180197177862249,0.163018780604179,0.157277797900657,0.186912097843356,0.133931911255838,0.250954114716241,0.206724899520094,0.153321707927089,0.200951658124505,0.371041517850045,0.145095277519616,0.194323304782094,0.132846240208447,0.132304313470248,0.211697764950204,0.1,0.1,0.1,0.1,0.1,0.1,0.1,0.1,0.1,0.1,0.1,0.1,0.1,0.1,0.1,0.1,0.1,0.1,0.1,0.1,0.1,0.1,0.1,0.1,0.1,0.1,0.1,0.1,0.1,0.1,0.1,0.1,0.1,0.1,0.1,0.1,0.1,0.1,0.1,0.1,0.1,0.1,0.1,0.1,0.1,0.1,0.1,0.1,0.1,0.1,0.1,0.1,0.1,0.1,0.1,0.1,0.1,0.1,0.1,0.1,0.1,0.1,0.1,0.1,0.1,0.1,0.1,0.1,0.1,0.1,0.1,0.1,0.1,0.1,0.1,0.1,0.1,0.1,0.1,0.1,0.1,0.1,0.1,0.1,0.1,0.1,0.1,0.1,0.1,0.1,0.1,0.1,0.1,0.1,0.1,0.1,0.1,0.1,0.1,0.1,0.1,0.1,0.1,0.1,0.1,0.1,0.1,0.1,0.1,0.1,0.1,0.1,0.1,0.1,0.1,0.1,0.1,0.1,0.1,0.1,0.1,0.1,0.1,0.1,0.1,0.1,0.1,0.1,0.1,0.1,0.1,0.1,0.1,0.1,0.1,0.1,0.1,0.1,0.1,0.1,0.1,0.1,0.1,0.1,0.1,0.1,0.1,0.1,0.1,0.1,0.1,0.1,0.1,0.1,0.1,0.1,0.1,0.1,0.1,0.1,0.1,0.1,0.1,0.1,0.1,0.1,0.1,0.1,0.1,0.1,0.1,0.1,0.1,0.1,0.1,210.928,PiecewiseConstant,XGBoost,GenHyp,"",10,TRUE,1,0,1,0.5,0.1,2000,100,1,1000,1239,rVjCo,2019-02-20T15:29:41.516366Z
empirical_independence,0,0,0,0,0,0,0,0,0,0,0,1.48382189649593,1.37815569736758,3.29391008758636,0.953528724145169,1.77054859161115,5.38542133443274,1.21302322871422,1.09946118722598,23.4677428890854,1.41681708697035,4.14624307236349,1.13934295332613,1.82341298471124,0.79614734438982,1.23553694102584,1.64585169357901,0.762128236858787,1.05223976226621,0.853315748022499,0.707368817299412,0.719050166247547,1.07343946477265,0.890183673116426,1.41433632566872,0.653055268213529,1.00001425050516,1.16380081225632,0.61803481828426,0.970676104701284,0.870912964612505,0.616972813729801,0.606577843264757,0.986595393310703,Inf,Inf,Inf,Inf,Inf,Inf,Inf,Inf,Inf,Inf,Inf,Inf,Inf,Inf,Inf,Inf,Inf,Inf,Inf,Inf,Inf,Inf,Inf,Inf,Inf,Inf,Inf,Inf,Inf,Inf,Inf,Inf,Inf,Inf,Inf,Inf,Inf,Inf,Inf,Inf,Inf,Inf,Inf,Inf,Inf,Inf,Inf,Inf,Inf,Inf,Inf,Inf,Inf,Inf,Inf,Inf,Inf,Inf,Inf,Inf,Inf,Inf,Inf,Inf,Inf,Inf,Inf,Inf,Inf,Inf,Inf,Inf,Inf,Inf,Inf,Inf,Inf,Inf,Inf,Inf,Inf,Inf,Inf,Inf,Inf,Inf,Inf,Inf,Inf,Inf,Inf,Inf,Inf,Inf,Inf,Inf,Inf,Inf,Inf,Inf,Inf,Inf,Inf,Inf,Inf,Inf,Inf,Inf,Inf,Inf,Inf,Inf,Inf,Inf,Inf,Inf,Inf,Inf,Inf,Inf,Inf,Inf,Inf,Inf,Inf,Inf,Inf,Inf,Inf,Inf,Inf,Inf,Inf,Inf,Inf,Inf,Inf,Inf,Inf,Inf,Inf,Inf,Inf,Inf,Inf,Inf,Inf,Inf,Inf,Inf,Inf,Inf,Inf,Inf,Inf,Inf,Inf,Inf,Inf,Inf,Inf,Inf,Inf,Inf,Inf,Inf,Inf,Inf,Inf,Inf,Inf,Inf,Inf,Inf,Inf,172.631,PiecewiseConstant,XGBoost,GenHyp,"",10,TRUE,1,0,1,0.5,0.1,2000,100,1,1000,1239,rVjCo,2019-02-20T15:29:41.516366Z
Gaussian,0.859483903549925,0.790538954293084,0.662074349673472,0.837516075076876,0.715301533064635,0.173261125078647,0.673296345824243,0.613292916658624,0.370071668160952,0.359014309127183,0.605385118050764,0.695609933608518,0.273407524401551,1.07102605855442,0.295701410252504,0.450626501632764,4.04629170524341,1.05604642162724,0.833324727158978,17.5788360122793,4.95077456978982,3.12516448645485,0.160096024319288,0.381933990533186,0.269038609108668,0.200754891565389,0.468571453964919,0.630081041086427,0.343770575401401,0.329983244087045,0.445591659076379,0.460900867584398,0.36907223567271,0.17826991572686,0.330765836117444,0.394602734525598,0.259682774045548,0.296546826592181,0.872012794520549,0.266628452371965,0.253344420869526,0.327292847146307,0.404139599543232,0.42197803818655,,,,,,,,,,,,,,,,,,,,,,,,,,,,,,,,,,,,,,,,,,,,,,,,,,,,,,,,,,,,,,,,,,,,,,,,,,,,,,,,,,,,,,,,,,,,,,,,,,,,,,,,,,,,,,,,,,,,,,,,,,,,,,,,,,,,,,,,,,,,,,,,,,,,,,,,,,,,,,,,,,,,,,,,,,,,,,,,211.835,PiecewiseConstant,XGBoost,GenHyp,"",10,TRUE,1,0,1,0.5,0.1,2000,100,1,1000,1239,rVjCo,2019-02-20T15:29:41.516366Z
copula,0.668282683592182,0.671345516543923,0.444406214899835,0.669270180483937,0.667333957860376,0.117540093812777,0.505814947530993,0.518083045585555,0.246362798211234,0.271162139389009,0.477960157790982,2.28186774029162,0.336577530112593,1.7546014061532,0.657047200556025,0.422474192073346,4.65327386345351,1.39964617834482,0.957704650992176,17.9836557792655,5.68589777247705,3.61327463137199,0.377939786945501,0.599272852617378,0.442334516566985,0.408628909510903,0.547518968851727,0.672547612401039,0.520001162125503,0.411227326440886,0.533099456102158,0.524070984839839,0.503664157640192,0.356239941633591,0.504430948758164,0.516925066610967,0.497615913387121,0.389089493384315,0.818811879073835,0.443698308276378,0.404325003866232,0.389108127973545,0.462615325074833,0.500014111674003,,,,,,,,,,,,,,,,,,,,,,,,,,,,,,,,,,,,,,,,,,,,,,,,,,,,,,,,,,,,,,,,,,,,,,,,,,,,,,,,,,,,,,,,,,,,,,,,,,,,,,,,,,,,,,,,,,,,,,,,,,,,,,,,,,,,,,,,,,,,,,,,,,,,,,,,,,,,,,,,,,,,,,,,,,,,,,,,1765.04,PiecewiseConstant,XGBoost,GenHyp,"",10,TRUE,1,0,1,0.5,0.1,2000,100,1,1000,1239,rVjCo,2019-02-20T15:29:41.516366Z
treeSHAP,-0.00378467893035697,-0.199357294676631,-2.12304439824067e-05,-0.00202974150124385,0.0996442109019541,0.00354252642591156,0.000768639941438712,0.222335446357341,-0.0304284764723489,0.000665308000039879,0.00913347096021226,1.61700808382267,1.69648935157185,3.39053139506223,0.928271242673575,1.69128996986848,5.45716871062745,1.15620975601685,0.969607396092432,22.129153220891,1.42313348967289,4.04588626162995,1.14365500059603,2.18692366442152,0.796164246951417,1.23804476163136,1.48185210031069,0.759428377439781,1.05143096875696,0.663593410302168,0.72889297271388,0.718571776419512,1.07685572795433,0.893951601790333,1.63091331775244,0.665059016721495,1.00869899729188,1.13349765648114,0.623955466943869,0.978543433195944,0.703660595384234,0.625651867246175,0.61100775857228,1.03731369755179,,,,,,,,,,,,,,,,,,,,,,,,,,,,,,,,,,,,,,,,,,,,,,,,,,,,,,,,,,,,,,,,,,,,,,,,,,,,,,,,,,,,,,,,,,,,,,,,,,,,,,,,,,,,,,,,,,,,,,,,,,,,,,,,,,,,,,,,,,,,,,,,,,,,,,,,,,,,,,,,,,,,,,,,,,,,,,,,0.00799999999981083,PiecewiseConstant,XGBoost,GenHyp,"",10,TRUE,1,0,1,0.5,0.1,2000,100,1,1000,1239,rVjCo,2019-02-20T15:29:41.516366Z
empirical_sigma.01,0.749561383556059,0.74114436509483,0.769581914724571,0.758643684273378,0.62102029010631,0.678535065047092,0.801425059408794,0.779486127120915,0.69365719689881,0.696298338346446,0.728935342457721,1.77467936912827,0.737467684113603,0.469130795239107,1.18461799528029,0.910419353842463,0.80547945347708,0.372133952414142,0.188838453205448,0.453582265041057,0.654644370334899,0.755099369207636,0.297467715998915,0.47161780712827,0.226692098314544,0.284521928882455,0.622203102590102,0.235871734661412,0.215780555999098,0.21215594943872,0.246731545443645,0.241921649830787,0.305496408828795,0.391694296204621,0.439619200036357,0.278451681674804,0.216762658513548,0.560737868386003,0.267435186318969,0.212928264700821,0.237567117637745,0.390500236793353,0.267864610275751,0.365568114353573,0.1,0.1,0.1,0.1,0.1,0.1,0.1,0.1,0.1,0.1,0.1,0.1,0.1,0.1,0.1,0.1,0.1,0.1,0.1,0.1,0.1,0.1,0.1,0.1,0.1,0.1,0.1,0.1,0.1,0.1,0.1,0.1,0.1,0.1,0.1,0.1,0.1,0.1,0.1,0.1,0.1,0.1,0.1,0.1,0.1,0.1,0.1,0.1,0.1,0.1,0.1,0.1,0.1,0.1,0.1,0.1,0.1,0.1,0.1,0.1,0.1,0.1,0.1,0.1,0.1,0.1,0.1,0.1,0.1,0.1,0.1,0.1,0.1,0.1,0.1,0.1,0.1,0.1,0.1,0.1,0.1,0.1,0.1,0.1,0.1,0.1,0.1,0.1,0.1,0.1,0.1,0.1,0.1,0.1,0.1,0.1,0.1,0.1,0.1,0.1,0.1,0.1,0.1,0.1,0.1,0.1,0.1,0.1,0.1,0.1,0.1,0.1,0.1,0.1,0.1,0.1,0.1,0.1,0.1,0.1,0.1,0.1,0.1,0.1,0.1,0.1,0.1,0.1,0.1,0.1,0.1,0.1,0.1,0.1,0.1,0.1,0.1,0.1,0.1,0.1,0.1,0.1,0.1,0.1,0.1,0.1,0.1,0.1,0.1,0.1,0.1,0.1,0.1,0.1,0.1,0.1,0.1,0.1,0.1,0.1,0.1,0.1,0.1,0.1,0.1,0.1,0.1,0.1,0.1,0.1,0.1,0.1,0.1,0.1,0.1,174.601000000001,PiecewiseConstant,XGBoost,GenHyp,"",10,TRUE,1,0,1,0.5,0.1,2000,100,1,1000,1242,GROgP,2019-02-20T15:30:06.231777Z
comb_sigma.01,0.857527926872871,0.819393682298142,0.729049237440838,0.868371732654849,0.820349132621065,0.802218287219202,0.804333963216348,0.755748254403332,0.741170808421329,0.760056205400318,0.79582192305483,0.703728705626867,0.650551563120285,0.853952729127263,0.498560715471489,0.474720378260568,0.475437813637165,0.467489169730567,0.305902169954591,0.261733431650948,0.352199683755256,0.5044276360335,0.169226466702846,0.329052738370043,0.266569339950209,0.155169457272118,0.294948051697892,0.145120386721949,0.21261960890742,0.234994108590802,0.208463609386771,0.191133622187527,0.220729738978758,0.276306635958157,0.273262467760205,0.255316165269364,0.198677451773241,0.293828665244598,0.125226091803868,0.165579720488373,0.211645185159358,0.433827118193629,0.19757832454727,0.261642293566796,0.1,0.1,0.1,0.1,0.1,0.1,0.1,0.1,0.1,0.1,0.1,0.1,0.1,0.1,0.1,0.1,0.1,0.1,0.1,0.1,0.1,0.1,0.1,0.1,0.1,0.1,0.1,0.1,0.1,0.1,0.1,0.1,0.1,0.1,0.1,0.1,0.1,0.1,0.1,0.1,0.1,0.1,0.1,0.1,0.1,0.1,0.1,0.1,0.1,0.1,0.1,0.1,0.1,0.1,0.1,0.1,0.1,0.1,0.1,0.1,0.1,0.1,0.1,0.1,0.1,0.1,0.1,0.1,0.1,0.1,0.1,0.1,0.1,0.1,0.1,0.1,0.1,0.1,0.1,0.1,0.1,0.1,0.1,0.1,0.1,0.1,0.1,0.1,0.1,0.1,0.1,0.1,0.1,0.1,0.1,0.1,0.1,0.1,0.1,0.1,0.1,0.1,0.1,0.1,0.1,0.1,0.1,0.1,0.1,0.1,0.1,0.1,0.1,0.1,0.1,0.1,0.1,0.1,0.1,0.1,0.1,0.1,0.1,0.1,0.1,0.1,0.1,0.1,0.1,0.1,0.1,0.1,0.1,0.1,0.1,0.1,0.1,0.1,0.1,0.1,0.1,0.1,0.1,0.1,0.1,0.1,0.1,0.1,0.1,0.1,0.1,0.1,0.1,0.1,0.1,0.1,0.1,0.1,0.1,0.1,0.1,0.1,0.1,0.1,0.1,0.1,0.1,0.1,0.1,0.1,0.1,0.1,0.1,0.1,0.1,1364.427,PiecewiseConstant,XGBoost,GenHyp,"",10,TRUE,1,0,1,0.5,0.1,2000,100,1,1000,1242,GROgP,2019-02-20T15:30:06.231777Z
comb_Gauss_sigma.01,0.894541036070398,0.872535330427442,0.799562772348256,0.894915179775922,0.857244421855905,0.812385899396808,0.81612784883182,0.743529296315409,0.768420766245645,0.758070007927777,0.821733255919538,0.596256986676827,0.34208471582611,0.576020589686474,0.254095835481851,0.31173318030109,0.331032713149884,0.410262171374508,0.286183661266614,0.236757329581424,0.341852685762043,0.368627986910683,0.1252627792678,0.232232178264777,0.197196047621046,0.123878820640793,0.234373929037563,0.137660001277272,0.199803836746443,0.246749943361872,0.186516221887522,0.19271578070069,0.187638953880578,0.171286221920929,0.191153057164927,0.21699587644191,0.152548770851445,0.229895698438732,0.179269705592357,0.201775902583793,0.276096887772985,0.386583363389336,0.212937660081907,0.233786826537405,0.1,0.1,0.1,0.1,0.1,0.1,0.1,0.1,0.1,0.1,0.1,0.1,0.1,0.1,0.1,0.1,0.1,0.1,0.1,0.1,0.1,0.1,0.1,0.1,0.1,0.1,0.1,0.1,0.1,0.1,0.1,0.1,0.1,0.1,0.1,0.1,0.1,0.1,0.1,0.1,0.1,0.1,0.1,0.1,0.1,0.1,0.1,0.1,0.1,0.1,0.1,0.1,0.1,0.1,0.1,0.1,0.1,0.1,0.1,0.1,0.1,0.1,0.1,0.1,0.1,0.1,0.1,0.1,0.1,0.1,0.1,0.1,0.1,0.1,0.1,0.1,0.1,0.1,0.1,0.1,0.1,0.1,0.1,0.1,0.1,0.1,0.1,0.1,0.1,0.1,0.1,0.1,0.1,0.1,0.1,0.1,0.1,0.1,0.1,0.1,0.1,0.1,0.1,0.1,0.1,0.1,0.1,0.1,0.1,0.1,0.1,0.1,0.1,0.1,0.1,0.1,0.1,0.1,0.1,0.1,0.1,0.1,0.1,0.1,0.1,0.1,0.1,0.1,0.1,0.1,0.1,0.1,0.1,0.1,0.1,0.1,0.1,0.1,0.1,0.1,0.1,0.1,0.1,0.1,0.1,0.1,0.1,0.1,0.1,0.1,0.1,0.1,0.1,0.1,0.1,0.1,0.1,0.1,0.1,0.1,0.1,0.1,0.1,0.1,0.1,0.1,0.1,0.1,0.1,0.1,0.1,0.1,0.1,0.1,0.1,213.03,PiecewiseConstant,XGBoost,GenHyp,"",10,TRUE,1,0,1,0.5,0.1,2000,100,1,1000,1242,GROgP,2019-02-20T15:30:06.231777Z
empirical_independence,0,0,0,0,0,0,0,0,0,0,0,1.22274937159436,4.37069725872966,2.41041177155259,0.964568891384112,2.98829863122698,2.80956799912076,1.05640371684652,0.843916106640364,1.03425368982966,1.01961661816816,1.87204840550932,1.18778693247373,1.821933709502,0.983829450902557,1.17884600627035,1.64178473503143,0.733740165769451,1.08664545161976,0.962097969931592,0.80540996212712,0.796576642069076,1.11986510256971,1.03265687448463,1.86969133445539,0.957226884528785,0.779853268975309,1.31233169713457,0.702311001910587,0.960958580291588,0.867903984647521,0.735604813680953,0.756174067007849,1.10287247394223,Inf,Inf,Inf,Inf,Inf,Inf,Inf,Inf,Inf,Inf,Inf,Inf,Inf,Inf,Inf,Inf,Inf,Inf,Inf,Inf,Inf,Inf,Inf,Inf,Inf,Inf,Inf,Inf,Inf,Inf,Inf,Inf,Inf,Inf,Inf,Inf,Inf,Inf,Inf,Inf,Inf,Inf,Inf,Inf,Inf,Inf,Inf,Inf,Inf,Inf,Inf,Inf,Inf,Inf,Inf,Inf,Inf,Inf,Inf,Inf,Inf,Inf,Inf,Inf,Inf,Inf,Inf,Inf,Inf,Inf,Inf,Inf,Inf,Inf,Inf,Inf,Inf,Inf,Inf,Inf,Inf,Inf,Inf,Inf,Inf,Inf,Inf,Inf,Inf,Inf,Inf,Inf,Inf,Inf,Inf,Inf,Inf,Inf,Inf,Inf,Inf,Inf,Inf,Inf,Inf,Inf,Inf,Inf,Inf,Inf,Inf,Inf,Inf,Inf,Inf,Inf,Inf,Inf,Inf,Inf,Inf,Inf,Inf,Inf,Inf,Inf,Inf,Inf,Inf,Inf,Inf,Inf,Inf,Inf,Inf,Inf,Inf,Inf,Inf,Inf,Inf,Inf,Inf,Inf,Inf,Inf,Inf,Inf,Inf,Inf,Inf,Inf,Inf,Inf,Inf,Inf,Inf,Inf,Inf,Inf,Inf,Inf,Inf,Inf,Inf,Inf,Inf,Inf,Inf,Inf,Inf,Inf,Inf,Inf,Inf,172.675,PiecewiseConstant,XGBoost,GenHyp,"",10,TRUE,1,0,1,0.5,0.1,2000,100,1,1000,1242,GROgP,2019-02-20T15:30:06.231777Z
Gaussian,0.834566235486407,0.808085463125562,0.692108240335877,0.835467559971896,0.807774797181605,0.415467980425119,0.649289960752501,0.606016018675458,0.394942158841212,0.446862106553373,0.649058052134901,0.636398781443048,0.598741244364149,1.08443714527507,0.713541237231019,0.541264846127174,2.58421121352368,1.25038639076839,0.27550102630985,1.27141439764175,1.02100440538611,0.997690068807024,0.196500063679182,0.349655564075003,0.302912980847776,0.193958409829047,0.315592403675563,0.428894620940425,0.381097468985682,0.379051188617908,0.487319612932417,0.440616725762877,0.347559903934588,0.186476932359295,0.219547970292787,0.48798698246937,0.242303652158247,0.249181952814543,0.295630987542098,0.315743692018613,0.45866456738206,0.40072948229156,0.345816262080048,0.345818399122096,,,,,,,,,,,,,,,,,,,,,,,,,,,,,,,,,,,,,,,,,,,,,,,,,,,,,,,,,,,,,,,,,,,,,,,,,,,,,,,,,,,,,,,,,,,,,,,,,,,,,,,,,,,,,,,,,,,,,,,,,,,,,,,,,,,,,,,,,,,,,,,,,,,,,,,,,,,,,,,,,,,,,,,,,,,,,,,,214.525,PiecewiseConstant,XGBoost,GenHyp,"",10,TRUE,1,0,1,0.5,0.1,2000,100,1,1000,1242,GROgP,2019-02-20T15:30:06.231777Z
copula,0.677616420593672,0.726057817337022,0.505360717545461,0.687918336918856,0.705839049646954,0.303473622184854,0.507454078308387,0.496833137377716,0.329544583869661,0.362475149310278,0.530257291309286,2.31437006415507,1.13911009455723,1.66758332232931,0.730338973436794,0.842779335621455,2.91451835168904,1.49424587413011,0.358304986808825,1.36717657688227,1.09523304811434,1.39236606277244,0.382923002862945,0.499104497048233,0.486640693652084,0.367896222153418,0.48294895793197,0.51106937992088,0.535222785520053,0.484095817065748,0.539991471313459,0.507837404798008,0.47977302322668,0.325711744382977,0.396553485883136,0.617892070601828,0.426239165014358,0.393692348404652,0.368163890926892,0.451942604970795,0.534966633869315,0.473681168473597,0.466805212987789,0.454142008868387,,,,,,,,,,,,,,,,,,,,,,,,,,,,,,,,,,,,,,,,,,,,,,,,,,,,,,,,,,,,,,,,,,,,,,,,,,,,,,,,,,,,,,,,,,,,,,,,,,,,,,,,,,,,,,,,,,,,,,,,,,,,,,,,,,,,,,,,,,,,,,,,,,,,,,,,,,,,,,,,,,,,,,,,,,,,,,,,1774.959,PiecewiseConstant,XGBoost,GenHyp,"",10,TRUE,1,0,1,0.5,0.1,2000,100,1,1000,1242,GROgP,2019-02-20T15:30:06.231777Z
treeSHAP,0.0151632538792897,-0.272083023701178,-0.0330274931769171,-0.0370571517134075,0.105776554599484,-0.00637342812453488,0.00180907896409745,0.264289053143132,0.0181142559361461,0.00367669670854547,0.00602877965146569,1.13383553398668,5.56303541523652,2.42740967629607,0.992325366748197,3.28813240558889,2.82119576723929,1.05273541367742,0.496319746425582,0.990465934091766,0.994951855014159,1.97604071143046,1.16977621766213,2.3176509421664,1.01632287137949,1.22253068157146,1.46812240236578,0.738416605978067,1.0846796241918,0.707826008427442,0.790820559939628,0.793647871351077,1.13097937850333,1.01722374502701,2.31668552864408,1.0260781404438,0.919265883048911,1.24043989750428,0.687601275757337,0.967792021087455,0.660466042610909,0.721829682361199,0.758840380800066,1.21562854400638,,,,,,,,,,,,,,,,,,,,,,,,,,,,,,,,,,,,,,,,,,,,,,,,,,,,,,,,,,,,,,,,,,,,,,,,,,,,,,,,,,,,,,,,,,,,,,,,,,,,,,,,,,,,,,,,,,,,,,,,,,,,,,,,,,,,,,,,,,,,,,,,,,,,,,,,,,,,,,,,,,,,,,,,,,,,,,,,0.00799999999981083,PiecewiseConstant,XGBoost,GenHyp,"",10,TRUE,1,0,1,0.5,0.1,2000,100,1,1000,1242,GROgP,2019-02-20T15:30:06.231777Z
empirical_sigma.01,0.731732657657931,0.680213908140656,0.774419796709484,0.811298584036606,0.740627025710459,0.729814539745182,0.779529245806394,0.755465201520826,0.696003587707724,0.736854714271727,0.743595926130699,1.15479878856412,0.497702777859846,0.552427616183604,0.662510839291263,0.86494021453778,0.489621886066049,0.540905326951487,0.188288753838005,0.805520588114219,0.773122858670255,0.652983965007663,0.359054825561611,0.601118333727108,0.220504848880751,0.232773681846459,0.459704802558507,0.257825148094856,0.222278472622512,0.227195848255477,0.247788393881397,0.216508017293622,0.30447523727223,0.286074535699389,0.623861200921542,0.185609330261122,0.219820928618682,0.485525431954761,0.543212962531839,0.221321153269025,0.23954726911214,0.315534529316801,0.206522900996192,0.383988481567969,0.1,0.1,0.1,0.1,0.1,0.1,0.1,0.1,0.1,0.1,0.1,0.1,0.1,0.1,0.1,0.1,0.1,0.1,0.1,0.1,0.1,0.1,0.1,0.1,0.1,0.1,0.1,0.1,0.1,0.1,0.1,0.1,0.1,0.1,0.1,0.1,0.1,0.1,0.1,0.1,0.1,0.1,0.1,0.1,0.1,0.1,0.1,0.1,0.1,0.1,0.1,0.1,0.1,0.1,0.1,0.1,0.1,0.1,0.1,0.1,0.1,0.1,0.1,0.1,0.1,0.1,0.1,0.1,0.1,0.1,0.1,0.1,0.1,0.1,0.1,0.1,0.1,0.1,0.1,0.1,0.1,0.1,0.1,0.1,0.1,0.1,0.1,0.1,0.1,0.1,0.1,0.1,0.1,0.1,0.1,0.1,0.1,0.1,0.1,0.1,0.1,0.1,0.1,0.1,0.1,0.1,0.1,0.1,0.1,0.1,0.1,0.1,0.1,0.1,0.1,0.1,0.1,0.1,0.1,0.1,0.1,0.1,0.1,0.1,0.1,0.1,0.1,0.1,0.1,0.1,0.1,0.1,0.1,0.1,0.1,0.1,0.1,0.1,0.1,0.1,0.1,0.1,0.1,0.1,0.1,0.1,0.1,0.1,0.1,0.1,0.1,0.1,0.1,0.1,0.1,0.1,0.1,0.1,0.1,0.1,0.1,0.1,0.1,0.1,0.1,0.1,0.1,0.1,0.1,0.1,0.1,0.1,0.1,0.1,0.1,174.389,PiecewiseConstant,XGBoost,GenHyp,"",10,TRUE,1,0,1,0.5,0.1,2000,100,1,1000,1236,ASGiZ,2019-02-20T15:29:53.588620Z
comb_sigma.01,0.843393351069378,0.807969463316732,0.8377077775449,0.878889897198851,0.795260739891789,0.718989634493494,0.80092309324394,0.769026952255072,0.756699096312227,0.77550899474199,0.798436900006837,0.231205064788982,0.38288947377252,0.371202231546343,0.341832581552748,0.4718055228367,0.977404176662748,0.568861544174935,0.15857985573739,0.599432547027658,0.359835911996669,0.446304891009669,0.209605733305671,0.360969658075501,0.158640791456754,0.149396041327508,0.36287366253877,0.268154840880682,0.200709209391522,0.214595705122233,0.198315301486924,0.184704439276382,0.230796538286195,0.210885825771133,0.445746326074565,0.193651946945502,0.177158446093484,0.364765450002638,0.489786633343553,0.17881260705373,0.217429447052922,0.222954902284796,0.235631644319445,0.302342098991858,0.1,0.1,0.1,0.1,0.1,0.1,0.1,0.1,0.1,0.1,0.1,0.1,0.1,0.1,0.1,0.1,0.1,0.1,0.1,0.1,0.1,0.1,0.1,0.1,0.1,0.1,0.1,0.1,0.1,0.1,0.1,0.1,0.1,0.1,0.1,0.1,0.1,0.1,0.1,0.1,0.1,0.1,0.1,0.1,0.1,0.1,0.1,0.1,0.1,0.1,0.1,0.1,0.1,0.1,0.1,0.1,0.1,0.1,0.1,0.1,0.1,0.1,0.1,0.1,0.1,0.1,0.1,0.1,0.1,0.1,0.1,0.1,0.1,0.1,0.1,0.1,0.1,0.1,0.1,0.1,0.1,0.1,0.1,0.1,0.1,0.1,0.1,0.1,0.1,0.1,0.1,0.1,0.1,0.1,0.1,0.1,0.1,0.1,0.1,0.1,0.1,0.1,0.1,0.1,0.1,0.1,0.1,0.1,0.1,0.1,0.1,0.1,0.1,0.1,0.1,0.1,0.1,0.1,0.1,0.1,0.1,0.1,0.1,0.1,0.1,0.1,0.1,0.1,0.1,0.1,0.1,0.1,0.1,0.1,0.1,0.1,0.1,0.1,0.1,0.1,0.1,0.1,0.1,0.1,0.1,0.1,0.1,0.1,0.1,0.1,0.1,0.1,0.1,0.1,0.1,0.1,0.1,0.1,0.1,0.1,0.1,0.1,0.1,0.1,0.1,0.1,0.1,0.1,0.1,0.1,0.1,0.1,0.1,0.1,0.1,1371.43,PiecewiseConstant,XGBoost,GenHyp,"",10,TRUE,1,0,1,0.5,0.1,2000,100,1,1000,1236,ASGiZ,2019-02-20T15:29:53.588620Z
comb_Gauss_sigma.01,0.85397504737722,0.861726203765805,0.841998400236307,0.900731919148197,0.826178556927926,0.750646249099181,0.812498323697317,0.815719250169634,0.779039142499455,0.799345322629851,0.824185841555089,0.376879297996577,0.264054141376681,0.304568650077774,0.208112649171391,0.56772818336627,0.905699673897158,0.465995400875686,0.176886611941046,0.588710832860715,0.293674762174828,0.415231020373813,0.195442961613866,0.259920353343511,0.154446703968702,0.12245269359393,0.308075860203855,0.237946437581721,0.189039069490921,0.17121416475386,0.180105862361546,0.165092626447288,0.19837367333592,0.250004638166028,0.336045905517936,0.168156265304245,0.135377551401,0.239827591395326,0.441451671837259,0.164318929200049,0.166336494274225,0.190865685286752,0.215750147798558,0.251782850813399,0.1,0.1,0.1,0.1,0.1,0.1,0.1,0.1,0.1,0.1,0.1,0.1,0.1,0.1,0.1,0.1,0.1,0.1,0.1,0.1,0.1,0.1,0.1,0.1,0.1,0.1,0.1,0.1,0.1,0.1,0.1,0.1,0.1,0.1,0.1,0.1,0.1,0.1,0.1,0.1,0.1,0.1,0.1,0.1,0.1,0.1,0.1,0.1,0.1,0.1,0.1,0.1,0.1,0.1,0.1,0.1,0.1,0.1,0.1,0.1,0.1,0.1,0.1,0.1,0.1,0.1,0.1,0.1,0.1,0.1,0.1,0.1,0.1,0.1,0.1,0.1,0.1,0.1,0.1,0.1,0.1,0.1,0.1,0.1,0.1,0.1,0.1,0.1,0.1,0.1,0.1,0.1,0.1,0.1,0.1,0.1,0.1,0.1,0.1,0.1,0.1,0.1,0.1,0.1,0.1,0.1,0.1,0.1,0.1,0.1,0.1,0.1,0.1,0.1,0.1,0.1,0.1,0.1,0.1,0.1,0.1,0.1,0.1,0.1,0.1,0.1,0.1,0.1,0.1,0.1,0.1,0.1,0.1,0.1,0.1,0.1,0.1,0.1,0.1,0.1,0.1,0.1,0.1,0.1,0.1,0.1,0.1,0.1,0.1,0.1,0.1,0.1,0.1,0.1,0.1,0.1,0.1,0.1,0.1,0.1,0.1,0.1,0.1,0.1,0.1,0.1,0.1,0.1,0.1,0.1,0.1,0.1,0.1,0.1,0.1,210.555,PiecewiseConstant,XGBoost,GenHyp,"",10,TRUE,1,0,1,0.5,0.1,2000,100,1,1000,1236,ASGiZ,2019-02-20T15:29:53.588620Z
empirical_independence,0,0,0,0,0,0,0,0,0,0,0,1.15519108644691,2.999940111945,1.69567594704446,1.06798215383374,3.32312405550513,3.9027051681586,1.07059384359995,1.2455979571086,2.16336388265712,1.07888267875238,1.97030568850519,1.33842167453904,1.87975133700157,0.977500887330841,1.23355556532557,1.77236970743657,0.954252489573997,1.00819935703272,0.929094139846217,0.815103020502631,0.822769888103531,1.17310180666927,1.03687839389568,1.29902225574257,0.659255171395805,1.15777523548886,1.30937514519597,1.09078165817719,0.769597212020881,0.809552441498978,0.832158116789056,0.734920150375157,1.05580887196228,Inf,Inf,Inf,Inf,Inf,Inf,Inf,Inf,Inf,Inf,Inf,Inf,Inf,Inf,Inf,Inf,Inf,Inf,Inf,Inf,Inf,Inf,Inf,Inf,Inf,Inf,Inf,Inf,Inf,Inf,Inf,Inf,Inf,Inf,Inf,Inf,Inf,Inf,Inf,Inf,Inf,Inf,Inf,Inf,Inf,Inf,Inf,Inf,Inf,Inf,Inf,Inf,Inf,Inf,Inf,Inf,Inf,Inf,Inf,Inf,Inf,Inf,Inf,Inf,Inf,Inf,Inf,Inf,Inf,Inf,Inf,Inf,Inf,Inf,Inf,Inf,Inf,Inf,Inf,Inf,Inf,Inf,Inf,Inf,Inf,Inf,Inf,Inf,Inf,Inf,Inf,Inf,Inf,Inf,Inf,Inf,Inf,Inf,Inf,Inf,Inf,Inf,Inf,Inf,Inf,Inf,Inf,Inf,Inf,Inf,Inf,Inf,Inf,Inf,Inf,Inf,Inf,Inf,Inf,Inf,Inf,Inf,Inf,Inf,Inf,Inf,Inf,Inf,Inf,Inf,Inf,Inf,Inf,Inf,Inf,Inf,Inf,Inf,Inf,Inf,Inf,Inf,Inf,Inf,Inf,Inf,Inf,Inf,Inf,Inf,Inf,Inf,Inf,Inf,Inf,Inf,Inf,Inf,Inf,Inf,Inf,Inf,Inf,Inf,Inf,Inf,Inf,Inf,Inf,Inf,Inf,Inf,Inf,Inf,Inf,173.053999999999,PiecewiseConstant,XGBoost,GenHyp,"",10,TRUE,1,0,1,0.5,0.1,2000,100,1,1000,1236,ASGiZ,2019-02-20T15:29:53.588620Z
Gaussian,0.829816973615817,0.805113364744395,0.711618204481526,0.81697250846445,0.736580928124051,0.376733787001673,0.677038820328787,0.6583592662066,0.443124510389387,0.380070411560781,0.643542877491747,0.698055029763061,0.323780235370056,1.00811417584375,0.522748713034973,0.713038760295218,3.06070067502015,0.681087369665656,0.473268166726183,1.77381417530499,1.33249179390142,1.05870990949255,0.227776651151241,0.366338413185459,0.28189346100937,0.225774580791255,0.466875983353988,0.594753335421011,0.325609253691045,0.31741640370021,0.453910893625492,0.510059398112204,0.377040837404128,0.247593059248244,0.375381196762007,0.338947391296493,0.24558318714005,0.383543281322155,0.726040426699385,0.332989772941908,0.352580753588676,0.26801715358019,0.562685854259095,0.424257239015266,,,,,,,,,,,,,,,,,,,,,,,,,,,,,,,,,,,,,,,,,,,,,,,,,,,,,,,,,,,,,,,,,,,,,,,,,,,,,,,,,,,,,,,,,,,,,,,,,,,,,,,,,,,,,,,,,,,,,,,,,,,,,,,,,,,,,,,,,,,,,,,,,,,,,,,,,,,,,,,,,,,,,,,,,,,,,,,,211.437,PiecewiseConstant,XGBoost,GenHyp,"",10,TRUE,1,0,1,0.5,0.1,2000,100,1,1000,1236,ASGiZ,2019-02-20T15:29:53.588620Z
copula,0.653898852780405,0.712803598711255,0.52970964367465,0.683571126994806,0.659233309439132,0.249721274537837,0.524762776385914,0.500806359510536,0.332769190013727,0.290790354334661,0.513806648638292,0.739133546576374,0.524722533467613,1.51908535420261,0.743015479496569,0.695993163356059,3.53710500923861,1.09105378508109,0.585963581694827,1.89706891953098,1.78386601986798,1.31170073925127,0.463229277021534,0.539857819304556,0.459709240611167,0.390332597325254,0.603964559653494,0.715955341646674,0.479133863285736,0.46379788602726,0.543861848592228,0.583516340806015,0.524335877427392,0.452898140351404,0.578208826489414,0.422274401721833,0.408202444631696,0.627134309267109,0.891611084259919,0.45287378609029,0.51353064552545,0.465890971148202,0.659859105524247,0.569560812092655,,,,,,,,,,,,,,,,,,,,,,,,,,,,,,,,,,,,,,,,,,,,,,,,,,,,,,,,,,,,,,,,,,,,,,,,,,,,,,,,,,,,,,,,,,,,,,,,,,,,,,,,,,,,,,,,,,,,,,,,,,,,,,,,,,,,,,,,,,,,,,,,,,,,,,,,,,,,,,,,,,,,,,,,,,,,,,,,1779.807,PiecewiseConstant,XGBoost,GenHyp,"",10,TRUE,1,0,1,0.5,0.1,2000,100,1,1000,1236,ASGiZ,2019-02-20T15:29:53.588620Z
treeSHAP,0.000192361135412992,-0.086843239429212,-0.00613525470082231,-0.000726529700247296,-0.0293576165131519,-0.00664261569144724,0.0184283355046351,0.309105062152951,0.00296511108819037,0.00930616147024394,0.0210291775316553,1.07520612353023,3.48367031291961,1.71275644201439,1.05493351869791,3.11888151980572,4.02297303034987,1.04901257855217,0.555042742922865,2.16282871908025,1.01377871840513,1.92490837062782,1.33816421422607,2.04299503242817,0.983498104244896,1.23445178008068,1.82440225762702,0.960591222134844,0.989619921025761,0.64190643800311,0.812686149498521,0.815113058671984,1.16434281779411,1.03277269414314,1.24042408522218,0.668358414916371,1.15230083787741,1.39918933912228,1.09234507756308,0.774952469205472,0.676303870303569,0.837003445113729,0.726132191969034,1.07685099768301,,,,,,,,,,,,,,,,,,,,,,,,,,,,,,,,,,,,,,,,,,,,,,,,,,,,,,,,,,,,,,,,,,,,,,,,,,,,,,,,,,,,,,,,,,,,,,,,,,,,,,,,,,,,,,,,,,,,,,,,,,,,,,,,,,,,,,,,,,,,,,,,,,,,,,,,,,,,,,,,,,,,,,,,,,,,,,,,0.00700000000142609,PiecewiseConstant,XGBoost,GenHyp,"",10,TRUE,1,0,1,0.5,0.1,2000,100,1,1000,1236,ASGiZ,2019-02-20T15:29:53.588620Z
empirical_sigma.01,0.827076537529039,0.727239305110918,0.742598723399009,0.75606765271255,0.778192682227613,0.664953516150267,0.685991461407942,0.61103603294629,0.695967846678469,0.712883883349996,0.720200764151209,1.18922903806436,0.472677507043834,0.997459720242033,1.07968981670843,0.551147110788411,0.631341757998245,0.708393946363838,0.226814445981346,0.383842296465818,0.447843760274372,0.668843939993068,0.22983896619794,0.480603422509308,0.283674470232131,0.289672213181873,0.451981088159876,0.225925379973998,0.26928871078866,0.342314483740134,0.223556795545361,0.234598781372907,0.303145431170219,0.205336996915307,0.528684277487907,0.45330593087876,0.327841633631003,0.373812834353409,0.381424485520343,0.326710773439262,0.637941407491991,0.26367176933214,0.393574743967159,0.415016536394115,0.1,0.1,0.1,0.1,0.1,0.1,0.1,0.1,0.1,0.1,0.1,0.1,0.1,0.1,0.1,0.1,0.1,0.1,0.1,0.1,0.1,0.1,0.1,0.1,0.1,0.1,0.1,0.1,0.1,0.1,0.1,0.1,0.1,0.1,0.1,0.1,0.1,0.1,0.1,0.1,0.1,0.1,0.1,0.1,0.1,0.1,0.1,0.1,0.1,0.1,0.1,0.1,0.1,0.1,0.1,0.1,0.1,0.1,0.1,0.1,0.1,0.1,0.1,0.1,0.1,0.1,0.1,0.1,0.1,0.1,0.1,0.1,0.1,0.1,0.1,0.1,0.1,0.1,0.1,0.1,0.1,0.1,0.1,0.1,0.1,0.1,0.1,0.1,0.1,0.1,0.1,0.1,0.1,0.1,0.1,0.1,0.1,0.1,0.1,0.1,0.1,0.1,0.1,0.1,0.1,0.1,0.1,0.1,0.1,0.1,0.1,0.1,0.1,0.1,0.1,0.1,0.1,0.1,0.1,0.1,0.1,0.1,0.1,0.1,0.1,0.1,0.1,0.1,0.1,0.1,0.1,0.1,0.1,0.1,0.1,0.1,0.1,0.1,0.1,0.1,0.1,0.1,0.1,0.1,0.1,0.1,0.1,0.1,0.1,0.1,0.1,0.1,0.1,0.1,0.1,0.1,0.1,0.1,0.1,0.1,0.1,0.1,0.1,0.1,0.1,0.1,0.1,0.1,0.1,0.1,0.1,0.1,0.1,0.1,0.1,176.481,PiecewiseConstant,XGBoost,GenHyp,"",10,TRUE,1,0,1,0.5,0.1,2000,100,1,1000,1240,ifdqd,2019-02-20T16:53:59.002950Z
comb_sigma.01,0.890194491411232,0.804460728191014,0.78918980177574,0.824666960296104,0.838213296808617,0.724037218232894,0.748860341843539,0.677514923178094,0.757313762238542,0.762940774373697,0.781739229834947,0.677976351240543,0.278555738080871,1.57638321745655,0.367802893299952,0.475469669834164,0.609470147485759,0.615325848952861,0.254707882116588,0.261486917004333,0.455272009785839,0.557245067525746,0.145946560497072,0.344539536037596,0.232327796079654,0.208209818089779,0.329675913728323,0.186084616119646,0.215373362380818,0.283808583664885,0.178448749726594,0.193697957794996,0.231811289411936,0.144883385663225,0.353924751084431,0.381369349194788,0.271166935883027,0.273118938830869,0.225427034979492,0.312507294451101,0.556774824505238,0.16922975765723,0.275244012320908,0.321447173915822,0.1,0.1,0.1,0.1,0.1,0.1,0.1,0.1,0.1,0.1,0.1,0.1,0.1,0.1,0.1,0.1,0.1,0.1,0.1,0.1,0.1,0.1,0.1,0.1,0.1,0.1,0.1,0.1,0.1,0.1,0.1,0.1,0.1,0.1,0.1,0.1,0.1,0.1,0.1,0.1,0.1,0.1,0.1,0.1,0.1,0.1,0.1,0.1,0.1,0.1,0.1,0.1,0.1,0.1,0.1,0.1,0.1,0.1,0.1,0.1,0.1,0.1,0.1,0.1,0.1,0.1,0.1,0.1,0.1,0.1,0.1,0.1,0.1,0.1,0.1,0.1,0.1,0.1,0.1,0.1,0.1,0.1,0.1,0.1,0.1,0.1,0.1,0.1,0.1,0.1,0.1,0.1,0.1,0.1,0.1,0.1,0.1,0.1,0.1,0.1,0.1,0.1,0.1,0.1,0.1,0.1,0.1,0.1,0.1,0.1,0.1,0.1,0.1,0.1,0.1,0.1,0.1,0.1,0.1,0.1,0.1,0.1,0.1,0.1,0.1,0.1,0.1,0.1,0.1,0.1,0.1,0.1,0.1,0.1,0.1,0.1,0.1,0.1,0.1,0.1,0.1,0.1,0.1,0.1,0.1,0.1,0.1,0.1,0.1,0.1,0.1,0.1,0.1,0.1,0.1,0.1,0.1,0.1,0.1,0.1,0.1,0.1,0.1,0.1,0.1,0.1,0.1,0.1,0.1,0.1,0.1,0.1,0.1,0.1,0.1,1376.973,PiecewiseConstant,XGBoost,GenHyp,"",10,TRUE,1,0,1,0.5,0.1,2000,100,1,1000,1240,ifdqd,2019-02-20T16:53:59.002950Z
comb_Gauss_sigma.01,0.89930220046529,0.838960198370006,0.838643362296311,0.88679360829473,0.854818043284,0.77593474454627,0.756688823305454,0.739637022573219,0.804723800190299,0.795064816944742,0.819056662027032,0.365413707103962,0.239769452417024,0.988489561700901,0.286464901148184,0.378401410168045,0.479798098667681,0.517925336220656,0.18813400333755,0.228579149271015,0.313498873621685,0.39864744936567,0.13384116772096,0.283751586184616,0.17782646350269,0.13443377393879,0.295840098679769,0.15108956642583,0.208659781629911,0.22913695291108,0.143587844242134,0.1674498274989,0.192561706273468,0.146273886960301,0.297450655524669,0.271051549660986,0.155818331418702,0.425061705756864,0.158964296732877,0.425264829825494,0.36990395125613,0.122971061777953,0.195171772482055,0.284569591144924,0.1,0.1,0.1,0.1,0.1,0.1,0.1,0.1,0.1,0.1,0.1,0.1,0.1,0.1,0.1,0.1,0.1,0.1,0.1,0.1,0.1,0.1,0.1,0.1,0.1,0.1,0.1,0.1,0.1,0.1,0.1,0.1,0.1,0.1,0.1,0.1,0.1,0.1,0.1,0.1,0.1,0.1,0.1,0.1,0.1,0.1,0.1,0.1,0.1,0.1,0.1,0.1,0.1,0.1,0.1,0.1,0.1,0.1,0.1,0.1,0.1,0.1,0.1,0.1,0.1,0.1,0.1,0.1,0.1,0.1,0.1,0.1,0.1,0.1,0.1,0.1,0.1,0.1,0.1,0.1,0.1,0.1,0.1,0.1,0.1,0.1,0.1,0.1,0.1,0.1,0.1,0.1,0.1,0.1,0.1,0.1,0.1,0.1,0.1,0.1,0.1,0.1,0.1,0.1,0.1,0.1,0.1,0.1,0.1,0.1,0.1,0.1,0.1,0.1,0.1,0.1,0.1,0.1,0.1,0.1,0.1,0.1,0.1,0.1,0.1,0.1,0.1,0.1,0.1,0.1,0.1,0.1,0.1,0.1,0.1,0.1,0.1,0.1,0.1,0.1,0.1,0.1,0.1,0.1,0.1,0.1,0.1,0.1,0.1,0.1,0.1,0.1,0.1,0.1,0.1,0.1,0.1,0.1,0.1,0.1,0.1,0.1,0.1,0.1,0.1,0.1,0.1,0.1,0.1,0.1,0.1,0.1,0.1,0.1,0.1,214.379000000001,PiecewiseConstant,XGBoost,GenHyp,"",10,TRUE,1,0,1,0.5,0.1,2000,100,1,1000,1240,ifdqd,2019-02-20T16:53:59.002950Z
empirical_independence,0,0,0,0,0,0,0,0,0,0,0,1.09087403015606,2.34921080650866,5.86103037623893,0.978563371140079,3.00116563330846,2.00172418975403,1.05658809375197,1.00721548751766,1.09731613467631,1.11684072023287,1.9560528843285,1.32913696564766,1.76199662016826,1.10207095309736,1.18751045690764,2.03771946164413,0.674310553503151,0.857584038943939,0.880067339741179,0.735306424346959,0.817086773498277,1.13827895874985,0.831600815252355,1.47629843061469,1.17539002512827,1.04039363592447,1.56238420379363,0.655259009763617,0.868430123800206,0.775603121714061,0.668464404758049,0.685933522394953,1.1068148876306,Inf,Inf,Inf,Inf,Inf,Inf,Inf,Inf,Inf,Inf,Inf,Inf,Inf,Inf,Inf,Inf,Inf,Inf,Inf,Inf,Inf,Inf,Inf,Inf,Inf,Inf,Inf,Inf,Inf,Inf,Inf,Inf,Inf,Inf,Inf,Inf,Inf,Inf,Inf,Inf,Inf,Inf,Inf,Inf,Inf,Inf,Inf,Inf,Inf,Inf,Inf,Inf,Inf,Inf,Inf,Inf,Inf,Inf,Inf,Inf,Inf,Inf,Inf,Inf,Inf,Inf,Inf,Inf,Inf,Inf,Inf,Inf,Inf,Inf,Inf,Inf,Inf,Inf,Inf,Inf,Inf,Inf,Inf,Inf,Inf,Inf,Inf,Inf,Inf,Inf,Inf,Inf,Inf,Inf,Inf,Inf,Inf,Inf,Inf,Inf,Inf,Inf,Inf,Inf,Inf,Inf,Inf,Inf,Inf,Inf,Inf,Inf,Inf,Inf,Inf,Inf,Inf,Inf,Inf,Inf,Inf,Inf,Inf,Inf,Inf,Inf,Inf,Inf,Inf,Inf,Inf,Inf,Inf,Inf,Inf,Inf,Inf,Inf,Inf,Inf,Inf,Inf,Inf,Inf,Inf,Inf,Inf,Inf,Inf,Inf,Inf,Inf,Inf,Inf,Inf,Inf,Inf,Inf,Inf,Inf,Inf,Inf,Inf,Inf,Inf,Inf,Inf,Inf,Inf,Inf,Inf,Inf,Inf,Inf,Inf,172.527,PiecewiseConstant,XGBoost,GenHyp,"",10,TRUE,1,0,1,0.5,0.1,2000,100,1,1000,1240,ifdqd,2019-02-20T16:53:59.002950Z
Gaussian,0.851527601952695,0.764725306351909,0.693345268678622,0.806635814094491,0.78797599386072,0.345821234731098,0.566217155736272,0.610908626453392,0.430496384988054,0.295806953016209,0.615346033986346,0.608725967389518,0.384369980181001,2.6824835317139,0.527888513017089,0.526326734815462,1.28792605308748,1.54722290384518,0.433663344771816,0.719330605054654,1.91674043049511,1.06346780643712,0.197340152623026,0.414553215019059,0.337955272019167,0.229621992754225,0.432045443645764,0.441119645298481,0.372005243608278,0.342426610033405,0.418759666807101,0.575386824679907,0.376121406648841,0.186924883159969,0.349952621735979,0.457548266429037,0.287635368350438,0.394888972799018,0.344530360404189,0.460140820885061,0.269513588462412,0.415734414864333,0.526132137564835,0.393891583752569,,,,,,,,,,,,,,,,,,,,,,,,,,,,,,,,,,,,,,,,,,,,,,,,,,,,,,,,,,,,,,,,,,,,,,,,,,,,,,,,,,,,,,,,,,,,,,,,,,,,,,,,,,,,,,,,,,,,,,,,,,,,,,,,,,,,,,,,,,,,,,,,,,,,,,,,,,,,,,,,,,,,,,,,,,,,,,,,214.434999999999,PiecewiseConstant,XGBoost,GenHyp,"",10,TRUE,1,0,1,0.5,0.1,2000,100,1,1000,1240,ifdqd,2019-02-20T16:53:59.002950Z
copula,0.714806061916658,0.679077425946287,0.497199939850971,0.617822355599047,0.718107134548851,0.226896696930206,0.397605293993624,0.470963260275964,0.332378884410117,0.220383771880624,0.487524082535235,1.95242077851957,0.384607484167546,4.46479902782366,1.10212343648182,0.650117221622563,1.60264878664367,1.96711578724853,0.597271145372187,0.803962141989112,2.05505349829628,1.55801193081649,0.379061805485198,0.56546449081834,0.554121341505852,0.453839949122462,0.574418578028436,0.521311716208107,0.516604085015395,0.465587956154279,0.490906095322924,0.637014108400957,0.515833012606195,0.329869164348043,0.560805692219723,0.642345294339447,0.517967436819915,0.489353637401705,0.425208107921893,0.555124380854867,0.474300819809023,0.476167882980448,0.603340573708526,0.516945308930463,,,,,,,,,,,,,,,,,,,,,,,,,,,,,,,,,,,,,,,,,,,,,,,,,,,,,,,,,,,,,,,,,,,,,,,,,,,,,,,,,,,,,,,,,,,,,,,,,,,,,,,,,,,,,,,,,,,,,,,,,,,,,,,,,,,,,,,,,,,,,,,,,,,,,,,,,,,,,,,,,,,,,,,,,,,,,,,,1775.671,PiecewiseConstant,XGBoost,GenHyp,"",10,TRUE,1,0,1,0.5,0.1,2000,100,1,1000,1240,ifdqd,2019-02-20T16:53:59.002950Z
treeSHAP,0.00585537397890083,0.039431626637038,0.00647870664027146,-0.00245708113072123,-0.112042182213455,-0.0153323818700642,-0.0169302657129401,0.294690373570543,-0.000129172366425557,0.00106685893383908,0.0200631856466986,1.06484330646924,2.35640584640138,5.86620691782124,1.00290674921075,3.18537270390279,1.99565929990149,1.0561200935012,0.657499403267341,1.10435871946502,1.09923033786249,1.93886033778029,1.32135437164461,1.69251822730606,1.09493095869548,1.19042826644384,2.26602999686556,0.684649340408475,0.872103164594436,0.620719966625617,0.735401405617839,0.816215057174248,1.12943507553762,0.831044378493703,1.46551352169872,1.14634120462255,1.06690434680196,1.98111916049251,0.661316667379827,0.887614308919178,0.590956423421373,0.657184277460659,0.691620395986521,1.18423518337392,,,,,,,,,,,,,,,,,,,,,,,,,,,,,,,,,,,,,,,,,,,,,,,,,,,,,,,,,,,,,,,,,,,,,,,,,,,,,,,,,,,,,,,,,,,,,,,,,,,,,,,,,,,,,,,,,,,,,,,,,,,,,,,,,,,,,,,,,,,,,,,,,,,,,,,,,,,,,,,,,,,,,,,,,,,,,,,,0.00799999999981083,PiecewiseConstant,XGBoost,GenHyp,"",10,TRUE,1,0,1,0.5,0.1,2000,100,1,1000,1240,ifdqd,2019-02-20T16:53:59.002950Z
empirical_sigma.01,0.794115959680372,0.68767088444111,0.736645388672193,0.78771058914667,0.79183122296762,0.717831921758816,0.779012767364511,0.749275289755822,0.691726931653891,0.712916094234276,0.744873704967528,0.578465109466191,0.51633683663349,2.1688935843133,0.486771841756794,0.610325858382554,0.851863204460982,0.507148318745955,0.224247048869853,1.95962251698302,0.726423377360633,0.863009769697277,0.264371795583878,0.522895784509335,0.244963058320984,0.248783892293822,0.408480957077548,0.198559109545646,0.215814487520794,0.231326145956043,0.212662378504686,0.199449289698873,0.274730689901161,0.193211314644152,0.493072845049252,0.19552068426536,0.226902043834427,0.412325974839832,0.208178526769578,0.20868805211401,0.236001432829609,0.209416291642964,0.245352813278296,0.2969255852663,0.1,0.1,0.1,0.1,0.1,0.1,0.1,0.1,0.1,0.1,0.1,0.1,0.1,0.1,0.1,0.1,0.1,0.1,0.1,0.1,0.1,0.1,0.1,0.1,0.1,0.1,0.1,0.1,0.1,0.1,0.1,0.1,0.1,0.1,0.1,0.1,0.1,0.1,0.1,0.1,0.1,0.1,0.1,0.1,0.1,0.1,0.1,0.1,0.1,0.1,0.1,0.1,0.1,0.1,0.1,0.1,0.1,0.1,0.1,0.1,0.1,0.1,0.1,0.1,0.1,0.1,0.1,0.1,0.1,0.1,0.1,0.1,0.1,0.1,0.1,0.1,0.1,0.1,0.1,0.1,0.1,0.1,0.1,0.1,0.1,0.1,0.1,0.1,0.1,0.1,0.1,0.1,0.1,0.1,0.1,0.1,0.1,0.1,0.1,0.1,0.1,0.1,0.1,0.1,0.1,0.1,0.1,0.1,0.1,0.1,0.1,0.1,0.1,0.1,0.1,0.1,0.1,0.1,0.1,0.1,0.1,0.1,0.1,0.1,0.1,0.1,0.1,0.1,0.1,0.1,0.1,0.1,0.1,0.1,0.1,0.1,0.1,0.1,0.1,0.1,0.1,0.1,0.1,0.1,0.1,0.1,0.1,0.1,0.1,0.1,0.1,0.1,0.1,0.1,0.1,0.1,0.1,0.1,0.1,0.1,0.1,0.1,0.1,0.1,0.1,0.1,0.1,0.1,0.1,0.1,0.1,0.1,0.1,0.1,0.1,175.189,PiecewiseConstant,XGBoost,GenHyp,"",10,TRUE,1,0,1,0.5,0.1,2000,100,1,1000,1243,981he,2019-02-20T16:54:32.386323Z
comb_sigma.01,0.872205172707082,0.781406049036611,0.837620702345964,0.823573527812792,0.824594880656674,0.729321194722041,0.834622992202076,0.79575923224976,0.742721689261495,0.699452794481419,0.794127823547591,0.328621989151397,0.416058311420348,1.54000471066856,0.275086317323474,0.446792326256851,0.996355518583781,0.294224439865689,0.271330499745499,1.33881507607623,0.557743937472618,0.646503312656445,0.164098916580954,0.365966058826958,0.151039426121285,0.206755788138328,0.344190190513144,0.190474212688692,0.161505955615554,0.188438664879715,0.177483611503453,0.2088028115048,0.215875563637288,0.214908679403947,0.309328030067603,0.114725047820259,0.22340920745386,0.239208987622016,0.186916856979265,0.129888127155261,0.148672117075682,0.244389604690968,0.251511977666854,0.225125423977529,0.1,0.1,0.1,0.1,0.1,0.1,0.1,0.1,0.1,0.1,0.1,0.1,0.1,0.1,0.1,0.1,0.1,0.1,0.1,0.1,0.1,0.1,0.1,0.1,0.1,0.1,0.1,0.1,0.1,0.1,0.1,0.1,0.1,0.1,0.1,0.1,0.1,0.1,0.1,0.1,0.1,0.1,0.1,0.1,0.1,0.1,0.1,0.1,0.1,0.1,0.1,0.1,0.1,0.1,0.1,0.1,0.1,0.1,0.1,0.1,0.1,0.1,0.1,0.1,0.1,0.1,0.1,0.1,0.1,0.1,0.1,0.1,0.1,0.1,0.1,0.1,0.1,0.1,0.1,0.1,0.1,0.1,0.1,0.1,0.1,0.1,0.1,0.1,0.1,0.1,0.1,0.1,0.1,0.1,0.1,0.1,0.1,0.1,0.1,0.1,0.1,0.1,0.1,0.1,0.1,0.1,0.1,0.1,0.1,0.1,0.1,0.1,0.1,0.1,0.1,0.1,0.1,0.1,0.1,0.1,0.1,0.1,0.1,0.1,0.1,0.1,0.1,0.1,0.1,0.1,0.1,0.1,0.1,0.1,0.1,0.1,0.1,0.1,0.1,0.1,0.1,0.1,0.1,0.1,0.1,0.1,0.1,0.1,0.1,0.1,0.1,0.1,0.1,0.1,0.1,0.1,0.1,0.1,0.1,0.1,0.1,0.1,0.1,0.1,0.1,0.1,0.1,0.1,0.1,0.1,0.1,0.1,0.1,0.1,0.1,1375.508,PiecewiseConstant,XGBoost,GenHyp,"",10,TRUE,1,0,1,0.5,0.1,2000,100,1,1000,1243,981he,2019-02-20T16:54:32.386323Z
comb_Gauss_sigma.01,0.889881763285753,0.865289017149209,0.847174252174559,0.875474231483475,0.870097378977121,0.778897487086724,0.861844602632333,0.829109682164791,0.760732370970426,0.746769276942469,0.832527006286686,0.201959618766094,0.258059229945313,1.03060900541978,0.217830167200743,0.410510371132337,0.744087014612247,0.231178241309937,0.149701029929196,1.46830551530372,0.415206894889122,0.512744708850848,0.141400741511971,0.22553070319346,0.142153055109838,0.145932881239303,0.254902525339108,0.155587826787549,0.134921533364396,0.157668538404224,0.165058930906925,0.175930056786161,0.169908679264293,0.143144294476821,0.189708233497316,0.110160154240414,0.164262923439483,0.202403833518819,0.156550884671008,0.0987342582376651,0.126732442482205,0.239807054667656,0.195149076118612,0.171480759001733,0.1,0.1,0.1,0.1,0.1,0.1,0.1,0.1,0.1,0.1,0.1,0.1,0.1,0.1,0.1,0.1,0.1,0.1,0.1,0.1,0.1,0.1,0.1,0.1,0.1,0.1,0.1,0.1,0.1,0.1,0.1,0.1,0.1,0.1,0.1,0.1,0.1,0.1,0.1,0.1,0.1,0.1,0.1,0.1,0.1,0.1,0.1,0.1,0.1,0.1,0.1,0.1,0.1,0.1,0.1,0.1,0.1,0.1,0.1,0.1,0.1,0.1,0.1,0.1,0.1,0.1,0.1,0.1,0.1,0.1,0.1,0.1,0.1,0.1,0.1,0.1,0.1,0.1,0.1,0.1,0.1,0.1,0.1,0.1,0.1,0.1,0.1,0.1,0.1,0.1,0.1,0.1,0.1,0.1,0.1,0.1,0.1,0.1,0.1,0.1,0.1,0.1,0.1,0.1,0.1,0.1,0.1,0.1,0.1,0.1,0.1,0.1,0.1,0.1,0.1,0.1,0.1,0.1,0.1,0.1,0.1,0.1,0.1,0.1,0.1,0.1,0.1,0.1,0.1,0.1,0.1,0.1,0.1,0.1,0.1,0.1,0.1,0.1,0.1,0.1,0.1,0.1,0.1,0.1,0.1,0.1,0.1,0.1,0.1,0.1,0.1,0.1,0.1,0.1,0.1,0.1,0.1,0.1,0.1,0.1,0.1,0.1,0.1,0.1,0.1,0.1,0.1,0.1,0.1,0.1,0.1,0.1,0.1,0.1,0.1,214.962,PiecewiseConstant,XGBoost,GenHyp,"",10,TRUE,1,0,1,0.5,0.1,2000,100,1,1000,1243,981he,2019-02-20T16:54:32.386323Z
empirical_independence,0,0,0,0,0,0,0,0,0,0,0,0.940339844879238,3.30923816947584,7.31876209429674,0.996419241889891,3.44718749596023,2.47673512776084,0.99753767016468,0.768639642032253,4.44407657789815,1.08307940713477,2.57820152714926,1.28408105442972,1.67418200372915,0.930164302367463,1.17190909944023,1.96225852359218,0.703690902186061,0.976592561239828,0.922630026098174,0.689850656256234,0.694742149222515,1.10101012785615,0.99982133453582,0.908978991158301,0.842834797894588,0.683089322415449,1.08858314204446,0.525260857980263,0.833314537899987,0.686062492493308,0.553185236738044,0.523579384919504,0.884987992015772,Inf,Inf,Inf,Inf,Inf,Inf,Inf,Inf,Inf,Inf,Inf,Inf,Inf,Inf,Inf,Inf,Inf,Inf,Inf,Inf,Inf,Inf,Inf,Inf,Inf,Inf,Inf,Inf,Inf,Inf,Inf,Inf,Inf,Inf,Inf,Inf,Inf,Inf,Inf,Inf,Inf,Inf,Inf,Inf,Inf,Inf,Inf,Inf,Inf,Inf,Inf,Inf,Inf,Inf,Inf,Inf,Inf,Inf,Inf,Inf,Inf,Inf,Inf,Inf,Inf,Inf,Inf,Inf,Inf,Inf,Inf,Inf,Inf,Inf,Inf,Inf,Inf,Inf,Inf,Inf,Inf,Inf,Inf,Inf,Inf,Inf,Inf,Inf,Inf,Inf,Inf,Inf,Inf,Inf,Inf,Inf,Inf,Inf,Inf,Inf,Inf,Inf,Inf,Inf,Inf,Inf,Inf,Inf,Inf,Inf,Inf,Inf,Inf,Inf,Inf,Inf,Inf,Inf,Inf,Inf,Inf,Inf,Inf,Inf,Inf,Inf,Inf,Inf,Inf,Inf,Inf,Inf,Inf,Inf,Inf,Inf,Inf,Inf,Inf,Inf,Inf,Inf,Inf,Inf,Inf,Inf,Inf,Inf,Inf,Inf,Inf,Inf,Inf,Inf,Inf,Inf,Inf,Inf,Inf,Inf,Inf,Inf,Inf,Inf,Inf,Inf,Inf,Inf,Inf,Inf,Inf,Inf,Inf,Inf,Inf,174.51,PiecewiseConstant,XGBoost,GenHyp,"",10,TRUE,1,0,1,0.5,0.1,2000,100,1,1000,1243,981he,2019-02-20T16:54:32.386323Z
Gaussian,0.826510250969202,0.763526438304643,0.707192747596989,0.743565560898358,0.813448294391141,0.355654247005103,0.674295971709618,0.657434289940495,0.297271826991246,0.145566406075629,0.598446603388243,0.450635536328531,0.435397266292269,1.74683603291975,0.383028296510794,0.477900327970854,2.13705599014948,0.603026213946649,0.456763393118587,3.39955959941768,2.12882437311195,1.22190270297665,0.222774899868213,0.3958997813481,0.272358853659581,0.300517852593065,0.366062674421641,0.453420244244736,0.318080131194234,0.316061410012541,0.484777491319833,0.593611031410936,0.372356437007288,0.249228752449874,0.304742428435443,0.28051275922087,0.309585501128228,0.268722201694115,0.442196643714395,0.2264862920145,0.306483654673031,0.429838545735252,0.573692810945982,0.368453120702437,,,,,,,,,,,,,,,,,,,,,,,,,,,,,,,,,,,,,,,,,,,,,,,,,,,,,,,,,,,,,,,,,,,,,,,,,,,,,,,,,,,,,,,,,,,,,,,,,,,,,,,,,,,,,,,,,,,,,,,,,,,,,,,,,,,,,,,,,,,,,,,,,,,,,,,,,,,,,,,,,,,,,,,,,,,,,,,,216.499,PiecewiseConstant,XGBoost,GenHyp,"",10,TRUE,1,0,1,0.5,0.1,2000,100,1,1000,1243,981he,2019-02-20T16:54:32.386323Z
copula,0.660109445712777,0.640959937764751,0.513091389750859,0.604727059407778,0.755552618088139,0.245473589708313,0.524546574781396,0.554917951819345,0.238359872981829,0.0963618326107301,0.483410027262592,1.09929896534114,0.666649300404856,4.38875000958252,0.636331202295099,0.523308708044939,2.54442785154977,0.86898597584135,0.603297501790435,3.79213654957613,2.2044388437346,1.73276249081608,0.436447021339838,0.601098410812047,0.452905007769103,0.463223955842521,0.47966895872634,0.530953370381367,0.464324278284486,0.410646061728746,0.525417941454567,0.627795522531516,0.499248052887053,0.480518276712796,0.448717129014211,0.40579321617375,0.546539795194581,0.371858399538371,0.506398383364651,0.358100862649148,0.360888617981228,0.449077213816865,0.603343027715677,0.462702208341259,,,,,,,,,,,,,,,,,,,,,,,,,,,,,,,,,,,,,,,,,,,,,,,,,,,,,,,,,,,,,,,,,,,,,,,,,,,,,,,,,,,,,,,,,,,,,,,,,,,,,,,,,,,,,,,,,,,,,,,,,,,,,,,,,,,,,,,,,,,,,,,,,,,,,,,,,,,,,,,,,,,,,,,,,,,,,,,,1782.447,PiecewiseConstant,XGBoost,GenHyp,"",10,TRUE,1,0,1,0.5,0.1,2000,100,1,1000,1243,981he,2019-02-20T16:54:32.386323Z
treeSHAP,0.000312131159806274,-0.265523545806567,0.0117491023118008,-0.0127793656918743,0.038634247619682,0.00827264106908304,-1.48997876891133e-05,0.292858166993224,-0.0114943364365911,0.00879550144812325,0.0070809642878998,1.15093699107705,4.13491687014033,7.29263772693704,1.06534869309094,3.22320355208482,2.25509727237669,0.965315147643725,0.544368560875766,4.5181669590753,1.08602324926632,2.6236015022568,1.28368025272091,2.11871674568485,0.919235706812163,1.18688535437961,1.88644814189788,0.697869519928696,0.97660711226165,0.652430287842152,0.697780031790247,0.688631543642956,1.11082846969611,0.983848265010929,1.27807142520685,0.81951100575577,0.692333979839847,1.01900959156156,0.521563072697143,0.834133534489837,0.501194277726649,0.545325368520079,0.515500551683129,0.9462246328399,,,,,,,,,,,,,,,,,,,,,,,,,,,,,,,,,,,,,,,,,,,,,,,,,,,,,,,,,,,,,,,,,,,,,,,,,,,,,,,,,,,,,,,,,,,,,,,,,,,,,,,,,,,,,,,,,,,,,,,,,,,,,,,,,,,,,,,,,,,,,,,,,,,,,,,,,,,,,,,,,,,,,,,,,,,,,,,,0.00600000000122236,PiecewiseConstant,XGBoost,GenHyp,"",10,TRUE,1,0,1,0.5,0.1,2000,100,1,1000,1243,981he,2019-02-20T16:54:32.386323Z
empirical_sigma.01,0.814291564592982,0.736408466092655,0.856033055843684,0.776310385060126,0.791755475588226,0.752341395974368,0.788391906285461,0.706886126356273,0.762861941520419,0.713853061846698,0.769913337916089,0.614669298595601,0.442504147709409,0.622701913009906,0.363805899328009,0.598949785161956,0.613260344893842,0.976576685816322,0.233776784242097,1.35087753288553,0.346976453915704,0.616409884555838,0.28133383506315,0.530740183907298,0.170219938271527,0.29246135508223,0.43609521262049,0.213836450769752,0.210475483826394,0.284493642721603,0.193993655836369,0.231352954450033,0.284500271254885,0.314676536208137,0.600901888953306,0.233736689822857,0.292277677437787,0.489456431438412,0.245881001115673,0.215896143938211,0.413624796793306,0.200915126639868,0.338093007763617,0.371409537709056,0.1,0.1,0.1,0.1,0.1,0.1,0.1,0.1,0.1,0.1,0.1,0.1,0.1,0.1,0.1,0.1,0.1,0.1,0.1,0.1,0.1,0.1,0.1,0.1,0.1,0.1,0.1,0.1,0.1,0.1,0.1,0.1,0.1,0.1,0.1,0.1,0.1,0.1,0.1,0.1,0.1,0.1,0.1,0.1,0.1,0.1,0.1,0.1,0.1,0.1,0.1,0.1,0.1,0.1,0.1,0.1,0.1,0.1,0.1,0.1,0.1,0.1,0.1,0.1,0.1,0.1,0.1,0.1,0.1,0.1,0.1,0.1,0.1,0.1,0.1,0.1,0.1,0.1,0.1,0.1,0.1,0.1,0.1,0.1,0.1,0.1,0.1,0.1,0.1,0.1,0.1,0.1,0.1,0.1,0.1,0.1,0.1,0.1,0.1,0.1,0.1,0.1,0.1,0.1,0.1,0.1,0.1,0.1,0.1,0.1,0.1,0.1,0.1,0.1,0.1,0.1,0.1,0.1,0.1,0.1,0.1,0.1,0.1,0.1,0.1,0.1,0.1,0.1,0.1,0.1,0.1,0.1,0.1,0.1,0.1,0.1,0.1,0.1,0.1,0.1,0.1,0.1,0.1,0.1,0.1,0.1,0.1,0.1,0.1,0.1,0.1,0.1,0.1,0.1,0.1,0.1,0.1,0.1,0.1,0.1,0.1,0.1,0.1,0.1,0.1,0.1,0.1,0.1,0.1,0.1,0.1,0.1,0.1,0.1,0.1,174.265000000001,PiecewiseConstant,XGBoost,GenHyp,"",10,TRUE,1,0,1,0.5,0.1,2000,100,1,1000,1237,Xeh7e,2019-02-20T16:54:46.225982Z
comb_sigma.01,0.871843235613681,0.801747396467615,0.81054125145663,0.825238435538277,0.810828969393052,0.796918974813373,0.83125712063704,0.735357010234959,0.777850944787542,0.742002981440644,0.800358632038281,0.260010075997682,0.265850300369968,1.18550324868579,0.223142278046808,0.577170736779204,0.406421536414951,0.698561565986432,0.391656920702618,0.989690520131721,0.490656070037281,0.548866325315246,0.194147529890422,0.399180587096795,0.224007369685066,0.228490732448639,0.396152460897599,0.175346727061808,0.167839700990311,0.256860063439047,0.181731720490454,0.208593434087452,0.243235032608759,0.265456083875393,0.359774173400642,0.280402081634966,0.247701079221656,0.360935111754915,0.22169930329033,0.183076448096879,0.28565107883672,0.218779947007947,0.221230203082148,0.281224266487729,0.1,0.1,0.1,0.1,0.1,0.1,0.1,0.1,0.1,0.1,0.1,0.1,0.1,0.1,0.1,0.1,0.1,0.1,0.1,0.1,0.1,0.1,0.1,0.1,0.1,0.1,0.1,0.1,0.1,0.1,0.1,0.1,0.1,0.1,0.1,0.1,0.1,0.1,0.1,0.1,0.1,0.1,0.1,0.1,0.1,0.1,0.1,0.1,0.1,0.1,0.1,0.1,0.1,0.1,0.1,0.1,0.1,0.1,0.1,0.1,0.1,0.1,0.1,0.1,0.1,0.1,0.1,0.1,0.1,0.1,0.1,0.1,0.1,0.1,0.1,0.1,0.1,0.1,0.1,0.1,0.1,0.1,0.1,0.1,0.1,0.1,0.1,0.1,0.1,0.1,0.1,0.1,0.1,0.1,0.1,0.1,0.1,0.1,0.1,0.1,0.1,0.1,0.1,0.1,0.1,0.1,0.1,0.1,0.1,0.1,0.1,0.1,0.1,0.1,0.1,0.1,0.1,0.1,0.1,0.1,0.1,0.1,0.1,0.1,0.1,0.1,0.1,0.1,0.1,0.1,0.1,0.1,0.1,0.1,0.1,0.1,0.1,0.1,0.1,0.1,0.1,0.1,0.1,0.1,0.1,0.1,0.1,0.1,0.1,0.1,0.1,0.1,0.1,0.1,0.1,0.1,0.1,0.1,0.1,0.1,0.1,0.1,0.1,0.1,0.1,0.1,0.1,0.1,0.1,0.1,0.1,0.1,0.1,0.1,0.1,1382.059,PiecewiseConstant,XGBoost,GenHyp,"",10,TRUE,1,0,1,0.5,0.1,2000,100,1,1000,1237,Xeh7e,2019-02-20T16:54:46.225982Z
comb_Gauss_sigma.01,0.919138790599346,0.850089837520871,0.847684960999765,0.845239934917488,0.85442167507609,0.818340211703517,0.851632590673508,0.785298781516216,0.790969348882336,0.794175711872917,0.835699184376206,0.180421307812165,0.199918190167363,1.00275895840499,0.181063571201468,0.320754048305954,0.305698746148317,0.557666291933975,0.35112817699953,0.845104071745048,0.39187526768369,0.43363886304025,0.122498442780325,0.301843333222201,0.180090344268849,0.202339918010103,0.304862808469781,0.156850938128052,0.147573288497124,0.208387037378726,0.17100005141378,0.166411206295223,0.196185736846417,0.113211051659388,0.269125626125941,0.286644126718347,0.20930214489149,0.249905746369075,0.206886802084382,0.13961552138379,0.222940849913624,0.215782368655153,0.163676066930512,0.221178597651977,0.1,0.1,0.1,0.1,0.1,0.1,0.1,0.1,0.1,0.1,0.1,0.1,0.1,0.1,0.1,0.1,0.1,0.1,0.1,0.1,0.1,0.1,0.1,0.1,0.1,0.1,0.1,0.1,0.1,0.1,0.1,0.1,0.1,0.1,0.1,0.1,0.1,0.1,0.1,0.1,0.1,0.1,0.1,0.1,0.1,0.1,0.1,0.1,0.1,0.1,0.1,0.1,0.1,0.1,0.1,0.1,0.1,0.1,0.1,0.1,0.1,0.1,0.1,0.1,0.1,0.1,0.1,0.1,0.1,0.1,0.1,0.1,0.1,0.1,0.1,0.1,0.1,0.1,0.1,0.1,0.1,0.1,0.1,0.1,0.1,0.1,0.1,0.1,0.1,0.1,0.1,0.1,0.1,0.1,0.1,0.1,0.1,0.1,0.1,0.1,0.1,0.1,0.1,0.1,0.1,0.1,0.1,0.1,0.1,0.1,0.1,0.1,0.1,0.1,0.1,0.1,0.1,0.1,0.1,0.1,0.1,0.1,0.1,0.1,0.1,0.1,0.1,0.1,0.1,0.1,0.1,0.1,0.1,0.1,0.1,0.1,0.1,0.1,0.1,0.1,0.1,0.1,0.1,0.1,0.1,0.1,0.1,0.1,0.1,0.1,0.1,0.1,0.1,0.1,0.1,0.1,0.1,0.1,0.1,0.1,0.1,0.1,0.1,0.1,0.1,0.1,0.1,0.1,0.1,0.1,0.1,0.1,0.1,0.1,0.1,213.879000000001,PiecewiseConstant,XGBoost,GenHyp,"",10,TRUE,1,0,1,0.5,0.1,2000,100,1,1000,1237,Xeh7e,2019-02-20T16:54:46.225982Z
empirical_independence,0,0,0,0,0,0,0,0,0,0,0,1.02906206713719,1.8730899046938,4.90753598336447,0.933516992841804,3.88114061892457,1.55173347526797,1.02719597915613,1.11882075409349,3.40582380690306,0.957637481973002,2.06855570643555,1.51492221905025,2.01349480402454,1.18235431938255,1.30744270430633,2.09414972063407,0.863432351203997,0.994647606014198,0.970590846434649,0.81806209041335,0.808511025639865,1.25676076871038,1.79498599192469,1.90748835548975,1.31541764304821,1.21670573511303,1.93046854676672,0.920789359207003,0.842326645350476,1.05884134840423,0.753756246032273,0.881198448706266,1.40391842799413,Inf,Inf,Inf,Inf,Inf,Inf,Inf,Inf,Inf,Inf,Inf,Inf,Inf,Inf,Inf,Inf,Inf,Inf,Inf,Inf,Inf,Inf,Inf,Inf,Inf,Inf,Inf,Inf,Inf,Inf,Inf,Inf,Inf,Inf,Inf,Inf,Inf,Inf,Inf,Inf,Inf,Inf,Inf,Inf,Inf,Inf,Inf,Inf,Inf,Inf,Inf,Inf,Inf,Inf,Inf,Inf,Inf,Inf,Inf,Inf,Inf,Inf,Inf,Inf,Inf,Inf,Inf,Inf,Inf,Inf,Inf,Inf,Inf,Inf,Inf,Inf,Inf,Inf,Inf,Inf,Inf,Inf,Inf,Inf,Inf,Inf,Inf,Inf,Inf,Inf,Inf,Inf,Inf,Inf,Inf,Inf,Inf,Inf,Inf,Inf,Inf,Inf,Inf,Inf,Inf,Inf,Inf,Inf,Inf,Inf,Inf,Inf,Inf,Inf,Inf,Inf,Inf,Inf,Inf,Inf,Inf,Inf,Inf,Inf,Inf,Inf,Inf,Inf,Inf,Inf,Inf,Inf,Inf,Inf,Inf,Inf,Inf,Inf,Inf,Inf,Inf,Inf,Inf,Inf,Inf,Inf,Inf,Inf,Inf,Inf,Inf,Inf,Inf,Inf,Inf,Inf,Inf,Inf,Inf,Inf,Inf,Inf,Inf,Inf,Inf,Inf,Inf,Inf,Inf,Inf,Inf,Inf,Inf,Inf,Inf,174.302,PiecewiseConstant,XGBoost,GenHyp,"",10,TRUE,1,0,1,0.5,0.1,2000,100,1,1000,1237,Xeh7e,2019-02-20T16:54:46.225982Z
Gaussian,0.838702849717388,0.793906714234148,0.71844607040793,0.806377106857995,0.785663612898225,0.407981840462081,0.631571406835951,0.560436317331578,0.342529958391066,0.377060095620201,0.626267597275656,0.430640284731316,0.305639662448125,2.5669991268234,0.24892286888623,0.402750499940602,1.12497885346973,1.44493252146977,0.95897401139231,2.67109846814311,1.3323966280962,1.14873329254008,0.244352636832616,0.414967760033889,0.332896504792314,0.253150839025198,0.448852485170899,0.511167631445288,0.366456618177801,0.426636486823075,0.537851316622757,0.503653781002111,0.403998605992595,0.233753010727949,0.31653620140418,0.435667911798964,0.308403607576868,0.356164782370661,0.457883278424851,0.379597660587756,0.321277912047451,0.537096715951773,0.414256277956997,0.395863014244103,,,,,,,,,,,,,,,,,,,,,,,,,,,,,,,,,,,,,,,,,,,,,,,,,,,,,,,,,,,,,,,,,,,,,,,,,,,,,,,,,,,,,,,,,,,,,,,,,,,,,,,,,,,,,,,,,,,,,,,,,,,,,,,,,,,,,,,,,,,,,,,,,,,,,,,,,,,,,,,,,,,,,,,,,,,,,,,,211.938,PiecewiseConstant,XGBoost,GenHyp,"",10,TRUE,1,0,1,0.5,0.1,2000,100,1,1000,1237,Xeh7e,2019-02-20T16:54:46.225982Z
copula,0.708399445381876,0.700867246977491,0.564487810217164,0.576427585923756,0.691284487343367,0.266223957181079,0.480826132005802,0.397308367858467,0.248164748535643,0.280667591735202,0.491465737315985,0.910298888167709,0.425603388002576,3.57417476363655,0.608776802762351,0.706696681268332,1.36814086860302,1.96632918382342,1.33753028197998,3.1563266076183,1.40956809443833,1.54634455603006,0.441752159278372,0.60230224392438,0.514929718733489,0.553796662529403,0.646496504585291,0.633565973908306,0.51639504490556,0.58496698137933,0.615047917459378,0.581588183182166,0.569084138988568,0.453677904290788,0.539783781631353,0.60618140407719,0.582589358518658,0.549379707023834,0.592758301964811,0.459830658663139,0.479071246051943,0.610053487408151,0.517202577513622,0.542895409304795,,,,,,,,,,,,,,,,,,,,,,,,,,,,,,,,,,,,,,,,,,,,,,,,,,,,,,,,,,,,,,,,,,,,,,,,,,,,,,,,,,,,,,,,,,,,,,,,,,,,,,,,,,,,,,,,,,,,,,,,,,,,,,,,,,,,,,,,,,,,,,,,,,,,,,,,,,,,,,,,,,,,,,,,,,,,,,,,1788.957,PiecewiseConstant,XGBoost,GenHyp,"",10,TRUE,1,0,1,0.5,0.1,2000,100,1,1000,1237,Xeh7e,2019-02-20T16:54:46.225982Z
treeSHAP,0.00088627083445449,-0.197390638857362,0.0147362181569032,0.008363347143011,0.0431537790131559,-0.0143063579803786,0.014322689965563,0.292845215110188,0.00784787601781691,-0.0054923358287705,0.0164966063574582,1.03869889448099,2.26741225785565,4.66059465722442,0.911821562927378,3.69194634183088,1.64165128219063,0.989781066291608,0.656608374199855,3.36930891486157,0.966509006880751,2.01943323587437,1.51357958767104,2.41093982972693,1.16493088819337,1.29650810710062,2.00377924636937,0.875784923512162,0.980401576728267,0.686357961226515,0.811642040552909,0.812951639713942,1.25568758007951,1.79403351421312,2.19424822009488,1.26479013283603,1.23279310548898,1.94320092976747,0.891311664337041,0.796732555410228,0.857972266451996,0.771422918810295,0.883096281323674,1.45649207780441,,,,,,,,,,,,,,,,,,,,,,,,,,,,,,,,,,,,,,,,,,,,,,,,,,,,,,,,,,,,,,,,,,,,,,,,,,,,,,,,,,,,,,,,,,,,,,,,,,,,,,,,,,,,,,,,,,,,,,,,,,,,,,,,,,,,,,,,,,,,,,,,,,,,,,,,,,,,,,,,,,,,,,,,,,,,,,,,0.0069999999996071,PiecewiseConstant,XGBoost,GenHyp,"",10,TRUE,1,0,1,0.5,0.1,2000,100,1,1000,1237,Xeh7e,2019-02-20T16:54:46.225982Z
empirical_sigma.01,0.772588227372539,0.791991763536765,0.806486345725545,0.774271493661637,0.716656554009739,0.753298632357575,0.776041697135148,0.671814278224647,0.610188839457373,0.702459044605529,0.73757968760865,0.780798627260442,0.812534226363587,0.586435818215882,0.663798838510069,1.01500992612134,2.02004978871944,0.406355832322763,0.20831105563751,0.682698843251556,0.766029115575576,0.794202207197816,0.293904448312116,0.395029308898865,0.20152146927276,0.320157063928348,0.589855728251228,0.166205094285975,0.263091869450912,0.307654795836079,0.319146562516709,0.222292186895293,0.307885852764829,0.209845638738804,0.359242209174041,0.183128109302171,0.251789732624492,0.560819396459692,0.191313517752716,0.404188612886238,0.395867306343325,0.445047223613181,0.216416316378377,0.361090281284108,0.1,0.1,0.1,0.1,0.1,0.1,0.1,0.1,0.1,0.1,0.1,0.1,0.1,0.1,0.1,0.1,0.1,0.1,0.1,0.1,0.1,0.1,0.1,0.1,0.1,0.1,0.1,0.1,0.1,0.1,0.1,0.1,0.1,0.1,0.1,0.1,0.1,0.1,0.1,0.1,0.1,0.1,0.1,0.1,0.1,0.1,0.1,0.1,0.1,0.1,0.1,0.1,0.1,0.1,0.1,0.1,0.1,0.1,0.1,0.1,0.1,0.1,0.1,0.1,0.1,0.1,0.1,0.1,0.1,0.1,0.1,0.1,0.1,0.1,0.1,0.1,0.1,0.1,0.1,0.1,0.1,0.1,0.1,0.1,0.1,0.1,0.1,0.1,0.1,0.1,0.1,0.1,0.1,0.1,0.1,0.1,0.1,0.1,0.1,0.1,0.1,0.1,0.1,0.1,0.1,0.1,0.1,0.1,0.1,0.1,0.1,0.1,0.1,0.1,0.1,0.1,0.1,0.1,0.1,0.1,0.1,0.1,0.1,0.1,0.1,0.1,0.1,0.1,0.1,0.1,0.1,0.1,0.1,0.1,0.1,0.1,0.1,0.1,0.1,0.1,0.1,0.1,0.1,0.1,0.1,0.1,0.1,0.1,0.1,0.1,0.1,0.1,0.1,0.1,0.1,0.1,0.1,0.1,0.1,0.1,0.1,0.1,0.1,0.1,0.1,0.1,0.1,0.1,0.1,0.1,0.1,0.1,0.1,0.1,0.1,161.811,PiecewiseConstant,XGBoost,GenHyp,"",10,TRUE,1,0,1,0.5,0.1,2000,100,1,1000,1244,qNTHY,2019-02-20T18:19:17.700784Z
comb_sigma.01,0.898842338649985,0.816391727771325,0.827356631446798,0.846020024839796,0.830031675191952,0.650891765424518,0.80804516209008,0.758827158339884,0.731692122985386,0.719305733342157,0.788740434008188,0.244450055513498,0.462647596076366,0.533997475304619,0.253300435479145,0.624102768545038,6.79796839172557,0.330015270909869,0.186702657792533,0.549501582738287,0.777320974219692,1.07600072083046,0.130735037628522,0.348691235115722,0.179787547403224,0.218394112248961,0.353834865171854,0.235197589693662,0.225496248676,0.226085342655276,0.219669279161149,0.209706063159001,0.234759732091337,0.153813156511508,0.23867661760155,0.16953620345258,0.191415788485922,0.274268425203727,0.16916396455784,0.283631722730082,0.265194873604549,0.345060027894502,0.1813576694224,0.242884837038002,0.1,0.1,0.1,0.1,0.1,0.1,0.1,0.1,0.1,0.1,0.1,0.1,0.1,0.1,0.1,0.1,0.1,0.1,0.1,0.1,0.1,0.1,0.1,0.1,0.1,0.1,0.1,0.1,0.1,0.1,0.1,0.1,0.1,0.1,0.1,0.1,0.1,0.1,0.1,0.1,0.1,0.1,0.1,0.1,0.1,0.1,0.1,0.1,0.1,0.1,0.1,0.1,0.1,0.1,0.1,0.1,0.1,0.1,0.1,0.1,0.1,0.1,0.1,0.1,0.1,0.1,0.1,0.1,0.1,0.1,0.1,0.1,0.1,0.1,0.1,0.1,0.1,0.1,0.1,0.1,0.1,0.1,0.1,0.1,0.1,0.1,0.1,0.1,0.1,0.1,0.1,0.1,0.1,0.1,0.1,0.1,0.1,0.1,0.1,0.1,0.1,0.1,0.1,0.1,0.1,0.1,0.1,0.1,0.1,0.1,0.1,0.1,0.1,0.1,0.1,0.1,0.1,0.1,0.1,0.1,0.1,0.1,0.1,0.1,0.1,0.1,0.1,0.1,0.1,0.1,0.1,0.1,0.1,0.1,0.1,0.1,0.1,0.1,0.1,0.1,0.1,0.1,0.1,0.1,0.1,0.1,0.1,0.1,0.1,0.1,0.1,0.1,0.1,0.1,0.1,0.1,0.1,0.1,0.1,0.1,0.1,0.1,0.1,0.1,0.1,0.1,0.1,0.1,0.1,0.1,0.1,0.1,0.1,0.1,0.1,1323.257,PiecewiseConstant,XGBoost,GenHyp,"",10,TRUE,1,0,1,0.5,0.1,2000,100,1,1000,1244,qNTHY,2019-02-20T18:19:17.700784Z
comb_Gauss_sigma.01,0.85672081178127,0.822586580500602,0.849727985588024,0.889426396689355,0.867558744600971,0.677432833404744,0.815704009839749,0.79122197460458,0.765560216538591,0.752653825951376,0.808859337949926,0.337195895810988,0.551277015048705,0.369347037408634,0.198124246509256,0.397307631438638,6.32305112827205,0.296049511270771,0.150886430458815,0.451619538067972,0.746755192203223,0.982161362648905,0.185172430967405,0.33692656447582,0.156490441196098,0.156829639101269,0.275712158722691,0.217316615833404,0.216499124896596,0.195717109295983,0.191940761533656,0.184791777241413,0.211739662326434,0.205713214558829,0.237616155512658,0.178255045421363,0.133580027106744,0.223578694300344,0.143125056980519,0.330700103279729,0.179091606823627,0.277326905077002,0.175440169257097,0.221759782959394,0.1,0.1,0.1,0.1,0.1,0.1,0.1,0.1,0.1,0.1,0.1,0.1,0.1,0.1,0.1,0.1,0.1,0.1,0.1,0.1,0.1,0.1,0.1,0.1,0.1,0.1,0.1,0.1,0.1,0.1,0.1,0.1,0.1,0.1,0.1,0.1,0.1,0.1,0.1,0.1,0.1,0.1,0.1,0.1,0.1,0.1,0.1,0.1,0.1,0.1,0.1,0.1,0.1,0.1,0.1,0.1,0.1,0.1,0.1,0.1,0.1,0.1,0.1,0.1,0.1,0.1,0.1,0.1,0.1,0.1,0.1,0.1,0.1,0.1,0.1,0.1,0.1,0.1,0.1,0.1,0.1,0.1,0.1,0.1,0.1,0.1,0.1,0.1,0.1,0.1,0.1,0.1,0.1,0.1,0.1,0.1,0.1,0.1,0.1,0.1,0.1,0.1,0.1,0.1,0.1,0.1,0.1,0.1,0.1,0.1,0.1,0.1,0.1,0.1,0.1,0.1,0.1,0.1,0.1,0.1,0.1,0.1,0.1,0.1,0.1,0.1,0.1,0.1,0.1,0.1,0.1,0.1,0.1,0.1,0.1,0.1,0.1,0.1,0.1,0.1,0.1,0.1,0.1,0.1,0.1,0.1,0.1,0.1,0.1,0.1,0.1,0.1,0.1,0.1,0.1,0.1,0.1,0.1,0.1,0.1,0.1,0.1,0.1,0.1,0.1,0.1,0.1,0.1,0.1,0.1,0.1,0.1,0.1,0.1,0.1,200.309000000001,PiecewiseConstant,XGBoost,GenHyp,"",10,TRUE,1,0,1,0.5,0.1,2000,100,1,1000,1244,qNTHY,2019-02-20T18:19:17.700784Z
empirical_independence,0,0,0,0,0,0,0,0,0,0,0,1.0203886086928,2.98027017423228,2.09569152005019,1.04709397498087,3.47903736080645,15.0314479041829,0.991879744907951,0.953715590261826,1.69392630724335,0.974396083527861,3.02678472688865,1.29238888961823,1.89910416825579,1.04138113679021,1.41832801324808,2.0817694448154,0.673709659067949,1.17473594899348,0.937441135987847,0.818720947015597,0.747097778860678,1.20846771226533,1.37056657778644,1.42685959213369,0.785857415140577,1.24642258580717,1.78799422513372,0.556086122654186,1.27622426256698,0.8708324673496,0.900248371670454,0.673751778749097,1.23165995752092,Inf,Inf,Inf,Inf,Inf,Inf,Inf,Inf,Inf,Inf,Inf,Inf,Inf,Inf,Inf,Inf,Inf,Inf,Inf,Inf,Inf,Inf,Inf,Inf,Inf,Inf,Inf,Inf,Inf,Inf,Inf,Inf,Inf,Inf,Inf,Inf,Inf,Inf,Inf,Inf,Inf,Inf,Inf,Inf,Inf,Inf,Inf,Inf,Inf,Inf,Inf,Inf,Inf,Inf,Inf,Inf,Inf,Inf,Inf,Inf,Inf,Inf,Inf,Inf,Inf,Inf,Inf,Inf,Inf,Inf,Inf,Inf,Inf,Inf,Inf,Inf,Inf,Inf,Inf,Inf,Inf,Inf,Inf,Inf,Inf,Inf,Inf,Inf,Inf,Inf,Inf,Inf,Inf,Inf,Inf,Inf,Inf,Inf,Inf,Inf,Inf,Inf,Inf,Inf,Inf,Inf,Inf,Inf,Inf,Inf,Inf,Inf,Inf,Inf,Inf,Inf,Inf,Inf,Inf,Inf,Inf,Inf,Inf,Inf,Inf,Inf,Inf,Inf,Inf,Inf,Inf,Inf,Inf,Inf,Inf,Inf,Inf,Inf,Inf,Inf,Inf,Inf,Inf,Inf,Inf,Inf,Inf,Inf,Inf,Inf,Inf,Inf,Inf,Inf,Inf,Inf,Inf,Inf,Inf,Inf,Inf,Inf,Inf,Inf,Inf,Inf,Inf,Inf,Inf,Inf,Inf,Inf,Inf,Inf,Inf,157.296999999999,PiecewiseConstant,XGBoost,GenHyp,"",10,TRUE,1,0,1,0.5,0.1,2000,100,1,1000,1244,qNTHY,2019-02-20T18:19:17.700784Z
Gaussian,0.84870943875906,0.73818425227723,0.773951471155319,0.862213046398372,0.816821623745936,0.382892846577148,0.71576217245978,0.639068340126712,0.332972884761614,0.396138028057169,0.650671410431834,0.355723750143231,0.813656261533357,1.13647875615061,0.341729080120478,0.63861585468742,11.6976830726534,0.622145166811792,0.411977159232275,1.47361344039332,1.63731566613411,1.912893820786,0.195526240451897,0.497215377815319,0.235402673938028,0.195427096153303,0.38133514663661,0.415751049940902,0.333904394075306,0.338352185245594,0.546109071473053,0.451143937976918,0.359016717370693,0.189437789696819,0.318970529765578,0.24903056838324,0.214094123440126,0.311638673978915,0.325893709009772,0.377717574038004,0.273364537615756,0.710232554230103,0.368245582618263,0.37825182804374,,,,,,,,,,,,,,,,,,,,,,,,,,,,,,,,,,,,,,,,,,,,,,,,,,,,,,,,,,,,,,,,,,,,,,,,,,,,,,,,,,,,,,,,,,,,,,,,,,,,,,,,,,,,,,,,,,,,,,,,,,,,,,,,,,,,,,,,,,,,,,,,,,,,,,,,,,,,,,,,,,,,,,,,,,,,,,,,200.092000000001,PiecewiseConstant,XGBoost,GenHyp,"",10,TRUE,1,0,1,0.5,0.1,2000,100,1,1000,1244,qNTHY,2019-02-20T18:19:17.700784Z
copula,0.672049558451888,0.694876187465172,0.606880784386935,0.670121596098625,0.711185301288389,0.288190424609081,0.525732392399985,0.465671687662051,0.218839222801548,0.310426053550664,0.516397320871434,0.891084505646183,0.687067514850005,1.84609257007925,0.79931395935097,0.948739918043662,12.8392930573203,0.872426082421886,0.498211426219099,1.70275451475035,1.72247007525293,2.28074536239347,0.423839507002171,0.57946190421899,0.409386935649208,0.467875781218886,0.601245614991397,0.479552986357917,0.557139208090872,0.500901340108556,0.639552691279357,0.515179163752492,0.517413513266985,0.47356486829071,0.463539319375274,0.323705295350487,0.535935954798499,0.487959432809853,0.364369078712553,0.604966587807781,0.451718034021661,0.785274604668023,0.447998299858385,0.511673271843514,,,,,,,,,,,,,,,,,,,,,,,,,,,,,,,,,,,,,,,,,,,,,,,,,,,,,,,,,,,,,,,,,,,,,,,,,,,,,,,,,,,,,,,,,,,,,,,,,,,,,,,,,,,,,,,,,,,,,,,,,,,,,,,,,,,,,,,,,,,,,,,,,,,,,,,,,,,,,,,,,,,,,,,,,,,,,,,,1710.847,PiecewiseConstant,XGBoost,GenHyp,"",10,TRUE,1,0,1,0.5,0.1,2000,100,1,1000,1244,qNTHY,2019-02-20T18:19:17.700784Z
treeSHAP,-0.0143280297283834,-0.0580441588801397,0.00309593857071716,-0.00185316014152004,-0.0822862159642776,-0.00121018456714006,-0.00568569428876314,0.276661791695935,-0.00951967241673312,-0.00822432680951625,0.00986062874701784,1.00624937417355,3.2166846779014,2.10885721779006,1.05323539812248,3.35041200432558,14.6560069318604,0.992840410230504,0.637269018685598,1.71602680279307,0.979820130464467,2.97174019663471,1.31090627604931,2.00933607232797,1.038157084762,1.42095640218984,2.25307037493932,0.674524972100086,1.18141513846948,0.678086991695977,0.826514902231903,0.753242155152692,1.21462103699186,1.46232782752798,1.65154025990934,0.767305762434787,1.24413496426423,1.94306610656362,0.554491678832667,1.28371004762792,0.737695343577179,0.930498932532232,0.671301379298,1.31158419671113,,,,,,,,,,,,,,,,,,,,,,,,,,,,,,,,,,,,,,,,,,,,,,,,,,,,,,,,,,,,,,,,,,,,,,,,,,,,,,,,,,,,,,,,,,,,,,,,,,,,,,,,,,,,,,,,,,,,,,,,,,,,,,,,,,,,,,,,,,,,,,,,,,,,,,,,,,,,,,,,,,,,,,,,,,,,,,,,0.00699999999778811,PiecewiseConstant,XGBoost,GenHyp,"",10,TRUE,1,0,1,0.5,0.1,2000,100,1,1000,1244,qNTHY,2019-02-20T18:19:17.700784Z
