trend,cosyear,sinyear,temp,atemp,windspeed,hum
414,0.664855397964287,0.746972087696555,5.16,1.542008,16.958504,51.5833
462,-0.0988201387328708,0.995105311100698,12.5625,12.124514,18.416357,25.4167
178,-0.997001169925015,0.077386479233463,26.975849,29.708828,9.666961,63.4167
525,-0.92592477719385,0.377707965203965,25.409151,26.792222,9.667229,43.7083
194,-0.980469160361632,-0.196672889793576,23.999151,25.916864,16.124689,47.625
117,-0.428891937912483,0.903355802324685,21.0225,22.209314,21.500836,70.0833
298,0.405425728359997,-0.914127988185334,14.755849,15.207836,9.959014,72.0417
228,-0.70862667826446,-0.705583610107178,25.996651,28.000286,9.625689,57.5417
243,-0.50496105472152,-0.863142128049912,22.785,24.584786,9.500332,63.9167
13,0.975064532257195,0.221921513004166,-0.439109999999999,-3.564742,8.478716,53.7826
373,0.990532452132223,0.137278772113264,2.535849,0.333614000000001,6.6263,70.1667
664,0.42110087079609,-0.907013812802636,17.654151,18.5015,8.875289,80.7083
601,-0.605056069648849,-0.796182863782616,25.0175,26.7086,4.8337686,61.5
602,-0.591261444863578,-0.806479946320945,23.098349,24.833936,16.375336,71.2917
708,0.929141411403174,-0.369724542890673,10.055849,9.749636,10.584325,90.5417
90,0.0215160974362223,0.999768501979891,6.1,2.707964,17.333436,68.625
347,0.952377575730397,-0.304921224656289,6.9225,6.331892,4.0842061,66.375
648,0.158559385103135,-0.987349442393986,16.165849,17.207372,12.584007,63.0833
354,0.982125605868,-0.188226709843244,12.131651,12.249122,14.8338,85.8333
25,0.908817637339503,0.417193602612317,2.2225,-2.5624,19.68795,86.25
518,-0.873807103611081,0.48627270710869,19.416651,21.375008,12.499654,54.9167
425,0.512371412128424,0.858763958275803,14.834151,15.374486,15.208129,61.5417
713,0.957485188355039,-0.288482432880608,5.238349,3.416672,8.792343,64.2917
210,-0.890027576434677,-0.455906693508459,29.795849,32.083442,11.291979,46.5833
589,-0.755493314072681,-0.655156357209085,24.939151,26.542214,8.208304,53.0417
592,-0.720667149553861,-0.693281226886978,25.213349,27.166442,11.374657,61.9583
554,-0.993746580436178,-0.111659007121695,30.6575,36.166136,8.417143,57.375
372,0.99274872245774,0.120208044899353,7.8625,6.457028,12.833314,46.5
142,-0.766658819300159,0.642054713236564,21.688349,22.959536,15.667414,81
543,-0.997001169925015,0.077386479233463,24.7825,26.292272,18.208925,36
489,-0.534372558280979,0.845249057353063,21.4925,23.000522,10.916846,73.5417
620,-0.317191288589107,-0.948361580012172,20.160849,21.62495,8.833682,57.7083
22,0.929141411403174,0.369724542890673,-3.4634801,-9.4766194,16.5222,43.6522
308,0.556017436657044,-0.831170626365808,7.353349,5.374364,12.667154,51.9167
134,-0.671259957567531,0.741222010848596,18.4375,19.376,10.249593,86.7083
223,-0.766658819300159,-0.642054713236564,25.291651,27.166772,8.416607,41.5
165,-0.954966754855255,0.29671281927349,21.453349,22.791764,11.250104,47.1667
216,-0.838279705217774,-0.545240438540651,25.409151,27.333422,12.374632,63.0833
289,0.259511797069799,-0.965739937654855,17.105849,17.70785,11.750393,57.9583
580,-0.847540922892831,-0.530730048161933,27.994151,31.709222,14.458064,64.25
71,0.341570769167856,0.939856057941895,10.064356,9.086006,18.130468,52.7391
587,-0.777597146973627,-0.628762814595834,25.644151,28.084172,16.000471,71.5833
574,-0.897743393534234,-0.440518784350495,27.524151,30.041864,10.54245,61.3333
140,-0.74410393987136,0.668063864213534,20.3175,21.75035,8.08355,62.6667
152,-0.865307254363206,0.501241813445776,25.605,26.500172,19.583229,30.5
293,0.32534208471198,-0.945596387427143,12.0925,11.957336,14.833532,57.4167
276,0.038722280892174,-0.999250011239683,14.755849,15.208628,13.792218,71
729,0.999851839209116,-0.0172133561558353,4.024151,-0.707800000000001,23.500518,48.3333
40,0.772156584499164,0.635432300890177,-1.215644,-6.129832,14.869645,43.7391
430,0.436651231956064,0.899630869652244,4.141651,0.832771999999999,13.458625,45.6667
89,0.0387222808921745,0.999250011239683,4.611651,0.999949999999998,14.582282,91.8333
315,0.651898995878713,-0.758305808478562,8.763349,7.624172,14.208154,55.2917
222,-0.777597146973627,-0.628762814595835,25.7225,27.000386,11.041332,42.375
527,-0.938377391740864,0.345612312670734,25.879151,27.541586,13.916771,58.7917
115,-0.397542814282556,0.917583626059394,21.688349,23.209478,21.8755,72.9167
605,-0.54884295828472,-0.835925479418637,26.231651,27.9593,12.791975,62
455,0.0215160974362216,0.999768501979891,11.935849,11.832728,16.791339,73.8333
597,-0.658401584698049,-0.752666827532008,21.884151,23.333822,8.708593,73.4167
38,0.793571608952147,0.608476870115126,2.379151,-2.915764,24.25065,53.7917
158,-0.912374757970727,0.409355958815622,28.464151,32.000414,9.166739,62.2083
208,-0.905193189891398,-0.425000339969554,28.620849,32.8334,11.958093,58.3333
720,0.98522010675606,-0.171293144181478,7.353349,3.916622,25.083661,55.6667
33,0.842941537354783,0.5380051715383,0.786979000000001,-4.260052,18.609384,43.7826
515,-0.847540922892831,0.530730048161933,22.863349,24.334514,9.000043,67
12,0.978740079966915,0.205104499868619,-0.244999999999999,-6.041722,20.167,47.0417
68,0.389630449530788,0.920971287716635,10.287277,9.454088,17.545759,0
408,0.738326354003106,0.674443618832946,2.4575,-0.957742,11.207961,41.125
307,0.541627820655981,-0.840618405634478,10.956651,10.623872,18.209193,62.25
277,0.055916990100603,-0.998435421155564,17.301651,18.791108,11.87575,64.7917
88,0.0559169901006033,0.998435421155564,6.1,3.6251,11.583496,64.6667
536,-0.980469160361632,0.196672889793576,28.7775,31.58435,7.625404,59.2083
290,0.276096973097468,-0.961129783872301,17.0275,18.499586,7.375829,70.1667
423,0.541627820655981,0.840618405634478,8.880849,7.33265,12.958939,39.5833
285,0.19245158197083,-0.981306470271609,19.690849,20.419064,9.499729,89.6667
120,-0.47495107206705,0.880012203973536,13.228349,13.581464,7.125718,76.2083
109,-0.300819807635668,0.953680996630446,19.965,21.249872,16.208975,61.4167
157,-0.905193189891397,0.425000339969554,25.2525,27.2927,12.583136,59.7917
63,0.467359217158002,0.884067509943364,10.055849,8.999414,16.875357,78.9167
482,-0.428891937912483,0.903355802324685,13.5025,13.874042,23.291411,40.0833
476,-0.333468778918187,0.942761143390421,18.79,19.832786,19.000329,68.2917
479,-0.381689220266659,0.924290722193093,11.426651,10.748678,16.708661,45.4167
66,0.42110087079609,0.907013812802636,5.7475,3.9584,8.08355,42.0833
84,0.124479263886789,0.992222209417932,4.494151,0.999686000000001,14.041257,39.4167
164,-0.949717842791432,0.313107040935827,20.395849,23.042036,18.041961,50.7083
50,0.651898995878713,0.758305808478562,5.405199,2.30378,14.956745,40.7826
73,0.309016994374947,0.951056516295153,6.917377,4.999748,12.348703,65.5652
177,-0.995521372414475,0.0945367498171996,24.0775,26.042264,7.208396,65.8333
361,0.997630305306586,-0.0688024268023196,6.05911,2.478284,19.695387,50.3913
235,-0.618671403262503,-0.785649855078715,23.646651,25.625672,16.958236,60.5
609,-0.49002866642906,-0.871706318709322,27.406651,30.375164,7.583529,63.8333
329,0.814046093508218,-0.580800273453801,9.664151,9.415742,4.5841936,68.1667
126,-0.563150724274919,0.82635419872391,16.44,17.832986,10.75015,54.125
211,-0.882048024955854,-0.471159507673864,29.874151,32.166536,11.042471,48.0833
309,0.570242292691787,-0.821476553302414,8.371651,7.915628,6.1676314,73.4583
242,-0.519743812155516,-0.854322169749827,22.863349,24.333986,5.5833311,59.7917
112,-0.349647455251228,0.936881346295431,13.62,13.707986,15.458575,88.7917
618,-0.349647455251229,-0.936881346295431,19.416651,21.333164,17.333771,50.375
651,0.209314645963048,-0.977848341505657,10.486651,9.832136,9.791514,49.4583
150,-0.847540922892831,0.530730048161934,28.425,31.875278,7.459043,63.6667
613,-0.428891937912483,-0.903355802324685,26.623349,30.792878,12.583136,74.125
159,-0.91928596971861,0.393590276656467,29.991651,34.000214,10.042161,56.8333
390,0.908817637339503,0.417193602612317,8.058349,7.4993,4.9175186,76.9583
154,-0.882048024955853,0.471159507673864,21.845,23.249936,8.250514,45.625
709,0.935367949313148,-0.353676122176372,12.484151,12.74795,12.750636,92.5
4,0.997630305306586,0.0688024268023199,2.666979,-0.868180000000001,12.5223,43.6957
325,0.772156584499164,-0.635432300890177,11.583349,11.831936,7.959064,96.25
279,0.0902516100310407,-0.995918996147179,16.009151,17.290664,1.5002439,68.4167
566,-0.949717842791432,-0.313107040935827,23.294151,24.45965,14.000789,84.4167
237,-0.591261444863578,-0.806479946320945,24.9,27.542378,5.6254875,76.125
338,0.893918596519257,-0.448229341740411,10.134151,9.99905,4.1679561,82.7083
672,0.541627820655981,-0.840618405634478,8.136651,5.373836,18.125443,49.125
136,-0.696376225596872,0.717676913675962,18.398349,19.542914,18.582718,83.7917
454,0.0387222808921745,0.999250011239683,9.39,8.790986,9.250489,58.0833
559,-0.980469160361632,-0.196672889793576,26.388349,28.083578,5.41695,48.5833
588,-0.766658819300159,-0.642054713236564,24.5475,26.125622,13.834093,73.2917
82,0.158559385103135,0.987349442393986,5.395,1.874978,16.333729,80.5833
699,0.860961015888994,-0.508670943852104,6.021651,5.375222,3.9175436,64.9583
195,-0.976938492777182,-0.213520915439796,23.176651,25.208486,12.249811,59.125
657,0.309016994374947,-0.951056516295153,18.476651,19.501136,9.041918,81.5
675,0.584298173628368,-0.811539059007361,5.199151,2.583422,11.625371,56.7083
499,-0.671259957567532,0.741222010848596,18.946651,20.2934,14.250364,78.9583
343,0.929141411403174,-0.369724542890673,4.925,1.583192,15.625807,50.75
637,-0.0301203048469084,-0.999546280687357,17.4975,18.999536,15.249468,54.2917
458,-0.0301203048469079,0.999546280687357,13.933349,14.457878,6.708911,39.6667
19,0.946987753076075,0.321269661692364,4.298349,0.833300000000001,13.125568,53.8333
726,0.997630305306586,-0.0688024268023196,3.945849,-1.041628,23.458911,65.2917
163,-0.944187508834199,0.32940848222453,21.845,23.709164,20.45845,49.4583
51,0.638749422051527,0.769414826883938,6.256651,2.74895,20.625682,60.5
533,-0.969009825724406,0.247022180480935,19.8475,21.75035,9.708568,59.875
176,-0.993746580436178,0.111659007121695,23.96,26.083514,6.3337311,51.3333
553,-0.995521372414475,-0.0945367498172,32.498349,37.124258,10.958118,49.2083
83,0.141540295217043,0.989932495087353,4.415849,0.916591999999998,15.458575,49.5
522,-0.905193189891397,0.425000339969555,18.045849,19.791272,5.167375,61.125
391,0.901501684131884,0.432775592550431,11.975,11.415278,22.958689,74.125
301,0.452072203932305,-0.891981346459548,3.945849,-0.957742,23.541857,88.25
616,-0.381689220266659,-0.924290722193093,22.980849,24.333986,18.833968,79.9167
429,0.452072203932305,0.891981346459548,3.436651,-0.0827140000000011,15.333486,50.625
427,0.482507741761219,0.875891705144243,11.465849,11.290472,10.792293,62.125
249,-0.413278607782904,-0.910604630094216,20.160849,19.919114,6.5003936,91.7083
428,0.467359217158002,0.884067509943364,7.314151,3.999386,22.416257,40.3333
397,0.852077521101309,0.523415607365551,10.760849,10.332086,12.541529,67.2917
677,0.611886401268724,-0.790945656756777,8.552178,6.564806,23.304945,33.3478
380,0.966847813605278,0.255353295116187,0.93,-3.416242,15.500986,52.25
544,-0.998185534471859,0.0602132773657926,27.210849,28.583792,11.50055,42.25
39,0.782980103677063,0.622046748440868,-1.665199,-6.477322,12.652213,49.4783
521,-0.897743393534234,0.440518784350495,17.419151,18.708872,14.041525,61.3333
472,-0.267814305162174,0.963470548564149,20.591651,23.500142,18.333143,39.0417
199,-0.959932689659744,-0.280230675199216,28.503349,33.333614,8.7502,65.0417
124,-0.534372558280979,0.845249057353063,13.580849,13.166522,19.791264,44.4167
264,-0.16705162550212,-0.98594814996383,21.531651,20.627558,8.584375,90.2083
185,-0.99907411510223,-0.0430222330045306,27.093349,29.958308,8.459286,59.0417
572,-0.912374757970727,-0.409355958815622,28.503349,32.791358,19.082471,59.6667
251,-0.381689220266659,-0.924290722193093,22.55,22.210436,8.333393,89.7917
457,-0.0129102960750095,0.999916658654738,12.393911,12.215858,20.913313,50.4348
151,-0.856550995901004,0.516062391015853,27.915849,31.583822,13.875164,67.7083
53,0.611886401268724,0.790945656756777,2.421733,0.217321999999999,6.305571,42.3043
537,-0.98370929377361,0.179766585725562,29.874151,33.667772,7.958729,56.7917
234,-0.632103411187349,-0.774884041367041,22.119151,24.000422,9.833121,45.5417
288,0.242849722095935,-0.970063921851507,16.048349,17.208164,18.875039,48.6667
184,-0.999666648510511,-0.0258184402271331,26.153349,27.917522,5.4591064,63.7917
412,0.690173388242972,0.723644038295913,8.136651,7.207514,13.791682,63.4583
585,-0.798779372886365,-0.601624063224923,27.25,30.709322,7.4169,67.2917
697,0.842941537354783,-0.538005171538299,5.943349,3.124292,14.125007,50.625
575,-0.890027576434677,-0.455906693508459,25.918349,28.083578,11.416532,62.375
204,-0.932289213174513,-0.361713730729768,31.01,36.458714,11.334457,55.0833
660,0.357698238833125,-0.933837228822925,14.9125,15.874172,5.4593811,56.8333
563,-0.964614175691244,-0.263665492728008,30.461651,33.875078,7.666743,50.5833
629,-0.16705162550212,-0.98594814996383,20.160849,21.750086,10.333343,66.875
719,0.982125605868,-0.188226709843244,7.51,6.124322,8.875021,66.7917
345,0.941317317512847,-0.337522899594113,3.201651,1.832936,4.25115,67.0833
630,-0.150055398344653,-0.988677590232341,22.55,24.292208,19.000061,64.6667
467,-0.18399835165768,0.982926551979982,10.6825,9.581864,19.458743,46.625
508,-0.777597146973627,0.628762814595834,21.218349,22.584392,6.834,77.4583
56,0.570242292691787,0.821476553302414,5.2775,2.624672,12.500257,53.7917
456,0.00430353829624429,0.99999073973619,12.014151,11.540942,11.541889,67.625
356,0.988022665663698,-0.154308820664281,9.546651,8.915858,18.374482,68.625
278,0.0730951298980769,-0.997324973108156,15.225849,15.70805,9.041918,62.0833
269,-0.0816763953304229,-0.99665890175417,21.923349,21.91865,7.917457,88.5417
346,0.946987753076075,-0.321269661692365,5.2775,3.875108,9.41685,59
128,-0.591261444863578,0.806479946320945,17.0275,18.666236,11.792,58.875
217,-0.828770087174504,-0.559589262410177,25.683349,28.626164,15.29275,75.5
336,0.877960084700888,-0.478733840115789,6.060849,4.499864,6.4174811,61.2917
711,0.946987753076075,-0.321269661692364,5.9825,3.624308,10.916779,53.8333
538,-0.986657932891657,0.162807012938517,28.5425,31.791986,12.250414,57.375
710,0.941317317512847,-0.337522899594113,8.606651,6.331958,19.834479,59.6667
389,0.915864288267287,0.401487989205973,5.825849,3.458186,10.791757,64.375
497,-0.64534811322955,0.763888612790542,18.515849,19.957922,8.249911,48.0417
221,-0.788305055830526,-0.615284599963328,28.033349,29.208878,13.417286,42.4167
420,0.584298173628369,0.811539059007361,5.669151,0.874549999999999,28.250014,39.5833
557,-0.986657932891657,-0.162807012938517,25.683349,26.917886,10.166111,63.3333
162,-0.938377391740864,0.345612312670734,24.5475,26.45945,10.958989,74.7917
622,-0.284359187281003,-0.958717816987297,21.766651,23.209478,6.958821,67.25
667,0.467359217158002,-0.884067509943364,12.68,13.0004,23.9994,88
640,0.0215160974362213,-0.999768501979891,19.769151,19.793978,6.999825,87.1667
224,-0.75549331407268,-0.655156357209085,24.234151,26.626628,14.167418,72.9583
388,0.922639548840487,0.385663406243608,8.0975,7.041128,8.292389,83.5833
116,-0.413278607782904,0.910604630094216,21.14,21.959372,20.9174,83.5417
54,0.598180914405916,0.801361088174677,5.895644,3.086606,16.783232,69.7391
693,0.803927961832821,-0.594726686960763,5.081651,0.416971999999998,25.250357,40.4583
730,1,0,2.144151,-1.249858,10.374682,57.75
133,-0.658401584698049,0.752666827532008,16.479151,17.041514,9.04165,92.25
446,0.175531490421428,0.984473816752092,18.045849,19.083422,7.876654,83.125
103,-0.200890555130635,0.97961369164549,13.9725,14.540972,7.4169,54.0417
617,-0.365722523497269,-0.93072393103798,20.67,22.20905,15.041232,54.75
209,-0.897743393534234,-0.440518784350495,31.401651,35.873822,11.667246,54.25
348,0.957485188355039,-0.288482432880609,11.8575,11.207642,17.958814,63.4167
400,0.823923005757555,0.566701756291117,4.494151,1.458386,11.791732,68.7917
257,-0.284359187281004,-0.958717816987296,19.1425,20.542286,18.166782,70.9167
718,0.978740079966915,-0.20510449986862,7.6275,6.582692,12.334164,62.5417
385,0.941317317512847,0.337522899594113,0.146650999999999,-4.45825,14.917014,83.125
687,0.738326354003106,-0.674443618832946,8.0975,6.291236,15.250004,69.2917
23,0.922639548840488,0.385663406243607,-3.4226089,-8.21662,10.60811,49.1739
465,-0.150055398344653,0.988677590232341,12.993349,12.791378,16.708125,43.5
129,-0.605056069648849,0.796182863782616,17.0275,18.499586,7.749957,48.9167
647,0.141540295217043,-0.989932495087353,12.993349,12.915392,12.7501,76.1667
376,0.982125605868001,0.188226709843244,9.9775,9.207908,12.124789,80.2917
169,-0.973118337233262,0.230305670230612,24.860849,26.625836,6.834,66.6667
444,0.209314645963048,0.977848341505657,18.359151,19.543178,8.125157,80.7917
233,-0.64534811322955,-0.763888612790543,24.508349,26.124764,18.54225,47
421,0.570242292691787,0.821476553302414,5.120849,1.708328,13.750343,41
507,-0.766658819300159,0.642054713236564,20.905,22.33445,7.917189,76.5833
367,0.999407400739705,0.0344216116227456,-0.95,-7.66585,24.499957,44.125
653,0.242849722095936,-0.970063921851507,18.398349,19.5839,19.834479,70.75
79,0.209314645963049,0.977848341505657,12.230445,11.04251,19.348461,73.7391
652,0.226115685508288,-0.97410045517242,16.518349,17.541464,18.667004,64.0417
35,0.823923005757554,0.566701756291118,2.966651,0.0418279999999989,10.792293,92.9167
474,-0.300819807635668,0.953680996630446,15.421651,16.541036,4.4172564,61.25
504,-0.732494071613579,0.680773409477016,20.2,21.415928,5.626325,45.625
659,0.341570769167855,-0.939856057941895,13.815849,14.124314,11.125618,51
252,-0.365722523497269,-0.93072393103798,23.02,24.125492,10.291736,75.375
342,0.922639548840488,-0.385663406243607,5.669151,4.957772,5.5420189,69.5833
322,0.738326354003106,-0.674443618832945,7.470849,5.415878,15.041232,50.2083
478,-0.365722523497269,0.93072393103798,7.118349,3.87425,20.334232,76.6667
47,0.690173388242972,0.723644038295912,12.484151,12.291428,15.416968,50.5
449,0.12447926388679,0.992222209417932,12.5625,12.874208,14.791925,88.0833
110,-0.317191288589106,0.948361580012172,13.580849,13.956872,21.792286,40.7083
704,0.901501684131884,-0.432775592550431,12.601651,12.248792,21.709407,48.5
450,0.107381346664163,0.994217906893952,12.954151,12.9575,25.917007,47.7917
392,0.893918596519257,0.448229341740411,6.844151,5.541014,14.125543,54.3333
316,0.664855397964286,-0.746972087696555,12.719151,12.4163,18.875307,45.8333
294,0.341570769167855,-0.939856057941895,11.8575,12.082472,6.2086689,62.9167
701,0.877960084700888,-0.478733840115789,8.3325,7.707728,8.333393,82.3333
286,0.209314645963048,-0.977848341505657,17.889151,18.95855,15.000161,71.625
700,0.869589389346611,-0.493775550159978,6.021651,4.915664,4.0001814,80.6667
72,0.32534208471198,0.945596387427143,7.285199,5.912,9.174042,49.6957
291,0.292600335633348,-0.956234826591906,17.461733,17.913968,16.303713,89.5217
225,-0.744103939871361,-0.668063864213534,23.803349,25.209608,14.916411,81.75
662,0.389630449530789,-0.920971287716634,19.6125,20.875586,4.8762064,63.625
377,0.978740079966915,0.20510449986862,4.885849,0.457892000000001,25.333236,50.75
171,-0.980469160361632,0.196672889793576,23.999151,26.084636,11.458675,77.0417
296,0.373719714790468,-0.927541683579197,13.776651,14.166422,7.959064,77.2083
714,0.962309077454148,-0.271958157534106,7.235849,6.333278,7.12545,65.0417
92,-0.012910296075009,0.999916658654738,9.781651,8.998622,12.208271,48
582,-0.828770087174504,-0.559589262410176,28.150849,32.251214,19.458207,65.25
724,0.994670819911521,-0.103101697447434,5.691288,3.43469,11.304642,73.4783
614,-0.413278607782904,-0.910604630094216,24.743349,27.251714,9.542207,81.0417
236,-0.605056069648849,-0.796182863782616,24.155849,26.626364,14.125811,77.1667
516,-0.856550995901004,0.516062391015853,23.96,25.667714,13.083693,49.2917
106,-0.251190063884819,0.967937783024064,13.463349,13.415936,20.334232,47.9583
32,0.852077521101309,0.52341560736555,4.22,0.791522000000001,17.708636,77.5417
615,-0.397542814282556,-0.917583626059394,25.056651,27.375464,11.500282,73.625
395,0.869589389346611,0.493775550159978,10.33,9.166922,17.541739,41.6667
353,0.978740079966915,-0.205104499868619,10.134151,10.165964,4.1252436,59.5417
684,0.702527474169157,-0.711656622281774,7.118349,5.416472,10.250129,62.0417
670,0.512371412128424,-0.858763958275803,9.194151,8.416172,10.542182,58.1667
75,0.276096973097469,0.961129783872301,11.505,11.081978,14.041793,60.2917
93,-0.0301203048469081,0.999546280687357,18.946651,19.833314,25.833257,42.625
502,-0.708626678264459,0.705583610107178,19.886651,21.792458,15.374825,52
29,0.877960084700888,0.478733840115789,2.176534,0.521252000000001,4.9568342,72.2174
532,-0.964614175691244,0.263665492728008,21.688349,23.250728,11.166689,50.4167
433,0.389630449530789,0.920971287716634,11.309151,10.207478,27.7916,40.7083
174,-0.989314203970366,0.145799196919875,26.035849,27.334478,14.875675,57.3333
669,0.49751328890718,-0.867456354729597,8.8025,7.8326,11.166689,66.6667
610,-0.47495107206705,-0.880012203973536,24.743349,26.834,4.2927436,81.5
114,-0.381689220266659,0.924290722193093,20.513349,21.917,12.417311,77.6667
547,-0.999962959116266,0.0086069968886887,30.344151,33.541514,11.291443,51.875
337,0.886070621534138,-0.463550270902851,7.549151,7.0406,5.6252061,77.5833
95,-0.0645084494493162,0.997917160865392,10.369151,9.582128,17.625221,47.0833
357,0.990532452132223,-0.137278772113265,6.2175,3.749972,12.750368,54.25
514,-0.838279705217774,0.545240438540651,25.9575,28.417472,19.7918,68.4583
658,0.32534208471198,-0.945596387427143,14.755849,15.207572,7.874979,57.2917
627,-0.200890555130636,-0.97961369164549,17.9675,19.666664,14.416725,53.6667
453,0.0559169901006039,0.998435421155564,15.225849,15.832064,21.41655,43.9167
548,-0.999962959116266,-0.0086069968886887,28.738349,30.334508,13.082889,44.7083
396,0.860961015888994,0.508670943852104,14.050849,14.791508,12.667489,50.7917
403,0.793571608952147,0.608476870115126,4.063349,1.583786,8.959307,72.2917
229,-0.696376225596872,-0.717676913675962,25.448349,27.709028,15.624936,65.4583
147,-0.81901488666808,0.573772267904325,22.824151,24.417014,15.416164,72.9583
349,0.962309077454148,-0.271958157534106,9.625,7.74845,17.458525,50.0417
424,0.527077708642373,0.849817091527527,8.184356,6.99902,12.000839,80.4783
673,0.556017436657045,-0.831170626365808,7.314151,5.749508,12.000236,53.2917
422,0.556017436657045,0.831170626365808,9.233349,7.624964,17.958211,49.0833
201,-0.949717842791432,-0.313107040935827,30.305,38.540486,14.875407,69.125
80,0.19245158197083,0.981306470271609,12.758349,13.082372,15.12525,62.4583
634,-0.0816763953304229,-0.99665890175417,21.845,23.376458,16.3748,63.0833
231,-0.671259957567532,-0.741222010848596,24.7825,26.833736,6.999289,67.4167
636,-0.0473213883224323,-0.998879715585034,21.100849,22.666958,10.999993,69
105,-0.23449138957041,0.972118196629061,12.249151,12.082472,22.834136,88.8333
374,0.988022665663698,0.154308820664281,6.508712,5.042516,12.565984,64.6522
10,0.985220106756061,0.171293144181478,-0.0527230000000003,-3.363376,8.182844,68.6364
635,-0.0645084494493163,-0.997917160865392,22.55,24.12635,9.000914,69.0833
363,0.999407400739705,-0.0344216116227456,6.648349,5.041592,9.000579,63.6667
569,-0.932289213174514,-0.361713730729767,26.858349,29.541122,9.291761,69.4167
402,0.803927961832822,0.594726686960763,8.645849,7.832864,9.874393,49.625
520,-0.890027576434676,0.455906693508459,20.0825,22.166678,19.083811,48.7083
30,0.869589389346611,0.493775550159977,0.499151,-3.7075,12.541864,60.375
413,0.677614789046689,0.735417022963985,8.293349,7.45805,12.792243,53.4583
556,-0.989314203970366,-0.145799196919875,25.879151,27.876536,10.166379,66.75
483,-0.444378178104613,0.895839290734909,9.703349,8.915264,8.708325,48.9583
464,-0.133014706534197,0.991114063993455,14.990849,15.458108,23.999132,31.75
438,0.309016994374948,0.951056516295153,18.9075,20.208722,7.709154,50.7083
15,0.966847813605277,0.255353295116187,2.888349,-0.541677999999999,12.625011,48.375
196,-0.973118337233262,-0.230305670230612,24.273349,26.125358,13.958914,58.5
644,0.0902516100310416,-0.995918996147179,18.045849,19.542386,17.957675,66.4167
416,0.638749422051527,0.769414826883938,5.527822,3.477458,13.783039,59.4348
411,0.702527474169157,0.711656622281774,6.883349,5.790692,6.125475,75.2917
598,-0.645348113229551,-0.763888612790542,22.510849,23.66765,4.8756436,67.375
11,0.982125605868001,0.188226709843244,0.118169,-5.408782,20.410009,59.9545
415,0.651898995878712,0.758305808478563,5.16,2.043806,15.348561,50.7826
65,0.436651231956064,0.899630869652243,4.301733,-0.261574,22.870584,55.1304
49,0.664855397964287,0.746972087696555,10.760849,9.832664,34.000021,18.7917
203,-0.938377391740864,-0.345612312670734,31.910849,37.082942,8.791807,50
459,-0.0473213883224321,0.998879715585034,17.458349,19.2077,12.125325,46.9583
703,0.893918596519257,-0.448229341740411,14.364151,14.957564,11.666643,73.375
530,-0.954966754855255,0.29671281927349,22.471651,25.209278,17.000111,56.9583
383,0.952377575730397,0.304921224656289,0.93,-3.457492,14.750586,49.75
121,-0.490028666429059,0.871706318709322,17.810849,19.166978,12.291418,73
398,0.842941537354783,0.538005171538299,6.726651,4.416836,11.959232,52.6667
593,-0.70862667826446,-0.705583610107178,25.800849,27.209408,9.500332,51.9167
314,0.638749422051527,-0.769414826883938,7.235849,4.249922,21.083225,44.625
258,-0.267814305162175,-0.963470548564149,14.050849,14.45735,11.000261,59.0417
352,0.975064532257195,-0.221921513004165,5.003349,2.541578,11.584032,63.75
247,-0.444378178104613,-0.895839290734909,23.646651,25.292636,14.250632,79.0417
579,-0.856550995901004,-0.516062391015853,27.3675,30.667808,8.666718,65.9583
689,0.761104258660774,-0.648629561034982,9.585849,9.124022,5.542575,68.5
330,0.823923005757554,-0.566701756291118,13.580849,14.0828,13.999918,69.8333
99,-0.133014706534196,0.991114063993455,12.053349,12.164642,9.833389,85.75
107,-0.267814305162174,0.963470548564149,16.0875,17.207636,10.958989,54.25
300,0.436651231956063,-0.899630869652244,7.549151,5.041592,15.375093,58.5833
9,0.988022665663698,0.154308820664281,-0.910849000000001,-6.041392,14.958889,48.2917
451,0.0902516100310416,0.995918996147179,7.196651,4.833164,12.541864,29
624,-0.251190063884819,-0.967937783024064,19.26,21.16625,6.0422811,57
650,0.19245158197083,-0.981306470271609,12.5625,12.582686,15.751164,53.9167
466,-0.16705162550212,0.98594814996383,8.388712,6.260084,19.783358,46.9565
401,0.814046093508218,0.580800273453801,5.282623,3.564116,10.3046,62.2174
619,-0.333468778918187,-0.942761143390421,19.1425,20.583272,6.1676314,52
568,-0.938377391740864,-0.345612312670734,23.3725,25.12625,6.2926936,76.25
393,0.886070621534138,0.46355027090285,5.2775,1.999586,16.08335,31.125
7,0.99274872245774,0.120208044899353,-0.244999999999999,-5.291236,17.875868,53.5833
113,-0.365722523497269,0.930723931037979,19.338349,20.416358,12.875725,81.0833
260,-0.234491389570411,-0.972118196629061,15.8525,16.375442,11.958361,69.5
28,0.886070621534138,0.463550270902851,1.236534,-1.999684,9.739455,65.1739
305,0.512371412128424,-0.858763958275803,9.7425,9.748778,5.5001439,71.875
625,-0.234491389570411,-0.972118196629061,19.299151,20.5013,10.166714,73.4583
645,0.107381346664162,-0.994217906893952,11.544151,11.707658,9.457854,70.8333
281,0.124479263886789,-0.992222209417932,17.419151,18.582878,4.25115,72.75
486,-0.49002866642906,0.871706318709322,20.826651,22.083386,10.458432,65.9583
266,-0.133014706534196,-0.991114063993455,20.513349,21.251192,5.2516811,86.25
261,-0.217723230396532,-0.976010550632368,17.810849,18.95855,10.166714,69
695,0.823923005757554,-0.566701756291117,6.726651,6.374264,3.12555,53.5417
409,0.726607524768566,0.687052767223667,7.000849,6.040436,9.458993,50.875
707,0.922639548840488,-0.385663406243608,9.938349,9.707528,6.792393,91.125
218,-0.81901488666808,-0.573772267904325,26.8975,31.209272,13.499629,75.2917
183,-0.999962959116266,-0.0086069968886887,25.683349,28.12595,15.333486,68.25
351,0.97110005188295,-0.23867276600595,3.201651,0.208213999999998,11.375193,58.625
628,-0.18399835165768,-0.982926551979982,17.693349,19.124672,7.917189,61.8333
118,-0.444378178104613,0.895839290734909,15.97,16.832558,16.084221,45.7083
641,0.038722280892174,-0.999250011239683,22.9025,23.542778,4.4585686,79.375
649,0.175531490421428,-0.984473816752092,12.445,12.457022,12.166932,46.3333
655,0.276096973097469,-0.961129783872301,13.424151,13.707128,6.791857,69.2917
406,0.761104258660774,0.648629561034982,2.535849,-2.082778,19.416332,73.125
505,-0.74410393987136,0.668063864213534,21.179151,22.541822,17.042589,53.0417
717,0.975064532257195,-0.221921513004165,11.309151,11.040728,14.834068,66.625
239,-0.563150724274919,-0.82635419872391,25.231773,26.765294,20.412153,56.1765
119,-0.459732739452104,0.888057322629493,14.2075,14.625386,15.750025,50.3333
442,0.242849722095936,0.970063921851507,14.2075,14.624,8.501161,81
303,0.482507741761218,-0.875891705144243,7.98,7.500158,7.12545,70.3333
440,0.276096973097469,0.961129783872301,12.484151,12.791114,7.583864,84.2083
686,0.726607524768566,-0.687052767223667,7.275,5.541278,12.041843,54.5417
394,0.877960084700888,0.478733840115789,4.650849,1.33325,14.458064,40.0833
104,-0.217723230396532,0.976010550632368,12.993349,13.166258,15.167125,67.125
280,0.107381346664162,-0.994217906893952,16.518349,17.873972,3.0420814,70.125
179,-0.998185534471859,0.060213277365793,26.231651,27.209408,17.542007,49.7917
439,0.292600335633348,0.956234826591906,18.2025,19.16645,10.042161,57.9583
240,-0.54884295828472,-0.835925479418637,21.923349,24.125228,10.708275,55.4583
519,-0.882048024955854,0.471159507673864,20.3175,21.958778,12.333829,49.3333
166,-0.959932689659744,0.280230675199216,21.531651,23.292836,13.833557,68.8333
46,0.702527474169157,0.711656622281775,6.958267,4.8692,16.869997,42.3478
190,-0.99167731989929,-0.128748177452581,27.1325,29.54165,12.292557,57.8333
36,0.814046093508218,0.580800273453801,5.434151,3.250286,9.5006,56.8333
173,-0.986657932891657,0.162807012938517,26.231651,29.792978,15.999868,70.3333
567,-0.944187508834199,-0.32940848222453,20.004151,20.294192,14.2911,86.5417
302,0.467359217158002,-0.884067509943364,7.000849,5.207714,11.833339,62.375
206,-0.91928596971861,-0.393590276656467,28.268349,30.000614,13.417286,54.0833
18,0.952377575730397,0.304921224656289,5.732178,3.695852,13.957239,74.1739
583,-0.81901488666808,-0.573772267904325,27.3675,30.876236,8.666718,65.4167
671,0.527077708642372,-0.849817091527527,8.685,7.498772,17.833725,52.2083
341,0.915864288267287,-0.401487989205973,4.494151,0.957908,16.083886,58
102,-0.18399835165768,0.982926551979982,11.3875,11.540678,16.791339,81.9167
722,0.990532452132223,-0.137278772113264,3.554151,1.125086,8.916561,51.5417
529,-0.949717842791432,0.313107040935827,22.824151,24.333722,22.999693,58.2083
187,-0.997001169925015,-0.077386479233463,27.25,29.333486,10.6664,65.125
138,-0.720667149553861,0.693281226886978,16.949151,17.708972,7.250271,82.9583
633,-0.0988201387328712,-0.995105311100698,17.85,19.915814,15.833507,57
654,0.259511797069799,-0.965739937654855,14.011651,14.415836,12.208807,55.8333
188,-0.995521372414475,-0.0945367498171996,25.330849,28.251878,15.083643,75.7917
310,0.584298173628368,-0.811539059007361,10.565,10.457486,3.834075,75.875
506,-0.755493314072681,0.655156357209085,20.121651,21.334022,15.624668,81.125
541,-0.993746580436178,0.111659007121695,25.644151,27.166772,20.125661,50.4167
37,0.803927961832821,0.594726686960763,4.768349,4.041428,3.0423561,73.8333
599,-0.632103411187349,-0.774884041367041,23.3725,25.042364,4.7089811,67.7083
318,0.690173388242971,-0.723644038295913,16.91,17.500214,13.375411,68.875
340,0.908817637339503,-0.417193602612317,11.27,10.416236,17.833725,97.0417
517,-0.865307254363206,0.501241813445775,22.745849,24.125492,15.916721,75.5417
555,-0.99167731989929,-0.128748177452581,25.409151,27.167564,12.125325,68.3333
335,0.869589389346611,-0.493775550159977,6.765849,5.874578,6.750518,62.5833
20,0.941317317512847,0.337522899594113,0.342499999999999,-5.583022,23.667214,45.7083
198,-0.964614175691244,-0.263665492728008,27.093349,30.45905,14.458868,65.125
86,0.0902516100310412,0.995918996147179,4.424356,0.999884000000002,14.217668,30.2174
690,0.772156584499164,-0.635432300890177,8.606651,8.082872,6.917482,61.375
542,-0.995521372414475,0.0945367498172,21.649151,23.250464,23.292014,37.3333
473,-0.284359187281003,0.958717816987297,13.776651,14.164508,11.250104,56.9167
437,0.32534208471198,0.945596387427143,18.555,19.833314,15.87565,61.75
358,0.99274872245774,-0.120208044899353,4.914801,2.477426,10.391097,68.1304
360,0.996298174934608,-0.0859647987374468,7.275,5.623778,12.62615,76.25
331,0.83355577183857,-0.552435313167619,15.663466,16.348052,9.522174,74.3043
5,0.996298174934608,0.0859647987374465,1.604356,-0.608205999999999,6.0008684,51.8261
127,-0.577291616551727,0.816538051445916,16.831651,18.249578,5.0007125,63.1667
155,-0.890027576434677,0.455906693508459,22.471651,24.709064,9.292364,65.25
287,0.226115685508288,-0.97410045517242,15.813349,16.91585,17.291561,48.3333
48,0.677614789046689,0.735417022963986,16.518349,17.790878,17.749975,51.6667
226,-0.732494071613579,-0.680773409477017,23.294151,24.667022,13.999918,71.2083
238,-0.577291616551728,-0.816538051445916,23.96,25.946696,25.166339,85
192,-0.986657932891657,-0.162807012938517,29.325849,32.79215,13.417018,55.9167
418,0.611886401268725,0.790945656756777,13.345849,13.333436,12.791171,55.4583
443,0.226115685508288,0.97410045517242,17.615,19.166186,10.875239,72.875
189,-0.993746580436178,-0.111659007121695,26.466651,27.834428,11.250104,60.9167
111,-0.333468778918187,0.942761143390421,7.823349,5.248964,14.707907,72.9583
500,-0.68391942162461,0.729557554086488,20.748349,22.042664,9.875264,79.4583
364,0.999851839209116,-0.0172133561558346,11.27,11.331986,14.750318,61.5833
493,-0.591261444863578,0.806479946320945,19.338349,20.793086,19.833943,68.5833
468,-0.200890555130635,0.97961369164549,12.7975,12.499328,10.416557,40.8333
463,-0.1159345995955,0.993256849267414,15.5,16.50005,15.583932,27.5833
58,0.541627820655981,0.840618405634478,11.141831,10.407788,19.408962,87.6364
60,0.512371412128424,0.858763958275803,7.745,5.124686,20.624811,44.9583
405,0.772156584499164,0.635432300890177,5.199151,3.374828,7.834243,54
698,0.852077521101309,-0.523415607365551,5.20089,3.695852,7.739974,55.5652
590,-0.744103939871361,-0.668063864213534,25.879151,27.708764,9.126204,54.5417
87,0.0730951298980776,0.997324973108156,6.2175,3.331928,15.208732,31.4167
131,-0.632103411187349,0.774884041367041,17.145,18.541958,12.707689,74.75
691,0.782980103677063,-0.622046748440867,7.98,7.124486,3.5423436,58.0417
250,-0.397542814282557,-0.917583626059394,21.793911,20.653826,12.914116,93.9565
202,-0.944187508834199,-0.32940848222453,31.871651,39.499136,8.9177,58.0417
245,-0.47495107206705,-0.880012203973536,23.450849,25.792058,12.416775,71.6667
535,-0.976938492777182,0.213520915439796,24.351651,27.209672,9.917139,69
417,0.625410572985246,0.780295851070776,10.604151,9.916022,15.709557,56.7917
545,-0.99907411510223,0.0430222330045306,31.205849,35.916458,11.082939,48.875
469,-0.217723230396531,0.976010550632368,15.265,16.207736,12.791439,50.2917
130,-0.618671403262503,0.785649855078715,17.4975,18.8744,8.083014,63.2917
471,-0.251190063884819,0.967937783024064,23.215849,24.58505,19.083543,56.1667
161,-0.932289213174513,0.361713730729768,26.075,28.750508,10.37495,65.4583
558,-0.98370929377361,-0.179766585725562,25.644151,27.209078,9.833925,52.9583
167,-0.964614175691244,0.263665492728008,22.510849,23.625278,9.582943,73.5833
77,0.242849722095936,0.970063921851507,14.2075,14.79065,24.667189,37.9167
399,0.83355577183857,0.55243531316762,4.415849,1.99985,8.167032,77.9583
313,0.625410572985246,-0.780295851070775,9.86,8.665586,12.667489,81.3333
94,-0.0473213883224319,0.998879715585034,11.465849,10.2911,26.000489,64.2083
220,-0.798779372886365,-0.601624063224923,28.425,31.791986,10.125107,57.0417
509,-0.788305055830525,0.615284599963328,22.785,24.0422,11.584032,71.6667
160,-0.92592477719385,0.377707965203965,27.485,30.417272,9.417118,60.5
612,-0.444378178104613,-0.895839290734909,26.114151,29.334608,15.833507,75.5
241,-0.534372558280979,-0.845249057353063,22.040849,23.250464,8.375536,54.8333
180,-0.99907411510223,0.0430222330045306,24.743349,26.042528,12.415904,43.4167
561,-0.973118337233262,-0.230305670230612,27.054151,30.542936,11.166689,71.7917
723,0.99274872245774,-0.120208044899353,2.871288,1.0874,5.1744368,79.1304
371,0.994670819911521,0.103101697447434,10.486651,9.791414,11.708786,53.1667
16,0.962309077454149,0.271958157534106,0.264151,-4.333114,12.999139,53.75
550,-0.99907411510223,-0.0430222330045306,29.090849,32.334242,9.04165,53.875
186,-0.998185534471859,-0.060213277365793,25.84,29.251778,10.042161,74.3333
248,-0.428891937912484,-0.903355802324685,17.38,18.0032,23.044181,88.6957
571,-0.919285969718611,-0.393590276656466,26.035849,27.167564,11.0416,45
170,-0.976938492777182,0.213520915439796,21.845,23.292836,10.416825,74.625
284,0.175531490421428,-0.984473816752092,17.536651,18.169322,16.62605,90.625
253,-0.349647455251228,-0.936881346295431,22.706651,24.209114,7.708618,71.375
227,-0.720667149553861,-0.693281226886978,24.939151,26.625242,15.834043,57.8333
44,0.726607524768566,0.687052767223667,11.505,10.2911,27.999836,37.5833
135,-0.68391942162461,0.729557554086488,19.1425,20.333792,8.500357,78.7917
78,0.226115685508288,0.97410045517242,7.6275,5.4995,13.917307,47.375
604,-0.563150724274918,-0.82635419872391,25.056651,27.209408,8.625111,73.0417
503,-0.720667149553861,0.693281226886978,18.515849,20.373986,9.166739,52.3333
362,0.998666816288476,-0.0516196672232536,3.671651,1.416872,8.000604,57.4167
475,-0.317191288589107,0.948361580012172,16.753349,18.04115,10.041357,69.4583
407,0.749826401204569,0.661634618242278,-2.0075,-9.290572,27.417204,46.4583
694,0.814046093508218,-0.580800273453801,3.554151,1.000478,10.0835,46.8333
259,-0.25119006388482,-0.967937783024064,15.108349,15.581792,12.708225,71.8333
445,0.19245158197083,0.981306470271609,16.988349,17.875028,6.0004061,82.125
27,0.893918596519257,0.448229341740411,1.563466,-1.261078,8.2611,79.3043
642,0.0559169901006039,-0.998435421155564,22.9025,24.12635,7.875582,72.2917
387,0.929141411403174,0.369724542890673,2.261651,0.0418279999999989,7.417436,91.125
312,0.611886401268724,-0.790945656756777,10.8,10.999214,4.1671186,75.8333
524,-0.919285969718611,0.393590276656466,22.510849,23.458892,11.750661,46.7917
101,-0.167051625502119,0.98594814996383,15.6175,16.541564,18.416893,73.9167
137,-0.70862667826446,0.705583610107178,17.85,18.792428,13.499964,87
108,-0.284359187281004,0.958717816987296,15.774151,16.291028,10.584057,66.5833
513,-0.828770087174504,0.559589262410176,25.4875,28.8338,13.166907,67.625
682,0.677614789046689,-0.735417022963985,8.136651,5.33285,22.917082,66.2917
244,-0.490028666429059,-0.871706318709322,22.236651,23.917328,9.375243,72.7083
551,-0.998185534471859,-0.0602132773657926,30.8925,34.250222,12.999943,45.7917
510,-0.798779372886365,0.601624063224923,23.96,25.416914,9.41685,74.7083
725,0.996298174934608,-0.0859647987374468,3.436651,-1.458022,21.208582,82.3333
193,-0.98370929377361,-0.179766585725562,27.093349,29.500664,9.790911,63.1667
267,-0.115934599595501,-0.993256849267414,21.805849,21.794042,3.3754064,84.5
139,-0.732494071613579,0.680773409477017,17.223349,18.916772,8.375871,71.9583
512,-0.81901488666808,0.573772267904325,24.43,26.33405,14.416457,69.7083
311,0.598180914405917,-0.801361088174676,11.191651,11.208236,4.6255125,72.1667
639,0.00430353829624382,-0.99999073973619,16.479151,17.792,6.0838814,64.9167
484,-0.459732739452105,0.888057322629493,13.541651,13.707986,7.832836,58.7083
382,0.957485188355039,0.288482432880608,6.256651,2.166764,27.833743,44.3333
274,0.00430353829624382,-0.99999073973619,8.763349,6.790922,14.874871,79.1667
200,-0.954966754855255,-0.29671281927349,28.111651,33.2921,7.625739,70.7083
603,-0.577291616551728,-0.816538051445916,22.706651,23.335736,15.333486,84.5833
552,-0.997001169925015,-0.077386479233463,30.931651,33.667178,9.791514,45.0833
268,-0.0988201387328721,-0.995105311100698,22.510849,22.876772,7.4169,84.8333
1,0.999851839209116,0.0172133561558347,9.083466,7.346774,16.652113,69.6087
64,0.452072203932304,0.891981346459549,9.696534,8.172632,23.000229,94.8261
638,-0.0129102960750097,-0.999916658654738,16.753349,18.165758,9.042186,58.3333
696,0.83355577183857,-0.55243531316762,5.708349,2.582828,15.916654,78.6667
379,0.97110005188295,0.238672766005951,-0.166651,-5.33275,16.834286,41.9167
606,-0.534372558280979,-0.845249057353063,24.195,25.958378,7.541654,55.2083
123,-0.519743812155515,0.854322169749827,11.465849,10.7069,22.042732,73.7083
678,0.625410572985246,-0.780295851070776,8.998349,7.457258,14.375386,54.0833
6,0.994670819911521,0.103101697447435,1.236534,-2.216626,11.304642,49.8696
706,0.915864288267287,-0.401487989205973,7.079151,5.249228,8.7502,76.4167
546,-0.999666648510511,0.0258184402271326,27.955,29.375528,10.791757,60.125
24,0.915864288267287,0.401487989205973,2.503466,-0.521284,8.696332,61.6957
715,0.966847813605277,-0.255353295116187,9.0375,8.415908,6.749714,83.875
426,0.49751328890718,0.867456354729597,8.606651,7.749572,9.708568,65.7083
256,-0.300819807635668,-0.953680996630446,23.646651,25.3754,11.2091,69.7083
511,-0.809016994374947,0.587785252292474,24.5475,26.417936,13.332464,73.25
215,-0.847540922892831,-0.530730048161934,25.37,27.876008,13.20905,75.75
168,-0.969009825724406,0.247022180480936,24.743349,26.500964,8.000336,67.0417
441,0.2595117970698,0.965739937654855,16.165849,17.333036,7.417168,75.5833
213,-0.865307254363206,-0.501241813445776,28.816651,30.666686,13.79195,49.125
70,0.357698238833126,0.933837228822925,7.470849,5.4995,14.791925,59.4583
14,0.97110005188295,0.23867276600595,2.966651,0.375392000000002,10.583521,49.875
470,-0.23449138957041,0.972118196629061,20.513349,21.87575,15.083643,50.7917
531,-0.959932689659744,0.280230675199217,22.040849,23.583764,11.833339,58.9583
344,0.935367949313148,-0.353676122176372,2.379151,0.708164,4.4582939,49
435,0.357698238833125,0.933837228822925,9.001733,7.73822,14.913329,47.6957
404,0.782980103677063,0.622046748440867,4.455,1.291208,13.000479,56.2083
540,-0.99167731989929,0.128748177452581,26.936651,28.500764,9.750175,47.9167
306,0.527077708642372,-0.849817091527528,11.191651,10.790786,9.166739,70.2083
688,0.749826401204569,-0.661634618242278,9.899151,8.790986,15.749489,62.3333
3,0.998666816288476,0.0516196672232538,1.4,-1.999948,10.739832,59.0435
384,0.946987753076075,0.321269661692364,2.2225,-1.416772,13.58425,45
175,-0.99167731989929,0.128748177452581,24.665,26.458658,14.041257,48.3333
323,0.749826401204569,-0.661634618242278,13.776651,14.165828,12.45865,68.4583
526,-0.932289213174514,0.361713730729767,26.153349,27.792122,8.959307,53.8333
595,-0.683919421624611,-0.729557554086488,23.881651,24.792686,11.917089,60.3333
712,0.952377575730397,-0.304921224656289,5.904151,3.416408,11.666643,48.5833
721,0.988022665663698,-0.154308820664281,4.494151,-0.416542000000002,27.292182,44.125
621,-0.300819807635668,-0.953680996630446,20.7875,22.250828,5.5422936,63.7083
727,0.998666816288476,-0.0516196672232542,3.906651,0.833036,10.416557,59
591,-0.732494071613579,-0.680773409477016,26.153349,28.667414,11.333586,68.6667
327,0.793571608952147,-0.608476870115126,9.546651,8.583086,11.209368,54.9167
676,0.598180914405916,-0.801361088174677,5.904151,2.124986,20.375236,54.75
45,0.714673386042961,0.699458327051647,4.506089,0.782084000000001,19.522058,31.4348
600,-0.618671403262504,-0.785649855078714,24.704151,26.042528,5.6679186,63.5833
549,-0.999666648510511,-0.0258184402271326,28.699151,30.3749,8.457879,49.2083
97,-0.0988201387328714,0.995105311100698,7.784151,5.415614,15.208464,83.625
255,-0.317191288589106,-0.948361580012172,22.589151,23.834564,9.500868,71.25
67,0.405425728359997,0.914127988185334,5.904151,2.916128,14.75005,77.5417
680,0.651898995878712,-0.758305808478563,11.779151,11.833058,8.5425,65.9167
181,-0.999666648510511,0.0258184402271331,25.9575,27.042692,6.874736,39.625
74,0.292600335633349,0.956234826591906,9.165199,8.21738,13.608839,77.6522
132,-0.64534811322955,0.763888612790543,16.0875,16.6238,12.041575,86.3333
230,-0.683919421624611,-0.729557554086488,24.195,25.792586,9.333636,72.2917
34,0.83355577183857,0.55243531316762,1.931288,-0.913257999999999,8.565213,58.5217
488,-0.519743812155516,0.854322169749827,18.32,19.457972,8.957632,76.8333
632,-0.115934599595501,-0.993256849267414,16.165849,17.165858,9.541068,49.2917
492,-0.577291616551727,0.816538051445916,17.2625,18.791372,15.458307,66.4167
716,0.97110005188295,-0.238672766005951,10.486651,10.499,6.5833061,90.7083
665,0.436651231956063,-0.899630869652244,16.91,17.998778,15.791364,72
434,0.373719714790469,0.927541683579197,5.5125,2.332622,15.12525,35.0417
197,-0.969009825724406,-0.247022180480936,25.800849,28.208978,16.417211,60.4167
