id,study,sweep,rep,is_warmup,dataset,approach,n_features,max_n_coalitions,n_MC_samples,min_n_batches,max_batch_size,max_batch_cube_size,workers,backend,dt_threads,n_train,n_explain,iterative,group,group_size,approach_args,pair_role,coalitions_from,coalitions_override,timestamp,hostname,r_version,shapr_version,git_sha,pid,status,data_load_secs,wall_secs,cpu_user_secs,cpu_sys_secs,cpu_user_child_secs,cpu_sys_child_secs,gc_peak_bytes,used_n_coalitions,n_iterations,used_n_batches,used_n_batches_max,effective_max_batch_size,total_time_secs,phase_setup,phase_test_prediction,phase_main_computation,phase_finalize_explanation,peak_rss_tree_bytes,peak_cgroup_bytes,bash_wall_secs,exit_code,timed_out,peak_ram_bytes,peak_ram_mb
1,copula,scale_train_mc,0,TRUE,numeric,copula,12,128,50,10,Inf,1000000,1,multisession,1,500,25,FALSE,FALSE,2,,"",NA,NA,2026-07-08T03:48:31+0200,jullum-ubuntu,4.6.1,1.0.8.9002,b9c5fcd1,902639,ok,0.8822,1.9322,1.902,0.027,0,0,234169304,128,1,10,10,66,1.7688,0.0427,0.0275,1.6922,0.0064,285306880,258506752,3.728,0,FALSE,258506752,246.5
2,copula,scale_train_mc,1,FALSE,numeric,copula,12,128,50,10,Inf,1000000,1,multisession,1,500,25,FALSE,FALSE,2,,"",NA,NA,2026-07-08T02:38:46+0200,jullum-ubuntu,4.6.1,1.0.8.9002,b9c5fcd1,891368,ok,0.8832,1.9198,1.887,0.029,0,0,234168408,128,1,10,10,66,1.7563,0.0424,0.0272,1.6805,0.0062,285384704,258494464,3.71,0,FALSE,258494464,246.5
3,copula,scale_train_mc,2,FALSE,numeric,copula,12,128,50,10,Inf,1000000,1,multisession,1,500,25,FALSE,FALSE,2,,"",NA,NA,2026-07-08T02:33:40+0200,jullum-ubuntu,4.6.1,1.0.8.9002,b9c5fcd1,887255,ok,0.886,1.9456,1.914,0.029,0,0,234166328,128,1,10,10,66,1.7815,0.0433,0.0273,1.7047,0.0062,285192192,257970176,3.717,0,FALSE,257970176,246
4,copula,scale_train_mc,3,FALSE,numeric,copula,12,128,50,10,Inf,1000000,1,multisession,1,500,25,FALSE,FALSE,2,,"",NA,NA,2026-07-08T01:10:13+0200,jullum-ubuntu,4.6.1,1.0.8.9002,b9c5fcd1,865135,ok,0.8812,1.9291,1.898,0.029,0,0,234169024,128,1,10,10,66,1.7654,0.0425,0.0273,1.6893,0.0062,285433856,258736128,3.718,0,FALSE,258736128,246.8
5,copula,scale_train_mc,0,TRUE,numeric,copula,12,128,50,10,Inf,1000000,1,multisession,1,2500,25,FALSE,FALSE,2,,"",NA,NA,2026-07-08T01:10:22+0200,jullum-ubuntu,4.6.1,1.0.8.9002,b9c5fcd1,865213,ok,0.8807,3.6446,3.605,0.038,0,0,233702240,128,1,10,10,66,3.4826,0.0423,0.0274,3.4068,0.0061,285433856,258891776,5.44,0,FALSE,258891776,246.9
6,copula,scale_train_mc,1,FALSE,numeric,copula,12,128,50,10,Inf,1000000,1,multisession,1,2500,25,FALSE,FALSE,2,,"",NA,NA,2026-07-08T02:23:26+0200,jullum-ubuntu,4.6.1,1.0.8.9002,b9c5fcd1,879544,ok,0.883,3.6346,3.61,0.023,0,0,233702032,128,1,10,10,66,3.4725,0.0425,0.0275,3.3961,0.0065,285528064,258834432,5.445,0,FALSE,258834432,246.8
7,copula,scale_train_mc,2,FALSE,numeric,copula,12,128,50,10,Inf,1000000,1,multisession,1,2500,25,FALSE,FALSE,2,,"",NA,NA,2026-07-08T02:45:07+0200,jullum-ubuntu,4.6.1,1.0.8.9002,b9c5fcd1,898453,ok,0.8806,3.6122,3.582,0.028,0,0,233707592,128,1,10,10,66,3.4485,0.0424,0.0279,3.3722,0.0061,285540352,258740224,5.404,0,FALSE,258740224,246.8
8,copula,scale_train_mc,3,FALSE,numeric,copula,12,128,50,10,Inf,1000000,1,multisession,1,2500,25,FALSE,FALSE,2,,"",NA,NA,2026-07-08T01:13:27+0200,jullum-ubuntu,4.6.1,1.0.8.9002,b9c5fcd1,867929,ok,0.8872,3.6582,3.625,0.031,0,0,233702704,128,1,10,10,66,3.4932,0.0429,0.028,3.4161,0.0061,287977472,259080192,5.441,0,FALSE,259080192,247.1
9,copula,scale_train_mc,0,TRUE,numeric,copula,12,128,50,10,Inf,1000000,1,multisession,1,10000,25,FALSE,FALSE,2,,"",NA,NA,2026-07-08T02:42:24+0200,jullum-ubuntu,4.6.1,1.0.8.9002,b9c5fcd1,894275,ok,0.8879,11.1934,11.162,0.028,0,0,234245296,128,1,10,10,66,11.0343,0.0428,0.0279,10.9523,0.0112,286851072,259665920,12.998,0,FALSE,259665920,247.6
10,copula,scale_train_mc,1,FALSE,numeric,copula,12,128,50,10,Inf,1000000,1,multisession,1,10000,25,FALSE,FALSE,2,,"",NA,NA,2026-07-08T02:22:38+0200,jullum-ubuntu,4.6.1,1.0.8.9002,b9c5fcd1,879146,ok,0.8996,11.1586,11.13,0.025,0,0,234245544,128,1,10,10,66,10.9948,0.0425,0.0278,10.9183,0.0061,287199232,259751936,12.978,0,FALSE,259751936,247.7
11,copula,scale_train_mc,2,FALSE,numeric,copula,12,128,50,10,Inf,1000000,1,multisession,1,10000,25,FALSE,FALSE,2,,"",NA,NA,2026-07-08T01:06:40+0200,jullum-ubuntu,4.6.1,1.0.8.9002,b9c5fcd1,861266,ok,0.8886,11.1365,11.106,0.027,0,0,234245736,128,1,10,10,66,10.9707,0.0427,0.028,10.894,0.006,286744576,259751936,12.964,0,FALSE,259751936,247.7
12,copula,scale_train_mc,3,FALSE,numeric,copula,12,128,50,10,Inf,1000000,1,multisession,1,10000,25,FALSE,FALSE,2,,"",NA,NA,2026-07-08T01:12:52+0200,jullum-ubuntu,4.6.1,1.0.8.9002,b9c5fcd1,867685,ok,0.8807,11.2236,11.19,0.029,0,0,234245696,128,1,10,10,66,11.0609,0.0427,0.0277,10.9844,0.0061,287125504,259833856,13.02,0,FALSE,259833856,247.8
13,copula,scale_train_mc,0,TRUE,numeric,copula,12,128,50,10,Inf,1000000,1,multisession,1,20000,25,FALSE,FALSE,2,,"",NA,NA,2026-07-08T01:14:03+0200,jullum-ubuntu,4.6.1,1.0.8.9002,b9c5fcd1,868459,ok,0.8888,22.0157,21.976,0.033,0,0,234222520,128,1,10,10,66,21.8516,0.0433,0.0286,21.7737,0.006,287854592,262873088,23.835,0,FALSE,262873088,250.7
14,copula,scale_train_mc,1,FALSE,numeric,copula,12,128,50,10,Inf,1000000,1,multisession,1,20000,25,FALSE,FALSE,2,,"",NA,NA,2026-07-08T05:54:46+0200,jullum-ubuntu,4.6.1,1.0.8.9002,b9c5fcd1,921495,ok,0.8847,22.0204,21.98,0.028,0,0,234222520,128,1,10,10,66,21.8635,0.0429,0.0286,21.7803,0.0117,287744000,262713344,23.813,0,FALSE,262713344,250.5
15,copula,scale_train_mc,2,FALSE,numeric,copula,12,128,50,10,Inf,1000000,1,multisession,1,20000,25,FALSE,FALSE,2,,"",NA,NA,2026-07-08T01:12:22+0200,jullum-ubuntu,4.6.1,1.0.8.9002,b9c5fcd1,867549,ok,0.8837,21.954,21.927,0.022,0,0,234222520,128,1,10,10,66,21.7913,0.0429,0.0285,21.7138,0.0061,289890304,264302592,23.773,0,FALSE,264302592,252.1
16,copula,scale_train_mc,3,FALSE,numeric,copula,12,128,50,10,Inf,1000000,1,multisession,1,20000,25,FALSE,FALSE,2,,"",NA,NA,2026-07-08T01:01:33+0200,jullum-ubuntu,4.6.1,1.0.8.9002,b9c5fcd1,857770,ok,0.8807,22.0106,21.973,0.033,0,0,234222688,128,1,10,10,66,21.8472,0.0428,0.0286,21.7698,0.0062,288174080,263561216,23.812,0,FALSE,263561216,251.4
17,copula,scale_train_mc,0,TRUE,numeric,copula,12,128,250,10,Inf,1000000,1,multisession,1,500,25,FALSE,FALSE,2,,"",NA,NA,2026-07-08T02:41:54+0200,jullum-ubuntu,4.6.1,1.0.8.9002,b9c5fcd1,894154,ok,0.8836,2.7737,2.699,0.073,0,0,248284232,128,1,10,10,13,2.6117,0.0427,0.0275,2.5355,0.006,320659456,295391232,4.568,0,FALSE,295391232,281.7
18,copula,scale_train_mc,1,FALSE,numeric,copula,12,128,250,10,Inf,1000000,1,multisession,1,500,25,FALSE,FALSE,2,,"",NA,NA,2026-07-08T02:22:57+0200,jullum-ubuntu,4.6.1,1.0.8.9002,b9c5fcd1,879282,ok,0.8825,2.7638,2.689,0.069,0,0,248284048,128,1,10,10,13,2.6009,0.0425,0.0273,2.525,0.0061,317874176,293171200,4.551,0,FALSE,293171200,279.6
19,copula,scale_train_mc,2,FALSE,numeric,copula,12,128,250,10,Inf,1000000,1,multisession,1,500,25,FALSE,FALSE,2,,"",NA,NA,2026-07-08T02:21:25+0200,jullum-ubuntu,4.6.1,1.0.8.9002,b9c5fcd1,877623,ok,0.8779,2.7224,2.644,0.072,0,0,248280640,128,1,10,10,13,2.5614,0.0424,0.0271,2.4858,0.006,318111744,293036032,4.5,0,FALSE,293036032,279.5
20,copula,scale_train_mc,3,FALSE,numeric,copula,12,128,250,10,Inf,1000000,1,multisession,1,500,25,FALSE,FALSE,2,,"",NA,NA,2026-07-08T01:06:21+0200,jullum-ubuntu,4.6.1,1.0.8.9002,b9c5fcd1,860156,ok,0.8871,2.7647,2.691,0.072,0,0,248280584,128,1,10,10,13,2.6012,0.0428,0.0275,2.5248,0.0061,320602112,295755776,4.566,0,FALSE,295755776,282.1
21,copula,scale_train_mc,0,TRUE,numeric,copula,12,128,250,10,Inf,1000000,1,multisession,1,2500,25,FALSE,FALSE,2,,"",NA,NA,2026-07-08T02:44:04+0200,jullum-ubuntu,4.6.1,1.0.8.9002,b9c5fcd1,896859,ok,0.8843,4.445,4.392,0.051,0,0,248307488,128,1,10,10,13,4.2823,0.0425,0.0276,4.2062,0.006,319295488,293888000,6.238,0,FALSE,293888000,280.3
22,copula,scale_train_mc,1,FALSE,numeric,copula,12,128,250,10,Inf,1000000,1,multisession,1,2500,25,FALSE,FALSE,2,,"",NA,NA,2026-07-08T02:38:33+0200,jullum-ubuntu,4.6.1,1.0.8.9002,b9c5fcd1,890801,ok,0.8875,4.4631,4.39,0.07,0,0,248303152,128,1,10,10,13,4.3048,0.0428,0.0276,4.2237,0.0108,318992384,294195200,6.239,0,FALSE,294195200,280.6
23,copula,scale_train_mc,2,FALSE,numeric,copula,12,128,250,10,Inf,1000000,1,multisession,1,2500,25,FALSE,FALSE,2,,"",NA,NA,2026-07-08T01:13:40+0200,jullum-ubuntu,4.6.1,1.0.8.9002,b9c5fcd1,868060,ok,0.8828,4.4476,4.39,0.055,0,0,248307480,128,1,10,10,13,4.2848,0.0426,0.0274,4.2086,0.0061,319213568,294326272,6.246,0,FALSE,294326272,280.7
24,copula,scale_train_mc,3,FALSE,numeric,copula,12,128,250,10,Inf,1000000,1,multisession,1,2500,25,FALSE,FALSE,2,,"",NA,NA,2026-07-08T01:06:14+0200,jullum-ubuntu,4.6.1,1.0.8.9002,b9c5fcd1,860117,ok,0.8828,4.4664,4.399,0.065,0,0,248307448,128,1,10,10,13,4.3041,0.0424,0.0273,4.2282,0.0061,318963712,294060032,6.262,0,FALSE,294060032,280.4
25,copula,scale_train_mc,0,TRUE,numeric,copula,12,128,250,10,Inf,1000000,1,multisession,1,10000,25,FALSE,FALSE,2,,"",NA,NA,2026-07-08T02:24:32+0200,jullum-ubuntu,4.6.1,1.0.8.9002,b9c5fcd1,879870,ok,0.8772,11.953,11.885,0.064,0,0,248141488,128,1,10,10,13,11.7896,0.0423,0.0277,11.7136,0.0061,313180160,287920128,13.775,0,FALSE,287920128,274.6
26,copula,scale_train_mc,1,FALSE,numeric,copula,12,128,250,10,Inf,1000000,1,multisession,1,10000,25,FALSE,FALSE,2,,"",NA,NA,2026-07-08T03:48:48+0200,jullum-ubuntu,4.6.1,1.0.8.9002,b9c5fcd1,903259,ok,0.8786,11.9087,11.844,0.059,0,0,248145088,128,1,10,10,13,11.7467,0.0424,0.0276,11.6706,0.0061,313200640,288083968,13.726,0,FALSE,288083968,274.7
27,copula,scale_train_mc,2,FALSE,numeric,copula,12,128,250,10,Inf,1000000,1,multisession,1,10000,25,FALSE,FALSE,2,,"",NA,NA,2026-07-08T00:56:04+0200,jullum-ubuntu,4.6.1,1.0.8.9002,b9c5fcd1,853283,ok,0.8864,12.0145,11.95,0.059,0,0,248145376,128,1,10,10,13,11.8514,0.0428,0.0283,11.7742,0.0061,312897536,288124928,13.809,0,FALSE,288124928,274.8
28,copula,scale_train_mc,3,FALSE,numeric,copula,12,128,250,10,Inf,1000000,1,multisession,1,10000,25,FALSE,FALSE,2,,"",NA,NA,2026-07-08T02:23:12+0200,jullum-ubuntu,4.6.1,1.0.8.9002,b9c5fcd1,879503,ok,0.8869,11.8798,11.819,0.056,0,0,248140632,128,1,10,10,13,11.718,0.0425,0.0277,11.6417,0.0061,313159680,287981568,13.69,0,FALSE,287981568,274.6
29,copula,scale_train_mc,0,TRUE,numeric,copula,12,128,250,10,Inf,1000000,1,multisession,1,20000,25,FALSE,FALSE,2,,"",NA,NA,2026-07-08T00:57:16+0200,jullum-ubuntu,4.6.1,1.0.8.9002,b9c5fcd1,853707,ok,0.8854,22.8601,22.8,0.053,0,0,248285424,128,1,10,10,13,22.6957,0.0432,0.0288,22.6175,0.0061,315482112,288681984,24.667,0,FALSE,288681984,275.3
30,copula,scale_train_mc,1,FALSE,numeric,copula,12,128,250,10,Inf,1000000,1,multisession,1,20000,25,FALSE,FALSE,2,,"",NA,NA,2026-07-08T02:35:23+0200,jullum-ubuntu,4.6.1,1.0.8.9002,b9c5fcd1,890058,ok,0.8842,22.684,22.622,0.053,0,0,248285336,128,1,10,10,13,22.5195,0.0428,0.028,22.4427,0.006,315502592,288829440,24.496,0,FALSE,288829440,275.4
31,copula,scale_train_mc,2,FALSE,numeric,copula,12,128,250,10,Inf,1000000,1,multisession,1,20000,25,FALSE,FALSE,2,,"",NA,NA,2026-07-08T02:30:07+0200,jullum-ubuntu,4.6.1,1.0.8.9002,b9c5fcd1,882163,ok,0.8844,22.7623,22.699,0.057,0,0,248288984,128,1,10,10,13,22.5985,0.0434,0.0282,22.5207,0.0061,316653568,289767424,24.562,0,FALSE,289767424,276.3
32,copula,scale_train_mc,3,FALSE,numeric,copula,12,128,250,10,Inf,1000000,1,multisession,1,20000,25,FALSE,FALSE,2,,"",NA,NA,2026-07-08T00:56:45+0200,jullum-ubuntu,4.6.1,1.0.8.9002,b9c5fcd1,853621,ok,0.8892,22.975,22.907,0.061,0,0,248289080,128,1,10,10,13,22.809,0.0434,0.0286,22.731,0.0061,316731392,289873920,24.782,0,FALSE,289873920,276.4
33,copula,scale_train_mc,0,TRUE,numeric,copula,12,128,1000,10,Inf,1000000,1,multisession,1,500,25,FALSE,FALSE,2,,"",NA,NA,2026-07-08T00:57:41+0200,jullum-ubuntu,4.6.1,1.0.8.9002,b9c5fcd1,853811,ok,0.885,5.3216,5.218,0.101,0,0,248635608,128,1,43,43,3,5.1574,0.0427,0.0273,5.0813,0.0062,320434176,295669760,7.154,0,FALSE,295669760,282
34,copula,scale_train_mc,1,FALSE,numeric,copula,12,128,1000,10,Inf,1000000,1,multisession,1,500,25,FALSE,FALSE,2,,"",NA,NA,2026-07-08T02:45:14+0200,jullum-ubuntu,4.6.1,1.0.8.9002,b9c5fcd1,898507,ok,0.8821,5.2807,5.179,0.099,0,0,248635672,128,1,43,43,3,5.1158,0.0427,0.0275,5.0394,0.0062,320159744,295903232,7.08,0,FALSE,295903232,282.2
35,copula,scale_train_mc,2,FALSE,numeric,copula,12,128,1000,10,Inf,1000000,1,multisession,1,500,25,FALSE,FALSE,2,,"",NA,NA,2026-07-08T02:33:44+0200,jullum-ubuntu,4.6.1,1.0.8.9002,b9c5fcd1,887294,ok,0.8798,5.2987,5.137,0.158,0,0,248635896,128,1,43,43,3,5.1346,0.0421,0.0271,5.0592,0.0062,320393216,295346176,7.087,0,FALSE,295346176,281.7
36,copula,scale_train_mc,3,FALSE,numeric,copula,12,128,1000,10,Inf,1000000,1,multisession,1,500,25,FALSE,FALSE,2,,"",NA,NA,2026-07-08T02:44:17+0200,jullum-ubuntu,4.6.1,1.0.8.9002,b9c5fcd1,897777,ok,0.8874,5.3125,5.216,0.093,0,0,248635888,128,1,43,43,3,5.1473,0.0426,0.0273,5.0712,0.0062,320090112,294952960,7.119,0,FALSE,294952960,281.3
37,copula,scale_train_mc,0,TRUE,numeric,copula,12,128,1000,10,Inf,1000000,1,multisession,1,2500,25,FALSE,FALSE,2,,"",NA,NA,2026-07-08T00:56:36+0200,jullum-ubuntu,4.6.1,1.0.8.9002,b9c5fcd1,853582,ok,0.8933,6.9454,6.844,0.098,0,0,248307504,128,1,43,43,3,6.7826,0.0423,0.0273,6.7069,0.0061,316280832,289996800,8.786,0,FALSE,289996800,276.6
38,copula,scale_train_mc,1,FALSE,numeric,copula,12,128,1000,10,Inf,1000000,1,multisession,1,2500,25,FALSE,FALSE,2,,"",NA,NA,2026-07-08T01:09:50+0200,jullum-ubuntu,4.6.1,1.0.8.9002,b9c5fcd1,863236,ok,0.8791,6.9216,6.817,0.102,0,0,248307504,128,1,43,43,3,6.7646,0.043,0.0275,6.6879,0.0062,316518400,289464320,8.732,0,FALSE,289464320,276.1
39,copula,scale_train_mc,2,FALSE,numeric,copula,12,128,1000,10,Inf,1000000,1,multisession,1,2500,25,FALSE,FALSE,2,,"",NA,NA,2026-07-08T02:18:16+0200,jullum-ubuntu,4.6.1,1.0.8.9002,b9c5fcd1,875923,ok,0.8777,6.8834,6.776,0.103,0,0,248307504,128,1,43,43,3,6.7265,0.0425,0.0273,6.6452,0.0115,316682240,289574912,8.67,0,FALSE,289574912,276.2
40,copula,scale_train_mc,3,FALSE,numeric,copula,12,128,1000,10,Inf,1000000,1,multisession,1,2500,25,FALSE,FALSE,2,,"",NA,NA,2026-07-08T02:39:42+0200,jullum-ubuntu,4.6.1,1.0.8.9002,b9c5fcd1,891530,ok,0.8824,6.8927,6.777,0.109,0,0,248307472,128,1,43,43,3,6.7362,0.0427,0.0273,6.66,0.0061,316534784,289361920,8.706,0,FALSE,289361920,276
41,copula,scale_train_mc,0,TRUE,numeric,copula,12,128,1000,10,Inf,1000000,1,multisession,1,10000,25,FALSE,FALSE,2,,"",NA,NA,2026-07-08T01:10:51+0200,jullum-ubuntu,4.6.1,1.0.8.9002,b9c5fcd1,865560,ok,0.883,14.5537,14.431,0.119,0,0,248303752,128,1,43,43,3,14.3884,0.0426,0.0278,14.3119,0.0062,316968960,291749888,16.35,0,FALSE,291749888,278.2
42,copula,scale_train_mc,1,FALSE,numeric,copula,12,128,1000,10,Inf,1000000,1,multisession,1,10000,25,FALSE,FALSE,2,,"",NA,NA,2026-07-08T02:35:06+0200,jullum-ubuntu,4.6.1,1.0.8.9002,b9c5fcd1,890016,ok,0.8858,14.4473,14.323,0.12,0,0,248303936,128,1,43,43,3,14.2836,0.0426,0.0279,14.2072,0.006,317497344,292675584,16.25,0,FALSE,292675584,279.1
43,copula,scale_train_mc,2,FALSE,numeric,copula,12,128,1000,10,Inf,1000000,1,multisession,1,10000,25,FALSE,FALSE,2,,"",NA,NA,2026-07-08T02:34:49+0200,jullum-ubuntu,4.6.1,1.0.8.9002,b9c5fcd1,889974,ok,0.8934,14.599,14.481,0.113,0,0,248303984,128,1,43,43,3,14.4342,0.0427,0.0279,14.3575,0.0061,317239296,292360192,16.424,0,FALSE,292360192,278.8
44,copula,scale_train_mc,3,FALSE,numeric,copula,12,128,1000,10,Inf,1000000,1,multisession,1,10000,25,FALSE,FALSE,2,,"",NA,NA,2026-07-08T01:13:10+0200,jullum-ubuntu,4.6.1,1.0.8.9002,b9c5fcd1,867889,ok,0.8799,14.5212,14.407,0.108,0,0,248304016,128,1,43,43,3,14.3578,0.0426,0.0278,14.2813,0.0061,316968960,291799040,16.33,0,FALSE,291799040,278.3
45,copula,scale_train_mc,0,TRUE,numeric,copula,12,128,1000,10,Inf,1000000,1,multisession,1,20000,25,FALSE,FALSE,2,,"",NA,NA,2026-07-08T02:27:56+0200,jullum-ubuntu,4.6.1,1.0.8.9002,b9c5fcd1,881127,ok,0.8874,25.5623,25.428,0.126,0,0,265467632,128,1,43,43,3,25.398,0.0431,0.0286,25.3201,0.0061,332349440,306651136,27.373,0,FALSE,306651136,292.4
46,copula,scale_train_mc,1,FALSE,numeric,copula,12,128,1000,10,Inf,1000000,1,multisession,1,20000,25,FALSE,FALSE,2,,"",NA,NA,2026-07-08T01:05:40+0200,jullum-ubuntu,4.6.1,1.0.8.9002,b9c5fcd1,859195,ok,0.8852,25.3016,25.167,0.125,0,0,265474056,128,1,43,43,3,25.1379,0.0428,0.0283,25.0607,0.0061,335339520,310022144,27.131,0,FALSE,310022144,295.7
47,copula,scale_train_mc,2,FALSE,numeric,copula,12,128,1000,10,Inf,1000000,1,multisession,1,20000,25,FALSE,FALSE,2,,"",NA,NA,2026-07-08T02:39:15+0200,jullum-ubuntu,4.6.1,1.0.8.9002,b9c5fcd1,891487,ok,0.883,25.0812,24.947,0.123,0,0,265473512,128,1,43,43,3,24.9205,0.0436,0.0284,24.8425,0.006,341364736,316051456,26.894,0,FALSE,316051456,301.4
48,copula,scale_train_mc,3,FALSE,numeric,copula,12,128,1000,10,Inf,1000000,1,multisession,1,20000,25,FALSE,FALSE,2,,"",NA,NA,2026-07-08T01:07:15+0200,jullum-ubuntu,4.6.1,1.0.8.9002,b9c5fcd1,862745,ok,0.8879,25.5145,25.41,0.096,0,0,265467536,128,1,43,43,3,25.3505,0.0431,0.0284,25.273,0.0061,334233600,307105792,27.339,0,FALSE,307105792,292.9
49,copula,features,0,TRUE,numeric,copula,4,128,250,10,Inf,1000000,1,multisession,1,1000,25,FALSE,FALSE,2,,"",NA,NA,2026-07-08T01:04:57+0200,jullum-ubuntu,4.6.1,1.0.8.9002,b9c5fcd1,858627,ok,0.8808,0.664,0.639,0.018,0,0,220489168,16,1,10,10,40,0.5017,0.0423,0.0275,0.4271,0.0048,272596992,243597312,2.463,0,FALSE,243597312,232.3
50,copula,features,1,FALSE,numeric,copula,4,128,250,10,Inf,1000000,1,multisession,1,1000,25,FALSE,FALSE,2,,"",NA,NA,2026-07-08T01:01:24+0200,jullum-ubuntu,4.6.1,1.0.8.9002,b9c5fcd1,857688,ok,0.8878,0.6669,0.643,0.022,0,0,220474064,16,1,10,10,40,0.5015,0.0427,0.0278,0.4262,0.0048,270151680,243011584,2.471,0,FALSE,243011584,231.8
51,copula,features,2,FALSE,numeric,copula,4,128,250,10,Inf,1000000,1,multisession,1,1000,25,FALSE,FALSE,2,,"",NA,NA,2026-07-08T01:06:54+0200,jullum-ubuntu,4.6.1,1.0.8.9002,b9c5fcd1,861311,ok,0.8858,0.6658,0.649,0.015,0,0,220474128,16,1,10,10,40,0.5015,0.0425,0.0274,0.4266,0.0049,270508032,244019200,2.484,0,FALSE,244019200,232.7
52,copula,features,3,FALSE,numeric,copula,4,128,250,10,Inf,1000000,1,multisession,1,1000,25,FALSE,FALSE,2,,"",NA,NA,2026-07-08T01:03:50+0200,jullum-ubuntu,4.6.1,1.0.8.9002,b9c5fcd1,858170,ok,0.8857,0.6645,0.644,0.018,0,0,220489184,16,1,10,10,40,0.4999,0.0424,0.0273,0.4253,0.0048,270319616,244006912,2.476,0,FALSE,244006912,232.7
53,copula,features,0,TRUE,numeric,copula,8,128,250,10,Inf,1000000,1,multisession,1,1000,25,FALSE,FALSE,2,,"",NA,NA,2026-07-15T23:55:06+0200,jullum-ubuntu,4.6.1,1.0.8.9003,10cc557a,2496117,ok,0.8926,2.7972,2.732,0.064,0,0,234027512,128,1,10,10,20,2.6302,0.0428,0.0272,2.554,0.0062,296558592,270831616,4.6,0,FALSE,270831616,258.3
54,copula,features,1,FALSE,numeric,copula,8,128,250,10,Inf,1000000,1,multisession,1,1000,25,FALSE,FALSE,2,,"",NA,NA,2026-07-15T23:54:58+0200,jullum-ubuntu,4.6.1,1.0.8.9003,10cc557a,2496019,ok,0.9007,2.8002,2.725,0.074,0,0,234240016,128,1,10,10,20,2.631,0.0449,0.028,2.552,0.0062,296562688,270778368,4.634,0,FALSE,270778368,258.2
55,copula,features,2,FALSE,numeric,copula,8,128,250,10,Inf,1000000,1,multisession,1,1000,25,FALSE,FALSE,2,,"",NA,NA,2026-07-15T23:58:58+0200,jullum-ubuntu,4.6.1,1.0.8.9003,10cc557a,2500597,ok,0.9383,2.9854,2.899,0.085,0,0,234023208,128,1,10,10,20,2.8065,0.0455,0.0293,2.725,0.0067,296480768,270909440,4.893,0,FALSE,270909440,258.4
56,copula,features,3,FALSE,numeric,copula,8,128,250,10,Inf,1000000,1,multisession,1,1000,25,FALSE,FALSE,2,,"",NA,NA,2026-07-15T23:53:48+0200,jullum-ubuntu,4.6.1,1.0.8.9003,10cc557a,2494808,ok,0.9043,2.7599,2.68,0.077,0,0,234023232,128,1,10,10,20,2.5907,0.0443,0.0275,2.5128,0.0061,296869888,270966784,4.569,0,FALSE,270966784,258.4
57,copula,features,0,TRUE,numeric,copula,12,128,250,10,Inf,1000000,1,multisession,1,1000,25,FALSE,FALSE,2,,"",NA,NA,2026-07-08T02:21:30+0200,jullum-ubuntu,4.6.1,1.0.8.9002,b9c5fcd1,877662,ok,0.8857,3.1222,3.048,0.072,0,0,248208520,128,1,10,10,13,2.959,0.0426,0.0273,2.883,0.006,322158592,296763392,4.914,0,FALSE,296763392,283
58,copula,features,1,FALSE,numeric,copula,12,128,250,10,Inf,1000000,1,multisession,1,1000,25,FALSE,FALSE,2,,"",NA,NA,2026-07-08T02:27:44+0200,jullum-ubuntu,4.6.1,1.0.8.9002,b9c5fcd1,880211,ok,0.8865,3.1446,3.061,0.082,0,0,248208688,128,1,10,10,13,2.9831,0.0426,0.0272,2.9071,0.0062,322043904,297013248,4.935,0,FALSE,297013248,283.3
59,copula,features,2,FALSE,numeric,copula,12,128,250,10,Inf,1000000,1,multisession,1,1000,25,FALSE,FALSE,2,,"",NA,NA,2026-07-08T00:56:18+0200,jullum-ubuntu,4.6.1,1.0.8.9002,b9c5fcd1,853322,ok,0.8854,3.1877,3.103,0.083,0,0,248208320,128,1,10,10,13,3.0256,0.0428,0.0277,2.9488,0.0062,321998848,297103360,4.987,0,FALSE,297103360,283.3
60,copula,features,3,FALSE,numeric,copula,12,128,250,10,Inf,1000000,1,multisession,1,1000,25,FALSE,FALSE,2,,"",NA,NA,2026-07-08T02:32:58+0200,jullum-ubuntu,4.6.1,1.0.8.9002,b9c5fcd1,883650,ok,0.8884,3.1684,3.086,0.08,0,0,248204936,128,1,10,10,13,3.0045,0.0425,0.0276,2.9278,0.0065,322109440,296878080,4.967,0,FALSE,296878080,283.1
61,copula,features,0,TRUE,numeric,copula,16,128,250,10,Inf,1000000,1,multisession,1,1000,25,FALSE,FALSE,2,,"",NA,NA,2026-07-08T01:01:27+0200,jullum-ubuntu,4.6.1,1.0.8.9002,b9c5fcd1,857731,ok,0.892,3.4995,3.385,0.109,0,0,248304976,128,1,13,13,10,3.341,0.0428,0.0275,3.2642,0.0064,317460480,292122624,5.314,0,FALSE,292122624,278.6
62,copula,features,1,FALSE,numeric,copula,16,128,250,10,Inf,1000000,1,multisession,1,1000,25,FALSE,FALSE,2,,"",NA,NA,2026-07-08T05:54:14+0200,jullum-ubuntu,4.6.1,1.0.8.9002,b9c5fcd1,917953,ok,0.8835,3.4711,3.376,0.093,0,0,248305608,128,1,13,13,10,3.3143,0.0431,0.0275,3.2375,0.0062,315957248,292536320,5.27,0,FALSE,292536320,279
63,copula,features,2,FALSE,numeric,copula,16,128,250,10,Inf,1000000,1,multisession,1,1000,25,FALSE,FALSE,2,,"",NA,NA,2026-07-08T00:57:10+0200,jullum-ubuntu,4.6.1,1.0.8.9002,b9c5fcd1,853668,ok,0.8774,3.4553,3.354,0.099,0,0,248305472,128,1,13,13,10,3.2993,0.0425,0.0273,3.2234,0.0061,316071936,292601856,5.234,0,FALSE,292601856,279
64,copula,features,3,FALSE,numeric,copula,16,128,250,10,Inf,1000000,1,multisession,1,1000,25,FALSE,FALSE,2,,"",NA,NA,2026-07-08T02:34:30+0200,jullum-ubuntu,4.6.1,1.0.8.9002,b9c5fcd1,889660,ok,0.8876,3.491,3.385,0.103,0,0,248300792,128,1,13,13,10,3.3336,0.0428,0.0276,3.2564,0.0067,317648896,292651008,5.289,0,FALSE,292651008,279.1
65,copula,features,0,TRUE,numeric,copula,20,128,250,10,Inf,1000000,1,multisession,1,1000,25,FALSE,FALSE,2,,"",NA,NA,2026-07-08T02:44:25+0200,jullum-ubuntu,4.6.1,1.0.8.9002,b9c5fcd1,897820,ok,0.896,3.8643,3.769,0.092,0,0,248472928,128,1,16,16,8,3.6992,0.0431,0.0278,3.6221,0.0062,318853120,294297600,5.678,0,FALSE,294297600,280.7
66,copula,features,1,FALSE,numeric,copula,20,128,250,10,Inf,1000000,1,multisession,1,1000,25,FALSE,FALSE,2,,"",NA,NA,2026-07-08T02:46:14+0200,jullum-ubuntu,4.6.1,1.0.8.9002,b9c5fcd1,898589,ok,0.8836,3.8569,3.754,0.099,0,0,248472880,128,1,16,16,8,3.6934,0.0428,0.0275,3.6169,0.0061,320901120,293814272,5.668,0,FALSE,293814272,280.2
67,copula,features,2,FALSE,numeric,copula,20,128,250,10,Inf,1000000,1,multisession,1,1000,25,FALSE,FALSE,2,,"",NA,NA,2026-07-08T02:41:48+0200,jullum-ubuntu,4.6.1,1.0.8.9002,b9c5fcd1,894115,ok,0.8888,3.8538,3.761,0.092,0,0,248472688,128,1,16,16,8,3.6896,0.0432,0.0282,3.6121,0.0061,320868352,294133760,5.677,0,FALSE,294133760,280.5
68,copula,features,3,FALSE,numeric,copula,20,128,250,10,Inf,1000000,1,multisession,1,1000,25,FALSE,FALSE,2,,"",NA,NA,2026-07-08T02:28:28+0200,jullum-ubuntu,4.6.1,1.0.8.9002,b9c5fcd1,881328,ok,0.8818,3.7763,3.681,0.093,0,0,248472696,128,1,16,16,8,3.6163,0.0432,0.0272,3.5396,0.0062,321273856,294678528,5.57,0,FALSE,294678528,281
69,copula,features,0,TRUE,numeric,copula,30,128,250,10,Inf,1000000,1,multisession,1,1000,25,FALSE,FALSE,2,,"",NA,NA,2026-07-08T01:03:42+0200,jullum-ubuntu,4.6.1,1.0.8.9002,b9c5fcd1,858127,ok,0.8824,4.9318,4.821,0.109,0,0,248313688,128,1,26,26,5,4.7677,0.0427,0.0274,4.6914,0.0062,322236416,295272448,6.729,0,FALSE,295272448,281.6
70,copula,features,1,FALSE,numeric,copula,30,128,250,10,Inf,1000000,1,multisession,1,1000,25,FALSE,FALSE,2,,"",NA,NA,2026-07-08T02:43:56+0200,jullum-ubuntu,4.6.1,1.0.8.9002,b9c5fcd1,896818,ok,0.8868,4.8564,4.779,0.075,0,0,248313712,128,1,26,26,5,4.6986,0.0428,0.0276,4.622,0.0063,324411392,299716608,6.65,0,FALSE,299716608,285.8
71,copula,features,2,FALSE,numeric,copula,30,128,250,10,Inf,1000000,1,multisession,1,1000,25,FALSE,FALSE,2,,"",NA,NA,2026-07-08T02:18:26+0200,jullum-ubuntu,4.6.1,1.0.8.9002,b9c5fcd1,875963,ok,0.8776,4.9115,4.784,0.125,0,0,248313768,128,1,26,26,5,4.7463,0.043,0.0273,4.67,0.0061,326090752,301051904,6.684,0,FALSE,301051904,287.1
72,copula,features,3,FALSE,numeric,copula,30,128,250,10,Inf,1000000,1,multisession,1,1000,25,FALSE,FALSE,2,,"",NA,NA,2026-07-08T02:33:57+0200,jullum-ubuntu,4.6.1,1.0.8.9002,b9c5fcd1,887373,ok,0.888,4.8865,4.819,0.065,0,0,248313720,128,1,26,26,5,4.7278,0.0434,0.0277,4.6505,0.0063,317206528,292376576,6.692,0,FALSE,292376576,278.8
73,copula,coalitions,0,TRUE,numeric,copula,12,16,250,10,Inf,1000000,1,multisession,1,1000,25,FALSE,FALSE,2,,"",NA,NA,2026-07-08T02:35:54+0200,jullum-ubuntu,4.6.1,1.0.8.9002,b9c5fcd1,890376,ok,0.8881,1.4521,1.425,0.025,0,0,234203264,16,1,10,10,13,1.295,0.0425,0.0274,1.2205,0.0047,283779072,256299008,3.246,0,FALSE,256299008,244.4
74,copula,coalitions,1,FALSE,numeric,copula,12,16,250,10,Inf,1000000,1,multisession,1,1000,25,FALSE,FALSE,2,,"",NA,NA,2026-07-08T02:21:21+0200,jullum-ubuntu,4.6.1,1.0.8.9002,b9c5fcd1,877584,ok,0.891,1.4777,1.452,0.024,0,0,234203280,16,1,10,10,13,1.3138,0.0429,0.0275,1.2387,0.0047,283406336,256778240,3.275,0,FALSE,256778240,244.9
75,copula,coalitions,2,FALSE,numeric,copula,12,16,250,10,Inf,1000000,1,multisession,1,1000,25,FALSE,FALSE,2,,"",NA,NA,2026-07-08T02:28:24+0200,jullum-ubuntu,4.6.1,1.0.8.9002,b9c5fcd1,881288,ok,0.8869,1.4798,1.45,0.028,0,0,234207088,16,1,10,10,13,1.3151,0.0427,0.0274,1.2403,0.0047,283652096,256831488,3.269,0,FALSE,256831488,244.9
76,copula,coalitions,3,FALSE,numeric,copula,12,16,250,10,Inf,1000000,1,multisession,1,1000,25,FALSE,FALSE,2,,"",NA,NA,2026-07-08T02:29:58+0200,jullum-ubuntu,4.6.1,1.0.8.9002,b9c5fcd1,882081,ok,0.8937,1.4786,1.426,0.036,0,0,234203528,16,1,10,10,13,1.3212,0.0426,0.0274,1.2465,0.0048,283844608,256675840,3.29,0,FALSE,256675840,244.8
77,copula,coalitions,0,TRUE,numeric,copula,12,64,250,10,Inf,1000000,1,multisession,1,1000,25,FALSE,FALSE,2,,"",NA,NA,2026-07-08T02:40:36+0200,jullum-ubuntu,4.6.1,1.0.8.9002,b9c5fcd1,893844,ok,0.8874,2.0573,2.018,0.037,0,0,234206376,64,1,10,10,13,1.899,0.0429,0.0276,1.8231,0.0054,290009088,265146368,3.861,0,FALSE,265146368,252.9
78,copula,coalitions,1,FALSE,numeric,copula,12,64,250,10,Inf,1000000,1,multisession,1,1000,25,FALSE,FALSE,2,,"",NA,NA,2026-07-08T02:20:23+0200,jullum-ubuntu,4.6.1,1.0.8.9002,b9c5fcd1,876694,ok,0.8888,2.0674,2.032,0.033,0,0,234209888,64,1,10,10,13,1.9029,0.043,0.0275,1.8271,0.0053,289628160,265191424,3.861,0,FALSE,265191424,252.9
79,copula,coalitions,2,FALSE,numeric,copula,12,64,250,10,Inf,1000000,1,multisession,1,1000,25,FALSE,FALSE,2,,"",NA,NA,2026-07-08T04:52:33+0200,jullum-ubuntu,4.6.1,1.0.8.9002,b9c5fcd1,912629,ok,0.8798,2.049,2.006,0.037,0,0,234209592,64,1,10,10,13,1.8867,0.0425,0.0272,1.8115,0.0055,290054144,264429568,3.82,0,FALSE,264429568,252.2
80,copula,coalitions,3,FALSE,numeric,copula,12,64,250,10,Inf,1000000,1,multisession,1,1000,25,FALSE,FALSE,2,,"",NA,NA,2026-07-08T01:10:40+0200,jullum-ubuntu,4.6.1,1.0.8.9002,b9c5fcd1,865470,ok,0.8838,2.0635,2.023,0.039,0,0,234206192,64,1,10,10,13,1.9009,0.0428,0.0277,1.8251,0.0054,290078720,264634368,3.869,0,FALSE,264634368,252.4
81,copula,coalitions,0,TRUE,numeric,copula,12,256,250,10,Inf,1000000,1,multisession,1,1000,25,FALSE,FALSE,2,,"",NA,NA,2026-07-15T23:52:10+0200,jullum-ubuntu,4.6.1,1.0.8.9003,10cc557a,2492497,ok,0.8984,5.1008,4.994,0.106,0,0,248305656,256,1,20,20,13,4.9126,0.0444,0.0283,4.8322,0.0078,320798720,295604224,6.9,0,FALSE,295604224,281.9
82,copula,coalitions,1,FALSE,numeric,copula,12,256,250,10,Inf,1000000,1,multisession,1,1000,25,FALSE,FALSE,2,,"",NA,NA,2026-07-15T23:52:02+0200,jullum-ubuntu,4.6.1,1.0.8.9003,10cc557a,2492431,ok,0.8955,4.9345,4.828,0.105,0,0,248297456,256,1,20,20,13,4.7672,0.0444,0.0279,4.687,0.0079,321454080,295428096,6.738,0,FALSE,295428096,281.7
83,copula,coalitions,2,FALSE,numeric,copula,12,256,250,10,Inf,1000000,1,multisession,1,1000,25,FALSE,FALSE,2,,"",NA,NA,2026-07-15T23:56:06+0200,jullum-ubuntu,4.6.1,1.0.8.9003,10cc557a,2497312,ok,0.8909,5.0453,4.942,0.1,0,0,248297424,256,1,20,20,13,4.8731,0.0443,0.0282,4.7923,0.0082,321163264,295772160,6.847,0,FALSE,295772160,282.1
84,copula,coalitions,3,FALSE,numeric,copula,12,256,250,10,Inf,1000000,1,multisession,1,1000,25,FALSE,FALSE,2,,"",NA,NA,2026-07-15T23:52:56+0200,jullum-ubuntu,4.6.1,1.0.8.9003,10cc557a,2493631,ok,0.8966,5.0221,4.885,0.134,0,0,248306696,256,1,20,20,13,4.8556,0.0448,0.0285,4.7743,0.008,320860160,294432768,6.851,0,FALSE,294432768,280.8
85,copula,coalitions,0,TRUE,numeric,copula,12,512,250,10,Inf,1000000,1,multisession,1,1000,25,FALSE,FALSE,2,,"",NA,NA,2026-07-15T23:57:21+0200,jullum-ubuntu,4.6.1,1.0.8.9003,10cc557a,2498521,ok,0.896,8.9071,8.741,0.163,0,0,248306136,512,1,40,40,13,8.7397,0.0447,0.029,8.6545,0.0114,320765952,293441536,10.74,0,FALSE,293441536,279.8
86,copula,coalitions,1,FALSE,numeric,copula,12,512,250,10,Inf,1000000,1,multisession,1,1000,25,FALSE,FALSE,2,,"",NA,NA,2026-07-15T23:57:34+0200,jullum-ubuntu,4.6.1,1.0.8.9003,10cc557a,2498857,ok,0.8949,9.0315,8.861,0.166,0,0,248307392,512,1,40,40,13,8.8633,0.0435,0.0285,8.7798,0.0116,318193664,292958208,10.875,0,FALSE,292958208,279.4
87,copula,coalitions,2,FALSE,numeric,copula,12,512,250,10,Inf,1000000,1,multisession,1,1000,25,FALSE,FALSE,2,,"",NA,NA,2026-07-15T23:52:26+0200,jullum-ubuntu,4.6.1,1.0.8.9003,10cc557a,2492962,ok,0.9014,9.2252,9.064,0.159,0,0,248307504,512,1,40,40,13,8.9291,0.0433,0.029,8.8447,0.0122,318943232,293920768,11.057,0,FALSE,293920768,280.3
88,copula,coalitions,3,FALSE,numeric,copula,12,512,250,10,Inf,1000000,1,multisession,1,1000,25,FALSE,FALSE,2,,"",NA,NA,2026-07-15T23:51:02+0200,jullum-ubuntu,4.6.1,1.0.8.9003,10cc557a,2491319,ok,0.8915,8.9122,8.756,0.153,0,0,248306504,512,1,40,40,13,8.7405,0.0418,0.0267,8.6594,0.0126,318144512,292835328,10.745,0,FALSE,292835328,279.3
89,copula,coalitions,0,TRUE,numeric,copula,12,1024,250,10,Inf,1000000,1,multisession,1,1000,25,FALSE,FALSE,2,,"",NA,NA,2026-07-15T23:50:27+0200,jullum-ubuntu,4.6.1,1.0.8.9003,10cc557a,2490836,ok,0.9018,17.5297,17.264,0.26,0,0,363903672,1024,1,79,79,13,17.3714,0.0429,0.0275,17.2837,0.0174,420122624,393555968,19.396,0,FALSE,393555968,375.3
90,copula,coalitions,1,FALSE,numeric,copula,12,1024,250,10,Inf,1000000,1,multisession,1,1000,25,FALSE,FALSE,2,,"",NA,NA,2026-07-15T23:54:02+0200,jullum-ubuntu,4.6.1,1.0.8.9003,10cc557a,2494974,ok,0.8864,17.6498,17.398,0.248,0,0,346361312,1024,1,79,79,13,17.4926,0.043,0.0275,17.4045,0.0175,422490112,395931648,19.512,0,FALSE,395931648,377.6
91,copula,coalitions,2,FALSE,numeric,copula,12,1024,250,10,Inf,1000000,1,multisession,1,1000,25,FALSE,FALSE,2,,"",NA,NA,2026-07-15T23:56:47+0200,jullum-ubuntu,4.6.1,1.0.8.9003,10cc557a,2497939,ok,0.889,17.5725,17.291,0.276,0,0,346488728,1024,1,79,79,13,17.4159,0.0446,0.0278,17.3265,0.017,425197568,399036416,19.425,0,FALSE,399036416,380.6
92,copula,coalitions,3,FALSE,numeric,copula,12,1024,250,10,Inf,1000000,1,multisession,1,1000,25,FALSE,FALSE,2,,"",NA,NA,2026-07-15T23:56:18+0200,jullum-ubuntu,4.6.1,1.0.8.9003,10cc557a,2497434,ok,0.9086,17.6508,17.401,0.245,0,0,363086224,1024,1,79,79,13,17.4845,0.0457,0.0295,17.3914,0.0179,413667328,387473408,19.505,0,FALSE,387473408,369.5
93,copula,highdim_cap,0,TRUE,numeric,copula,20,512,250,10,Inf,1000000,1,multisession,1,1000,25,FALSE,FALSE,2,,"",NA,NA,2026-07-15T23:58:07+0200,jullum-ubuntu,4.6.1,1.0.8.9003,10cc557a,2499592,ok,0.9003,12.0576,11.87,0.183,0,0,248310032,512,1,64,64,8,11.8921,0.0436,0.0278,11.8094,0.0113,325570560,300269568,13.939,0,FALSE,300269568,286.4
94,copula,highdim_cap,1,FALSE,numeric,copula,20,512,250,10,Inf,1000000,1,multisession,1,1000,25,FALSE,FALSE,2,,"",NA,NA,2026-07-15T23:58:24+0200,jullum-ubuntu,4.6.1,1.0.8.9003,10cc557a,2499996,ok,0.8978,11.9171,11.647,0.265,0,0,248308440,512,1,64,64,8,11.7533,0.0436,0.028,11.6706,0.0111,325767168,300146688,13.799,0,FALSE,300146688,286.2
95,copula,highdim_cap,2,FALSE,numeric,copula,20,512,250,10,Inf,1000000,1,multisession,1,1000,25,FALSE,FALSE,2,,"",NA,NA,2026-07-15T23:57:07+0200,jullum-ubuntu,4.6.1,1.0.8.9003,10cc557a,2498356,ok,0.8972,11.8438,11.616,0.223,0,0,248309400,512,1,64,64,8,11.6792,0.0432,0.0278,11.5971,0.011,319459328,293924864,13.671,0,FALSE,293924864,280.3
96,copula,highdim_cap,3,FALSE,numeric,copula,20,512,250,10,Inf,1000000,1,multisession,1,1000,25,FALSE,FALSE,2,,"",NA,NA,2026-07-15T23:53:04+0200,jullum-ubuntu,4.6.1,1.0.8.9003,10cc557a,2493799,ok,0.8943,11.7904,11.533,0.254,0,0,248307680,512,1,64,64,8,11.6278,0.0443,0.028,11.5445,0.011,319471616,294236160,13.621,0,FALSE,294236160,280.6
97,copula,highdim_cap,0,TRUE,numeric,copula,30,512,250,10,Inf,1000000,1,multisession,1,1000,25,FALSE,FALSE,2,,"",NA,NA,2026-07-08T02:22:14+0200,jullum-ubuntu,4.6.1,1.0.8.9002,b9c5fcd1,879064,ok,0.8955,15.6838,15.38,0.298,0,0,248492736,512,1,103,103,5,15.5174,0.0436,0.0279,15.4347,0.0112,320315392,295948288,17.515,0,FALSE,295948288,282.2
98,copula,highdim_cap,1,FALSE,numeric,copula,30,512,250,10,Inf,1000000,1,multisession,1,1000,25,FALSE,FALSE,2,,"",NA,NA,2026-07-08T02:44:36+0200,jullum-ubuntu,4.6.1,1.0.8.9002,b9c5fcd1,897898,ok,0.8846,15.6398,15.294,0.339,0,0,248493808,512,1,103,103,5,15.4751,0.0428,0.0276,15.3934,0.0113,320712704,296009728,17.459,0,FALSE,296009728,282.3
99,copula,highdim_cap,2,FALSE,numeric,copula,30,512,250,10,Inf,1000000,1,multisession,1,1000,25,FALSE,FALSE,2,,"",NA,NA,2026-07-08T05:53:56+0200,jullum-ubuntu,4.6.1,1.0.8.9002,b9c5fcd1,917911,ok,0.8821,15.53,15.226,0.3,0,0,248492432,512,1,103,103,5,15.3652,0.043,0.0277,15.2832,0.0112,321564672,296943616,17.326,0,FALSE,296943616,283.2
100,copula,highdim_cap,3,FALSE,numeric,copula,30,512,250,10,Inf,1000000,1,multisession,1,1000,25,FALSE,FALSE,2,,"",NA,NA,2026-07-08T02:42:06+0200,jullum-ubuntu,4.6.1,1.0.8.9002,b9c5fcd1,894232,ok,0.8841,15.6953,15.35,0.341,0,0,248493360,512,1,103,103,5,15.529,0.0431,0.0277,15.4464,0.0117,320647168,295931904,17.531,0,FALSE,295931904,282.2
101,copula,highdim_cap,0,TRUE,numeric,copula,12,128,250,10,Inf,Inf,1,multisession,1,1000,25,FALSE,FALSE,2,,"",NA,NA,2026-07-08T05:54:32+0200,jullum-ubuntu,4.6.1,1.0.8.9002,b9c5fcd1,919711,ok,0.8919,3.1961,3.118,0.076,0,0,248204872,128,1,10,10,Inf,3.0327,0.0433,0.0278,2.9555,0.0062,321826816,296820736,4.997,0,FALSE,296820736,283.1
102,copula,highdim_cap,1,FALSE,numeric,copula,12,128,250,10,Inf,Inf,1,multisession,1,1000,25,FALSE,FALSE,2,,"",NA,NA,2026-07-08T02:39:52+0200,jullum-ubuntu,4.6.1,1.0.8.9002,b9c5fcd1,891640,ok,0.873,3.095,3.018,0.074,0,0,248208488,128,1,10,10,Inf,2.9345,0.0419,0.0272,2.8595,0.0059,322125824,296787968,4.894,0,FALSE,296787968,283
103,copula,highdim_cap,2,FALSE,numeric,copula,12,128,250,10,Inf,Inf,1,multisession,1,1000,25,FALSE,FALSE,2,,"",NA,NA,2026-07-08T02:23:07+0200,jullum-ubuntu,4.6.1,1.0.8.9002,b9c5fcd1,879464,ok,0.8807,3.1245,3.047,0.075,0,0,248204784,128,1,10,10,Inf,2.9631,0.0423,0.027,2.8878,0.006,321822720,297185280,4.929,0,FALSE,297185280,283.4
104,copula,highdim_cap,3,FALSE,numeric,copula,12,128,250,10,Inf,Inf,1,multisession,1,1000,25,FALSE,FALSE,2,,"",NA,NA,2026-07-08T01:12:17+0200,jullum-ubuntu,4.6.1,1.0.8.9002,b9c5fcd1,867506,ok,0.8791,3.1486,3.067,0.078,0,0,248208440,128,1,10,10,Inf,2.9869,0.0428,0.0273,2.9101,0.0067,322134016,297271296,4.96,0,FALSE,297271296,283.5
105,copula,highdim_cap,0,TRUE,numeric,copula,20,128,250,10,Inf,Inf,1,multisession,1,1000,25,FALSE,FALSE,2,,"",NA,NA,2026-07-08T01:14:33+0200,jullum-ubuntu,4.6.1,1.0.8.9002,b9c5fcd1,868541,ok,0.8878,4.061,3.937,0.122,0,0,265185848,128,1,10,10,Inf,3.8993,0.0428,0.0278,3.8226,0.0061,351256576,326045696,5.852,0,FALSE,326045696,310.9
106,copula,highdim_cap,1,FALSE,numeric,copula,20,128,250,10,Inf,Inf,1,multisession,1,1000,25,FALSE,FALSE,2,,"",NA,NA,2026-07-08T03:52:03+0200,jullum-ubuntu,4.6.1,1.0.8.9002,b9c5fcd1,907963,ok,0.8823,4.0678,3.954,0.112,0,0,265185936,128,1,10,10,Inf,3.9069,0.0428,0.0275,3.8305,0.0062,351215616,325840896,5.847,0,FALSE,325840896,310.7
107,copula,highdim_cap,2,FALSE,numeric,copula,20,128,250,10,Inf,Inf,1,multisession,1,1000,25,FALSE,FALSE,2,,"",NA,NA,2026-07-08T01:05:28+0200,jullum-ubuntu,4.6.1,1.0.8.9002,b9c5fcd1,859117,ok,0.8827,4.0674,3.955,0.11,0,0,265185832,128,1,10,10,Inf,3.9045,0.0431,0.0276,3.8276,0.0062,351182848,326459392,5.851,0,FALSE,326459392,311.3
108,copula,highdim_cap,3,FALSE,numeric,copula,20,128,250,10,Inf,Inf,1,multisession,1,1000,25,FALSE,FALSE,2,,"",NA,NA,2026-07-08T02:30:51+0200,jullum-ubuntu,4.6.1,1.0.8.9002,b9c5fcd1,883177,ok,0.8848,4.057,3.944,0.109,0,0,265185936,128,1,10,10,Inf,3.8958,0.0426,0.0276,3.8195,0.0061,351113216,326332416,5.843,0,FALSE,326332416,311.2
109,copula,highdim_cap,0,TRUE,numeric,copula,30,128,250,10,Inf,Inf,1,multisession,1,1000,25,FALSE,FALSE,2,,"",NA,NA,2026-07-08T02:39:58+0200,jullum-ubuntu,4.6.1,1.0.8.9002,b9c5fcd1,891680,ok,0.8889,5.0205,4.871,0.137,0,0,285841112,128,1,10,10,Inf,4.8558,0.0432,0.0279,4.7784,0.0063,372072448,345628672,6.832,0,FALSE,345628672,329.6
110,copula,highdim_cap,1,FALSE,numeric,copula,30,128,250,10,Inf,Inf,1,multisession,1,1000,25,FALSE,FALSE,2,,"",NA,NA,2026-07-08T01:16:42+0200,jullum-ubuntu,4.6.1,1.0.8.9002,b9c5fcd1,870506,ok,0.8823,5.0022,4.872,0.128,0,0,285837784,128,1,10,10,Inf,4.8361,0.0429,0.0276,4.7593,0.0063,372580352,345735168,6.816,0,FALSE,345735168,329.7
111,copula,highdim_cap,2,FALSE,numeric,copula,30,128,250,10,Inf,Inf,1,multisession,1,1000,25,FALSE,FALSE,2,,"",NA,NA,2026-07-08T03:51:23+0200,jullum-ubuntu,4.6.1,1.0.8.9002,b9c5fcd1,904774,ok,0.8866,5.0426,4.907,0.132,0,0,285841144,128,1,10,10,Inf,4.8751,0.0431,0.0277,4.7978,0.0065,372940800,346353664,6.843,0,FALSE,346353664,330.3
112,copula,highdim_cap,3,FALSE,numeric,copula,30,128,250,10,Inf,Inf,1,multisession,1,1000,25,FALSE,FALSE,2,,"",NA,NA,2026-07-08T03:47:20+0200,jullum-ubuntu,4.6.1,1.0.8.9002,b9c5fcd1,902318,ok,0.8885,4.9514,4.81,0.139,0,0,285837624,128,1,10,10,Inf,4.7866,0.0429,0.0277,4.7099,0.0062,372457472,346005504,6.782,0,FALSE,346005504,330
113,copula,highdim_cap,0,TRUE,numeric,copula,12,512,250,10,Inf,Inf,1,multisession,1,1000,25,FALSE,FALSE,2,,"",NA,NA,2026-07-15T23:54:30+0200,jullum-ubuntu,4.6.1,1.0.8.9003,10cc557a,2495469,ok,0.895,9.4198,9.24,0.177,0,0,376752432,512,1,10,10,Inf,9.2534,0.043,0.0275,9.1719,0.0109,464592896,439152640,11.269,0,FALSE,439152640,418.8
114,copula,highdim_cap,1,FALSE,numeric,copula,12,512,250,10,Inf,Inf,1,multisession,1,1000,25,FALSE,FALSE,2,,"",NA,NA,2026-07-15T23:51:38+0200,jullum-ubuntu,4.6.1,1.0.8.9003,10cc557a,2491925,ok,0.8972,9.5456,9.375,0.168,0,0,376825264,512,1,10,10,Inf,9.388,0.0427,0.0273,9.3068,0.0112,464396288,439017472,11.374,0,FALSE,439017472,418.7
115,copula,highdim_cap,2,FALSE,numeric,copula,12,512,250,10,Inf,Inf,1,multisession,1,1000,25,FALSE,FALSE,2,,"",NA,NA,2026-07-15T23:51:15+0200,jullum-ubuntu,4.6.1,1.0.8.9003,10cc557a,2491726,ok,0.8863,9.3869,9.216,0.167,0,0,376831400,512,1,10,10,Inf,9.2292,0.0429,0.0273,9.148,0.011,464625664,438976512,11.215,0,FALSE,438976512,418.6
116,copula,highdim_cap,3,FALSE,numeric,copula,12,512,250,10,Inf,Inf,1,multisession,1,1000,25,FALSE,FALSE,2,,"",NA,NA,2026-07-15T23:54:47+0200,jullum-ubuntu,4.6.1,1.0.8.9003,10cc557a,2495645,ok,0.9248,9.3813,9.201,0.178,0,0,376831792,512,1,10,10,Inf,9.2198,0.0455,0.0295,9.1338,0.0109,464588800,438824960,11.233,0,FALSE,438824960,418.5
117,copula,highdim_cap,0,TRUE,numeric,copula,20,512,250,10,Inf,Inf,1,multisession,1,1000,25,FALSE,FALSE,2,,"",NA,NA,2026-07-15T23:53:29+0200,jullum-ubuntu,4.6.1,1.0.8.9003,10cc557a,2494305,ok,0.9081,12.8335,12.098,0.73,0,0,382841424,512,1,10,10,Inf,12.6588,0.0432,0.0278,12.5754,0.0124,519778304,500961280,14.699,0,FALSE,500961280,477.8
118,copula,highdim_cap,1,FALSE,numeric,copula,20,512,250,10,Inf,Inf,1,multisession,1,1000,25,FALSE,FALSE,2,,"",NA,NA,2026-07-15T23:50:47+0200,jullum-ubuntu,4.6.1,1.0.8.9003,10cc557a,2491240,ok,0.8895,12.4374,11.738,0.696,0,0,382845112,512,1,10,10,Inf,12.2647,0.0424,0.0275,12.1833,0.0115,521216000,500682752,14.292,0,FALSE,500682752,477.5
119,copula,highdim_cap,2,FALSE,numeric,copula,20,512,250,10,Inf,Inf,1,multisession,1,1000,25,FALSE,FALSE,2,,"",NA,NA,2026-07-15T23:55:43+0200,jullum-ubuntu,4.6.1,1.0.8.9003,10cc557a,2496847,ok,0.8881,12.7158,11.985,0.727,0,0,382844848,512,1,10,10,Inf,12.536,0.0428,0.0274,12.4546,0.0113,502398976,500703232,14.535,0,FALSE,500703232,477.5
120,copula,highdim_cap,3,FALSE,numeric,copula,20,512,250,10,Inf,Inf,1,multisession,1,1000,25,FALSE,FALSE,2,,"",NA,NA,2026-07-15T23:58:38+0200,jullum-ubuntu,4.6.1,1.0.8.9003,10cc557a,2500109,ok,0.8924,12.7296,12.032,0.692,0,0,382840544,512,1,10,10,Inf,12.5485,0.0432,0.028,12.4654,0.0119,509624320,500662272,14.644,0,FALSE,500662272,477.5
121,copula,highdim_cap,0,TRUE,numeric,copula,30,512,250,10,Inf,Inf,1,multisession,1,1000,25,FALSE,FALSE,2,,"",NA,NA,2026-07-08T02:27:25+0200,jullum-ubuntu,4.6.1,1.0.8.9002,b9c5fcd1,880109,ok,0.8829,16.9072,15.529,1.373,0,0,475139664,512,1,10,10,Inf,16.7506,0.0429,0.0276,16.669,0.0111,579088384,555020288,18.766,0,FALSE,555020288,529.3
122,copula,highdim_cap,1,FALSE,numeric,copula,30,512,250,10,Inf,Inf,1,multisession,1,1000,25,FALSE,FALSE,2,,"",NA,NA,2026-07-08T02:38:50+0200,jullum-ubuntu,4.6.1,1.0.8.9002,b9c5fcd1,891407,ok,0.8789,16.869,15.497,1.366,0,0,475139464,512,1,10,10,Inf,16.712,0.0426,0.0276,16.6307,0.011,579006464,554921984,18.741,0,FALSE,554921984,529.2
123,copula,highdim_cap,2,FALSE,numeric,copula,30,512,250,10,Inf,Inf,1,multisession,1,1000,25,FALSE,FALSE,2,,"",NA,NA,2026-07-08T02:33:13+0200,jullum-ubuntu,4.6.1,1.0.8.9002,b9c5fcd1,885482,ok,0.8892,16.9656,15.613,1.346,0,0,475109664,512,1,10,10,Inf,16.807,0.0431,0.0284,16.724,0.0115,579043328,554340352,18.821,0,FALSE,554340352,528.7
124,copula,highdim_cap,3,FALSE,numeric,copula,30,512,250,10,Inf,Inf,1,multisession,1,1000,25,FALSE,FALSE,2,,"",NA,NA,2026-07-08T02:29:39+0200,jullum-ubuntu,4.6.1,1.0.8.9002,b9c5fcd1,881983,ok,0.8811,16.8954,15.473,1.417,0,0,475138792,512,1,10,10,Inf,16.7378,0.0427,0.0274,16.6566,0.0111,579047424,554070016,18.774,0,FALSE,554070016,528.4
125,copula,explain,0,TRUE,numeric,copula,12,128,250,10,Inf,1000000,1,multisession,1,1000,1,FALSE,FALSE,2,,"",NA,NA,2026-07-08T02:34:05+0200,jullum-ubuntu,4.6.1,1.0.8.9002,b9c5fcd1,887414,ok,0.8859,1.5717,1.545,0.025,0,0,219092304,128,1,10,10,333,1.4144,0.0425,0.0273,1.339,0.0057,274833408,248221696,3.382,0,FALSE,248221696,236.7
126,copula,explain,1,FALSE,numeric,copula,12,128,250,10,Inf,1000000,1,multisession,1,1000,1,FALSE,FALSE,2,,"",NA,NA,2026-07-08T02:32:42+0200,jullum-ubuntu,4.6.1,1.0.8.9002,b9c5fcd1,883395,ok,0.8902,1.5666,1.545,0.02,0,0,218995768,128,1,10,10,333,1.4039,0.0425,0.0274,1.3283,0.0057,272588800,246001664,3.374,0,FALSE,246001664,234.6
127,copula,explain,2,FALSE,numeric,copula,12,128,250,10,Inf,1000000,1,multisession,1,1000,1,FALSE,FALSE,2,,"",NA,NA,2026-07-08T02:21:47+0200,jullum-ubuntu,4.6.1,1.0.8.9002,b9c5fcd1,877779,ok,0.8797,1.5688,1.542,0.025,0,0,219272640,128,1,10,10,333,1.4117,0.0425,0.0273,1.336,0.0058,274735104,247803904,3.372,0,FALSE,247803904,236.3
128,copula,explain,3,FALSE,numeric,copula,12,128,250,10,Inf,1000000,1,multisession,1,1000,1,FALSE,FALSE,2,,"",NA,NA,2026-07-08T03:47:27+0200,jullum-ubuntu,4.6.1,1.0.8.9002,b9c5fcd1,902357,ok,0.8801,1.546,1.525,0.019,0,0,218861640,128,1,10,10,333,1.3822,0.0451,0.0285,1.3028,0.0058,271118336,243904512,3.331,0,FALSE,243904512,232.6
129,copula,explain,0,TRUE,numeric,copula,12,128,250,10,Inf,1000000,1,multisession,1,1000,10,FALSE,FALSE,2,,"",NA,NA,2026-07-08T02:23:02+0200,jullum-ubuntu,4.6.1,1.0.8.9002,b9c5fcd1,879321,ok,0.9088,2.0647,2.016,0.047,0,0,234173536,128,1,10,10,33,1.9004,0.0427,0.0275,1.8243,0.0058,288264192,261054464,3.888,0,FALSE,261054464,249
130,copula,explain,1,FALSE,numeric,copula,12,128,250,10,Inf,1000000,1,multisession,1,1000,10,FALSE,FALSE,2,,"",NA,NA,2026-07-08T01:13:53+0200,jullum-ubuntu,4.6.1,1.0.8.9002,b9c5fcd1,868376,ok,0.8804,2.0796,2.035,0.039,0,0,234172536,128,1,10,10,33,1.9172,0.0428,0.0276,1.8409,0.0059,288124928,261894144,3.874,0,FALSE,261894144,249.8
131,copula,explain,2,FALSE,numeric,copula,12,128,250,10,Inf,1000000,1,multisession,1,1000,10,FALSE,FALSE,2,,"",NA,NA,2026-07-08T01:13:06+0200,jullum-ubuntu,4.6.1,1.0.8.9002,b9c5fcd1,867833,ok,0.8842,2.0487,2.008,0.038,0,0,234172968,128,1,10,10,33,1.8849,0.0425,0.0274,1.8091,0.0059,288129024,260980736,3.858,0,FALSE,260980736,248.9
132,copula,explain,3,FALSE,numeric,copula,12,128,250,10,Inf,1000000,1,multisession,1,1000,10,FALSE,FALSE,2,,"",NA,NA,2026-07-08T02:40:26+0200,jullum-ubuntu,4.6.1,1.0.8.9002,b9c5fcd1,893759,ok,0.8808,2.0712,2.034,0.034,0,0,234169032,128,1,10,10,33,1.9069,0.0429,0.0274,1.8308,0.0059,288362496,261578752,3.845,0,FALSE,261578752,249.5
133,copula,explain,0,TRUE,numeric,copula,12,128,250,10,Inf,1000000,1,multisession,1,1000,50,FALSE,FALSE,2,,"",NA,NA,2026-07-08T02:41:59+0200,jullum-ubuntu,4.6.1,1.0.8.9002,b9c5fcd1,894193,ok,0.8849,4.4892,4.384,0.101,0,0,248304664,128,1,22,22,6,4.3268,0.0424,0.0271,4.2508,0.0064,316329984,291373056,6.298,0,FALSE,291373056,277.9
134,copula,explain,1,FALSE,numeric,copula,12,128,250,10,Inf,1000000,1,multisession,1,1000,50,FALSE,FALSE,2,,"",NA,NA,2026-07-08T03:49:15+0200,jullum-ubuntu,4.6.1,1.0.8.9002,b9c5fcd1,904055,ok,0.8862,4.5181,4.411,0.105,0,0,248304824,128,1,22,22,6,4.3521,0.0434,0.0275,4.2747,0.0065,316248064,290983936,6.325,0,FALSE,290983936,277.5
135,copula,explain,2,FALSE,numeric,copula,12,128,250,10,Inf,1000000,1,multisession,1,1000,50,FALSE,FALSE,2,,"",NA,NA,2026-07-08T02:34:36+0200,jullum-ubuntu,4.6.1,1.0.8.9002,b9c5fcd1,889699,ok,0.8845,4.5437,4.432,0.109,0,0,248304688,128,1,22,22,6,4.3777,0.043,0.0275,4.3008,0.0065,316321792,291274752,6.341,0,FALSE,291274752,277.8
136,copula,explain,3,FALSE,numeric,copula,12,128,250,10,Inf,1000000,1,multisession,1,1000,50,FALSE,FALSE,2,,"",NA,NA,2026-07-08T01:13:33+0200,jullum-ubuntu,4.6.1,1.0.8.9002,b9c5fcd1,867968,ok,0.8901,4.5803,4.442,0.135,0,0,248304992,128,1,22,22,6,4.4152,0.0427,0.0277,4.338,0.0068,316628992,291278848,6.385,0,FALSE,291278848,277.8
137,copula,explain,0,TRUE,numeric,copula,12,128,250,10,Inf,1000000,1,multisession,1,1000,100,FALSE,FALSE,2,,"",NA,NA,2026-07-08T03:49:22+0200,jullum-ubuntu,4.6.1,1.0.8.9002,b9c5fcd1,904094,ok,0.8819,7.6516,7.491,0.158,0,0,249050688,128,1,43,43,3,7.4869,0.0426,0.0273,7.4099,0.007,316301312,290906112,9.45,0,FALSE,290906112,277.4
138,copula,explain,1,FALSE,numeric,copula,12,128,250,10,Inf,1000000,1,multisession,1,1000,100,FALSE,FALSE,2,,"",NA,NA,2026-07-08T05:53:46+0200,jullum-ubuntu,4.6.1,1.0.8.9002,b9c5fcd1,917860,ok,0.8825,7.6766,7.499,0.175,0,0,249050592,128,1,43,43,3,7.5126,0.0422,0.027,7.4364,0.0069,316260352,291139584,9.484,0,FALSE,291139584,277.7
139,copula,explain,2,FALSE,numeric,copula,12,128,250,10,Inf,1000000,1,multisession,1,1000,100,FALSE,FALSE,2,,"",NA,NA,2026-07-08T02:37:49+0200,jullum-ubuntu,4.6.1,1.0.8.9002,b9c5fcd1,890615,ok,0.8851,7.6571,7.502,0.151,0,0,249054200,128,1,43,43,3,7.4919,0.0429,0.0277,7.4142,0.0071,316014592,291475456,9.468,0,FALSE,291475456,278
140,copula,explain,3,FALSE,numeric,copula,12,128,250,10,Inf,1000000,1,multisession,1,1000,100,FALSE,FALSE,2,,"",NA,NA,2026-07-08T01:16:49+0200,jullum-ubuntu,4.6.1,1.0.8.9002,b9c5fcd1,870545,ok,0.8941,7.7349,7.568,0.163,0,0,249050584,128,1,43,43,3,7.5684,0.0429,0.0279,7.4905,0.0071,316362752,290635776,9.563,0,FALSE,290635776,277.2
141,copula,dt_threads,0,TRUE,numeric,copula,12,128,250,10,Inf,1000000,1,multisession,2,1000,25,FALSE,FALSE,2,,"",NA,NA,2026-07-08T02:30:02+0200,jullum-ubuntu,4.6.1,1.0.8.9002,b9c5fcd1,882124,ok,0.8817,3.1521,3.074,0.077,0,0,248204416,128,1,10,10,13,2.9892,0.043,0.0272,2.9127,0.0062,322138112,296919040,4.962,0,FALSE,296919040,283.2
142,copula,dt_threads,1,FALSE,numeric,copula,12,128,250,10,Inf,1000000,1,multisession,2,1000,25,FALSE,FALSE,2,,"",NA,NA,2026-07-08T00:56:30+0200,jullum-ubuntu,4.6.1,1.0.8.9002,b9c5fcd1,853538,ok,0.8859,3.1734,3.098,0.07,0,0,248204648,128,1,10,10,13,3.0097,0.0429,0.0275,2.933,0.0063,322031616,296718336,4.969,0,FALSE,296718336,283
143,copula,dt_threads,2,FALSE,numeric,copula,12,128,250,10,Inf,1000000,1,multisession,2,1000,25,FALSE,FALSE,2,,"",NA,NA,2026-07-08T01:05:05+0200,jullum-ubuntu,4.6.1,1.0.8.9002,b9c5fcd1,858708,ok,0.8799,3.1101,3.036,0.072,0,0,248204960,128,1,10,10,13,2.9486,0.0427,0.0275,2.8722,0.006,319025152,294264832,4.904,0,FALSE,294264832,280.6
144,copula,dt_threads,3,FALSE,numeric,copula,12,128,250,10,Inf,1000000,1,multisession,2,1000,25,FALSE,FALSE,2,,"",NA,NA,2026-07-08T01:03:59+0200,jullum-ubuntu,4.6.1,1.0.8.9002,b9c5fcd1,858486,ok,0.8794,3.1333,3.06,0.071,0,0,248204864,128,1,10,10,13,2.971,0.0425,0.0274,2.8951,0.006,321716224,296632320,4.934,0,FALSE,296632320,282.9
145,copula,dt_threads,0,TRUE,numeric,copula,12,128,250,10,Inf,1000000,1,multisession,4,1000,25,FALSE,FALSE,2,,"",NA,NA,2026-07-08T01:08:41+0200,jullum-ubuntu,4.6.1,1.0.8.9002,b9c5fcd1,863044,ok,0.8872,3.0597,2.981,0.076,0,0,248204728,128,1,10,10,13,2.8997,0.0429,0.0275,2.8233,0.006,321859584,296882176,4.856,0,FALSE,296882176,283.1
146,copula,dt_threads,1,FALSE,numeric,copula,12,128,250,10,Inf,1000000,1,multisession,4,1000,25,FALSE,FALSE,2,,"",NA,NA,2026-07-08T03:51:50+0200,jullum-ubuntu,4.6.1,1.0.8.9002,b9c5fcd1,906247,ok,0.8867,3.1165,3.039,0.075,0,0,248208336,128,1,10,10,13,2.9543,0.0424,0.0275,2.8782,0.0061,322113536,297623552,4.932,0,FALSE,297623552,283.8
147,copula,dt_threads,2,FALSE,numeric,copula,12,128,250,10,Inf,1000000,1,multisession,4,1000,25,FALSE,FALSE,2,,"",NA,NA,2026-07-08T02:44:31+0200,jullum-ubuntu,4.6.1,1.0.8.9002,b9c5fcd1,897859,ok,0.8776,3.1483,3.071,0.074,0,0,248204928,128,1,10,10,13,2.9886,0.0423,0.0272,2.913,0.0061,321716224,296607744,4.948,0,FALSE,296607744,282.9
148,copula,dt_threads,3,FALSE,numeric,copula,12,128,250,10,Inf,1000000,1,multisession,4,1000,25,FALSE,FALSE,2,,"",NA,NA,2026-07-08T02:21:57+0200,jullum-ubuntu,4.6.1,1.0.8.9002,b9c5fcd1,878695,ok,0.8879,3.1488,3.069,0.077,0,0,248208328,128,1,10,10,13,2.9854,0.043,0.0273,2.909,0.0061,321716224,297140224,4.955,0,FALSE,297140224,283.4
149,copula,dt_threads,0,TRUE,numeric,copula,12,128,250,10,Inf,1000000,1,multisession,8,1000,25,FALSE,FALSE,2,,"",NA,NA,2026-07-08T02:22:09+0200,jullum-ubuntu,4.6.1,1.0.8.9002,b9c5fcd1,879023,ok,0.8926,3.153,3.076,0.075,0,0,248208376,128,1,10,10,13,2.9908,0.0428,0.0275,2.9145,0.006,321716224,297209856,4.957,0,FALSE,297209856,283.4
150,copula,dt_threads,1,FALSE,numeric,copula,12,128,250,10,Inf,1000000,1,multisession,8,1000,25,FALSE,FALSE,2,,"",NA,NA,2026-07-08T02:39:10+0200,jullum-ubuntu,4.6.1,1.0.8.9002,b9c5fcd1,891448,ok,0.8835,3.1386,3.055,0.081,0,0,248204896,128,1,10,10,13,2.9742,0.0431,0.0275,2.8974,0.0062,322199552,297136128,4.942,0,FALSE,297136128,283.4
151,copula,dt_threads,2,FALSE,numeric,copula,12,128,250,10,Inf,1000000,1,multisession,8,1000,25,FALSE,FALSE,2,,"",NA,NA,2026-07-08T02:43:50+0200,jullum-ubuntu,4.6.1,1.0.8.9002,b9c5fcd1,896767,ok,0.8808,3.1163,3.04,0.074,0,0,248208304,128,1,10,10,13,2.9552,0.0425,0.0275,2.8792,0.006,322121728,297095168,4.922,0,FALSE,297095168,283.3
152,copula,dt_threads,3,FALSE,numeric,copula,12,128,250,10,Inf,1000000,1,multisession,8,1000,25,FALSE,FALSE,2,,"",NA,NA,2026-07-08T01:10:17+0200,jullum-ubuntu,4.6.1,1.0.8.9002,b9c5fcd1,865174,ok,0.8844,3.1618,3.087,0.073,0,0,248208672,128,1,10,10,13,2.9992,0.0434,0.0276,2.9221,0.0062,321716224,297414656,4.964,0,FALSE,297414656,283.6
153,copula,parallel,0,TRUE,numeric,copula,12,128,250,8,Inf,1000000,1,multisession,1,1000,25,FALSE,FALSE,2,,"",NA,NA,2026-07-08T01:09:45+0200,jullum-ubuntu,4.6.1,1.0.8.9002,b9c5fcd1,863138,ok,0.9132,3.1485,3.07,0.076,0,0,248208576,128,1,10,10,13,2.9856,0.0427,0.0274,2.9093,0.0061,322138112,296546304,4.973,0,FALSE,296546304,282.8
154,copula,parallel,1,FALSE,numeric,copula,12,128,250,8,Inf,1000000,1,multisession,1,1000,25,FALSE,FALSE,2,,"",NA,NA,2026-07-08T01:13:57+0200,jullum-ubuntu,4.6.1,1.0.8.9002,b9c5fcd1,868415,ok,0.8844,3.1725,3.093,0.077,0,0,248204672,128,1,10,10,13,3.0096,0.0445,0.028,2.9309,0.0062,321814528,297246720,4.966,0,FALSE,297246720,283.5
155,copula,parallel,2,FALSE,numeric,copula,12,128,250,8,Inf,1000000,1,multisession,1,1000,25,FALSE,FALSE,2,,"",NA,NA,2026-07-08T02:33:52+0200,jullum-ubuntu,4.6.1,1.0.8.9002,b9c5fcd1,887333,ok,0.8837,3.1163,3.049,0.065,0,0,248204632,128,1,10,10,13,2.9587,0.0428,0.0275,2.8823,0.0061,322129920,296550400,4.929,0,FALSE,296550400,282.8
156,copula,parallel,3,FALSE,numeric,copula,12,128,250,8,Inf,1000000,1,multisession,1,1000,25,FALSE,FALSE,2,,"",NA,NA,2026-07-08T04:52:27+0200,jullum-ubuntu,4.6.1,1.0.8.9002,b9c5fcd1,912590,ok,0.8754,3.1085,3.035,0.071,0,0,248204784,128,1,10,10,13,2.9484,0.0421,0.0273,2.873,0.006,321826816,297009152,4.88,0,FALSE,297009152,283.2
157,copula,parallel,0,TRUE,numeric,copula,12,128,250,8,Inf,1000000,2,multisession,1,1000,25,FALSE,FALSE,2,,"",NA,NA,2026-07-08T01:10:28+0200,jullum-ubuntu,4.6.1,1.0.8.9002,b9c5fcd1,865252,ok,0.7731,3.2995,1.538,0.01,0,0,182977112,128,1,10,10,13,3.1366,0.043,0.0271,3.0604,0.0062,814125056,732549120,5.701,0,FALSE,732549120,698.6
158,copula,parallel,1,FALSE,numeric,copula,12,128,250,8,Inf,1000000,2,multisession,1,1000,25,FALSE,FALSE,2,,"",NA,NA,2026-07-08T02:45:01+0200,jullum-ubuntu,4.6.1,1.0.8.9002,b9c5fcd1,898273,ok,0.7859,3.2919,1.542,0.016,0,0,183020448,128,1,10,10,13,3.1301,0.0429,0.0273,3.0539,0.0061,813318144,732831744,5.69,0,FALSE,732831744,698.9
159,copula,parallel,2,FALSE,numeric,copula,12,128,250,8,Inf,1000000,2,multisession,1,1000,25,FALSE,FALSE,2,,"",NA,NA,2026-07-08T00:56:24+0200,jullum-ubuntu,4.6.1,1.0.8.9002,b9c5fcd1,853361,ok,0.7793,3.3362,1.595,0.014,0,0,184674808,128,1,10,10,13,3.1735,0.0424,0.0271,3.0978,0.0062,815734784,733466624,5.73,0,FALSE,733466624,699.5
160,copula,parallel,3,FALSE,numeric,copula,12,128,250,8,Inf,1000000,2,multisession,1,1000,25,FALSE,FALSE,2,,"",NA,NA,2026-07-08T02:24:26+0200,jullum-ubuntu,4.6.1,1.0.8.9002,b9c5fcd1,879693,ok,0.7828,3.3388,1.568,0.014,0,0,184414944,128,1,10,10,13,3.1758,0.0429,0.0273,3.0995,0.0061,816377856,734621696,5.774,0,FALSE,734621696,700.6
161,copula,parallel,0,TRUE,numeric,copula,12,128,250,8,Inf,1000000,4,multisession,1,1000,25,FALSE,FALSE,2,,"",NA,NA,2026-07-08T03:51:38+0200,jullum-ubuntu,4.6.1,1.0.8.9002,b9c5fcd1,905692,ok,0.7767,3.0667,1.592,0.02,0,0,184094992,128,1,10,10,13,2.8978,0.0435,0.0274,2.8205,0.0063,1343250432,1208332288,5.548,0,FALSE,1208332288,1152.4
162,copula,parallel,1,FALSE,numeric,copula,12,128,250,8,Inf,1000000,4,multisession,1,1000,25,FALSE,FALSE,2,,"",NA,NA,2026-07-08T02:21:15+0200,jullum-ubuntu,4.6.1,1.0.8.9002,b9c5fcd1,877307,ok,0.7738,3.0709,1.563,0.021,0,0,184548880,128,1,10,10,13,2.9076,0.0433,0.0275,2.8308,0.0061,1342033920,1208135680,5.507,0,FALSE,1208135680,1152.2
163,copula,parallel,2,FALSE,numeric,copula,12,128,250,8,Inf,1000000,4,multisession,1,1000,25,FALSE,FALSE,2,,"",NA,NA,2026-07-08T03:49:09+0200,jullum-ubuntu,4.6.1,1.0.8.9002,b9c5fcd1,903776,ok,0.7748,3.0669,1.572,0.015,0,0,183063080,128,1,10,10,13,2.9046,0.0429,0.0275,2.828,0.0062,1340874752,1207107584,5.552,0,FALSE,1207107584,1151.2
164,copula,parallel,3,FALSE,numeric,copula,12,128,250,8,Inf,1000000,4,multisession,1,1000,25,FALSE,FALSE,2,,"",NA,NA,2026-07-08T02:22:02+0200,jullum-ubuntu,4.6.1,1.0.8.9002,b9c5fcd1,878734,ok,0.7673,3.0802,1.618,0.014,0,0,184477472,128,1,10,10,13,2.918,0.0428,0.0273,2.8414,0.0065,1342939136,1208225792,5.534,0,FALSE,1208225792,1152.3
165,copula,parallel,0,TRUE,numeric,copula,12,128,250,8,Inf,1000000,8,multisession,1,1000,25,FALSE,FALSE,2,,"",NA,NA,2026-07-08T05:53:28+0200,jullum-ubuntu,4.6.1,1.0.8.9002,b9c5fcd1,916810,ok,0.7685,3.0377,1.602,0.016,0,0,184080400,128,1,10,10,13,2.8713,0.0427,0.0272,2.7953,0.0061,2367475712,2128875520,5.637,0,FALSE,2128875520,2030.3
166,copula,parallel,1,FALSE,numeric,copula,12,128,250,8,Inf,1000000,8,multisession,1,1000,25,FALSE,FALSE,2,,"",NA,NA,2026-07-08T02:21:08+0200,jullum-ubuntu,4.6.1,1.0.8.9002,b9c5fcd1,876813,ok,0.7715,3.1124,1.657,0.032,0,0,184705624,128,1,10,10,13,2.9478,0.0428,0.0273,2.8712,0.0064,2367258624,2132402176,5.67,0,FALSE,2132402176,2033.6
167,copula,parallel,2,FALSE,numeric,copula,12,128,250,8,Inf,1000000,8,multisession,1,1000,25,FALSE,FALSE,2,,"",NA,NA,2026-07-08T03:48:36+0200,jullum-ubuntu,4.6.1,1.0.8.9002,b9c5fcd1,902692,ok,0.7887,3.0709,1.649,0.017,0,0,184652336,128,1,10,10,13,2.9079,0.0432,0.0273,2.8311,0.0063,2368028672,2130755584,5.677,0,FALSE,2130755584,2032
168,copula,parallel,3,FALSE,numeric,copula,12,128,250,8,Inf,1000000,8,multisession,1,1000,25,FALSE,FALSE,2,,"",NA,NA,2026-07-08T02:43:44+0200,jullum-ubuntu,4.6.1,1.0.8.9002,b9c5fcd1,896290,ok,0.7777,3.0437,1.596,0.029,0,0,184176832,128,1,10,10,13,2.8742,0.0429,0.0273,2.7978,0.0063,2364280832,2128560128,5.634,0,FALSE,2128560128,2030
169,copula,parallel,0,TRUE,numeric,copula,12,128,250,8,Inf,1000000,16,multisession,1,1000,25,FALSE,FALSE,2,,"",NA,NA,2026-07-08T01:06:57+0200,jullum-ubuntu,4.6.1,1.0.8.9002,b9c5fcd1,861351,ok,0.772,3.0685,1.71,0.039,0,0,185958008,128,1,10,10,13,2.9044,0.0439,0.0277,2.8265,0.0064,3381264384,2978127872,5.828,0,FALSE,2978127872,2840.2
170,copula,parallel,1,FALSE,numeric,copula,12,128,250,8,Inf,1000000,16,multisession,1,1000,25,FALSE,FALSE,2,,"",NA,NA,2026-07-08T02:27:49+0200,jullum-ubuntu,4.6.1,1.0.8.9002,b9c5fcd1,880250,ok,0.7666,3.0193,1.666,0.032,0,0,184719776,128,1,10,10,13,2.8566,0.0432,0.0276,2.7796,0.0062,3380019200,2974642176,5.732,0,FALSE,2974642176,2836.8
171,copula,parallel,2,FALSE,numeric,copula,12,128,250,8,Inf,1000000,16,multisession,1,1000,25,FALSE,FALSE,2,,"",NA,NA,2026-07-08T02:21:51+0200,jullum-ubuntu,4.6.1,1.0.8.9002,b9c5fcd1,877818,ok,0.7673,3.0099,1.629,0.02,0,0,184512896,128,1,10,10,13,2.8418,0.0433,0.0279,2.7644,0.0061,3379658752,2974978048,5.752,0,FALSE,2974978048,2837.2
172,copula,parallel,3,FALSE,numeric,copula,12,128,250,8,Inf,1000000,16,multisession,1,1000,25,FALSE,FALSE,2,,"",NA,NA,2026-07-08T01:00:24+0200,jullum-ubuntu,4.6.1,1.0.8.9002,b9c5fcd1,856766,ok,0.7658,3.0078,1.645,0.019,0,0,184841176,128,1,10,10,13,2.838,0.0431,0.0276,2.7611,0.0062,3379212288,2976940032,5.702,0,FALSE,2976940032,2839
173,copula,parallel,0,TRUE,numeric,copula,12,128,250,8,Inf,1000000,32,multisession,1,1000,25,FALSE,FALSE,2,,"",NA,NA,2026-07-08T05:54:20+0200,jullum-ubuntu,4.6.1,1.0.8.9002,b9c5fcd1,917992,ok,0.7657,3.1322,1.77,0.029,0,0,186024160,128,1,10,10,13,2.9645,0.0432,0.0275,2.8877,0.006,4669497344,3960709120,6.333,0,FALSE,3960709120,3777.2
174,copula,parallel,1,FALSE,numeric,copula,12,128,250,8,Inf,1000000,32,multisession,1,1000,25,FALSE,FALSE,2,,"",NA,NA,2026-07-08T01:00:18+0200,jullum-ubuntu,4.6.1,1.0.8.9002,b9c5fcd1,855089,ok,0.7644,2.9884,1.661,0.02,0,0,185204632,128,1,10,10,13,2.8245,0.0432,0.0275,2.7473,0.0065,4666093568,3960180736,6.215,0,FALSE,3960180736,3776.7
175,copula,parallel,2,FALSE,numeric,copula,12,128,250,8,Inf,1000000,32,multisession,1,1000,25,FALSE,FALSE,2,,"",NA,NA,2026-07-08T01:14:45+0200,jullum-ubuntu,4.6.1,1.0.8.9002,b9c5fcd1,868631,ok,0.7599,2.9264,1.618,0.03,0,0,184559464,128,1,10,10,13,2.7639,0.0429,0.0274,2.6875,0.0061,4669734912,3959234560,6.118,0,FALSE,3959234560,3775.8
176,copula,parallel,3,FALSE,numeric,copula,12,128,250,8,Inf,1000000,32,multisession,1,1000,25,FALSE,FALSE,2,,"",NA,NA,2026-07-08T01:10:06+0200,jullum-ubuntu,4.6.1,1.0.8.9002,b9c5fcd1,863458,ok,0.7606,2.9791,1.634,0.029,0,0,184925584,128,1,10,10,13,2.8113,0.0433,0.0277,2.7342,0.0061,4665200640,3959668736,6.151,0,FALSE,3959668736,3776.2
177,copula,parallel,0,TRUE,numeric,copula,12,128,250,32,Inf,1000000,1,multisession,1,1000,25,FALSE,FALSE,2,,"",NA,NA,2026-07-08T01:05:35+0200,jullum-ubuntu,4.6.1,1.0.8.9002,b9c5fcd1,859156,ok,0.886,3.0568,3.025,0.029,0,0,234245736,128,1,32,32,13,2.8921,0.0428,0.0277,2.8153,0.0063,288112640,262971392,4.848,0,FALSE,262971392,250.8
178,copula,parallel,1,FALSE,numeric,copula,12,128,250,32,Inf,1000000,1,multisession,1,1000,25,FALSE,FALSE,2,,"",NA,NA,2026-07-08T02:22:33+0200,jullum-ubuntu,4.6.1,1.0.8.9002,b9c5fcd1,879107,ok,0.8894,3.0791,3.039,0.038,0,0,234245736,128,1,32,32,13,2.9128,0.0429,0.0275,2.8359,0.0065,289673216,264724480,4.894,0,FALSE,264724480,252.5
179,copula,parallel,2,FALSE,numeric,copula,12,128,250,32,Inf,1000000,1,multisession,1,1000,25,FALSE,FALSE,2,,"",NA,NA,2026-07-08T03:47:31+0200,jullum-ubuntu,4.6.1,1.0.8.9002,b9c5fcd1,902396,ok,0.8826,3.0682,3.028,0.038,0,0,234245736,128,1,32,32,13,2.9001,0.0442,0.0274,2.8223,0.0062,289374208,264622080,4.882,0,FALSE,264622080,252.4
180,copula,parallel,3,FALSE,numeric,copula,12,128,250,32,Inf,1000000,1,multisession,1,1000,25,FALSE,FALSE,2,,"",NA,NA,2026-07-08T03:52:16+0200,jullum-ubuntu,4.6.1,1.0.8.9002,b9c5fcd1,908879,ok,0.8818,3.041,2.999,0.037,0,0,234245736,128,1,32,32,13,2.8727,0.0425,0.0273,2.7965,0.0064,287948800,262877184,4.843,0,FALSE,262877184,250.7
181,copula,parallel,0,TRUE,numeric,copula,12,128,250,32,Inf,1000000,2,multisession,1,1000,25,FALSE,FALSE,2,,"",NA,NA,2026-07-08T02:40:20+0200,jullum-ubuntu,4.6.1,1.0.8.9002,b9c5fcd1,893582,ok,0.7724,3.3447,1.541,0.02,0,0,183098616,128,1,32,32,13,3.18,0.0428,0.0273,3.1036,0.0063,796663808,714985472,5.733,0,FALSE,714985472,681.9
182,copula,parallel,1,FALSE,numeric,copula,12,128,250,32,Inf,1000000,2,multisession,1,1000,25,FALSE,FALSE,2,,"",NA,NA,2026-07-08T01:11:08+0200,jullum-ubuntu,4.6.1,1.0.8.9002,b9c5fcd1,865603,ok,0.7839,3.3766,1.562,0.021,0,0,184402104,128,1,32,32,13,3.2133,0.0436,0.0274,3.1361,0.0062,798916608,715079680,5.789,0,FALSE,715079680,682
183,copula,parallel,2,FALSE,numeric,copula,12,128,250,32,Inf,1000000,2,multisession,1,1000,25,FALSE,FALSE,2,,"",NA,NA,2026-07-08T02:40:05+0200,jullum-ubuntu,4.6.1,1.0.8.9002,b9c5fcd1,891722,ok,0.7985,3.3583,1.584,0.015,0,0,184399880,128,1,32,32,13,3.1953,0.0428,0.0274,3.1187,0.0065,797368320,715698176,5.782,0,FALSE,715698176,682.5
184,copula,parallel,3,FALSE,numeric,copula,12,128,250,32,Inf,1000000,2,multisession,1,1000,25,FALSE,FALSE,2,,"",NA,NA,2026-07-08T01:10:00+0200,jullum-ubuntu,4.6.1,1.0.8.9002,b9c5fcd1,863279,ok,0.794,3.3479,1.563,0.022,0,0,184558808,128,1,32,32,13,3.1807,0.0445,0.028,3.1022,0.006,798609408,716226560,5.795,0,FALSE,716226560,683
185,copula,parallel,0,TRUE,numeric,copula,12,128,250,32,Inf,1000000,4,multisession,1,1000,25,FALSE,FALSE,2,,"",NA,NA,2026-07-08T01:05:22+0200,jullum-ubuntu,4.6.1,1.0.8.9002,b9c5fcd1,858838,ok,0.7706,3.0345,1.587,0.023,0,0,184593272,128,1,32,32,13,2.8667,0.0431,0.0272,2.7902,0.0062,1331769344,1198673920,5.495,0,FALSE,1198673920,1143.1
186,copula,parallel,1,FALSE,numeric,copula,12,128,250,32,Inf,1000000,4,multisession,1,1000,25,FALSE,FALSE,2,,"",NA,NA,2026-07-08T01:03:53+0200,jullum-ubuntu,4.6.1,1.0.8.9002,b9c5fcd1,858209,ok,0.7875,3.0617,1.595,0.022,0,0,184116400,128,1,32,32,13,2.8947,0.0435,0.0275,2.8175,0.0062,1332027392,1198579712,5.531,0,FALSE,1198579712,1143.1
187,copula,parallel,2,FALSE,numeric,copula,12,128,250,32,Inf,1000000,4,multisession,1,1000,25,FALSE,FALSE,2,,"",NA,NA,2026-07-08T00:55:58+0200,jullum-ubuntu,4.6.1,1.0.8.9002,b9c5fcd1,853006,ok,0.7864,3.0407,1.58,0.018,0,0,184496816,128,1,32,32,13,2.8753,0.043,0.0274,2.7944,0.0105,1332772864,1198137344,5.479,0,FALSE,1198137344,1142.6
188,copula,parallel,3,FALSE,numeric,copula,12,128,250,32,Inf,1000000,4,multisession,1,1000,25,FALSE,FALSE,2,,"",NA,NA,2026-07-08T01:13:47+0200,jullum-ubuntu,4.6.1,1.0.8.9002,b9c5fcd1,868099,ok,0.769,3.0095,1.573,0.021,0,0,184627208,128,1,32,32,13,2.8425,0.0428,0.0272,2.7664,0.0061,1332240384,1198673920,5.45,0,FALSE,1198673920,1143.1
189,copula,parallel,0,TRUE,numeric,copula,12,128,250,32,Inf,1000000,8,multisession,1,1000,25,FALSE,FALSE,2,,"",NA,NA,2026-07-08T02:38:40+0200,jullum-ubuntu,4.6.1,1.0.8.9002,b9c5fcd1,890891,ok,0.774,2.9999,1.627,0.019,0,0,184650024,128,1,32,32,13,2.8358,0.0424,0.0269,2.7602,0.0063,2402418688,2165141504,5.592,0,FALSE,2165141504,2064.8
190,copula,parallel,1,FALSE,numeric,copula,12,128,250,32,Inf,1000000,8,multisession,1,1000,25,FALSE,FALSE,2,,"",NA,NA,2026-07-08T02:28:34+0200,jullum-ubuntu,4.6.1,1.0.8.9002,b9c5fcd1,881367,ok,0.7867,2.9995,1.652,0.018,0,0,184299480,128,1,32,32,13,2.8357,0.0437,0.0278,2.7533,0.0109,2400624640,2164211712,5.61,0,FALSE,2164211712,2064
191,copula,parallel,2,FALSE,numeric,copula,12,128,250,32,Inf,1000000,8,multisession,1,1000,25,FALSE,FALSE,2,,"",NA,NA,2026-07-08T02:34:09+0200,jullum-ubuntu,4.6.1,1.0.8.9002,b9c5fcd1,887453,ok,0.778,3.0088,1.644,0.028,0,0,184781296,128,1,32,32,13,2.8449,0.0433,0.0274,2.7681,0.0061,2404950016,2165952512,5.646,0,FALSE,2165952512,2065.6
192,copula,parallel,3,FALSE,numeric,copula,12,128,250,32,Inf,1000000,8,multisession,1,1000,25,FALSE,FALSE,2,,"",NA,NA,2026-07-08T02:18:33+0200,jullum-ubuntu,4.6.1,1.0.8.9002,b9c5fcd1,876002,ok,0.7771,3.0518,1.68,0.02,0,0,184549640,128,1,32,32,13,2.8872,0.0438,0.0274,2.8096,0.0064,2404765696,2165035008,5.649,0,FALSE,2165035008,2064.7
193,copula,parallel,0,TRUE,numeric,copula,12,128,250,32,Inf,1000000,16,multisession,1,1000,25,FALSE,FALSE,2,,"",NA,NA,2026-07-08T03:52:10+0200,jullum-ubuntu,4.6.1,1.0.8.9002,b9c5fcd1,908002,ok,0.7715,3.2898,1.833,0.032,0,0,184556688,128,1,32,32,13,3.1196,0.0429,0.0275,3.0427,0.0065,4293152768,3848691712,6.061,0,FALSE,3848691712,3670.4
194,copula,parallel,1,FALSE,numeric,copula,12,128,250,32,Inf,1000000,16,multisession,1,1000,25,FALSE,FALSE,2,,"",NA,NA,2026-07-08T02:44:10+0200,jullum-ubuntu,4.6.1,1.0.8.9002,b9c5fcd1,896900,ok,0.7879,3.3209,1.808,0.039,0,0,185310512,128,1,32,32,13,3.1573,0.0435,0.0277,3.08,0.0061,4298588160,3850924032,6.157,0,FALSE,3850924032,3672.5
195,copula,parallel,2,FALSE,numeric,copula,12,128,250,32,Inf,1000000,16,multisession,1,1000,25,FALSE,FALSE,2,,"",NA,NA,2026-07-08T01:00:11+0200,jullum-ubuntu,4.6.1,1.0.8.9002,b9c5fcd1,854209,ok,0.7665,3.2056,1.745,0.026,0,0,184622608,128,1,32,32,13,3.0426,0.0427,0.0272,2.9665,0.0062,4296384512,3849043968,6.004,0,FALSE,3849043968,3670.7
196,copula,parallel,3,FALSE,numeric,copula,12,128,250,32,Inf,1000000,16,multisession,1,1000,25,FALSE,FALSE,2,,"",NA,NA,2026-07-08T01:06:08+0200,jullum-ubuntu,4.6.1,1.0.8.9002,b9c5fcd1,859240,ok,0.773,3.2881,1.825,0.033,0,0,184713344,128,1,32,32,13,3.1203,0.0435,0.028,3.0427,0.0061,4297543680,3849818112,6.055,0,FALSE,3849818112,3671.5
197,copula,parallel,0,TRUE,numeric,copula,12,128,250,32,Inf,1000000,32,multisession,1,1000,25,FALSE,FALSE,2,,"",NA,NA,2026-07-08T02:33:04+0200,jullum-ubuntu,4.6.1,1.0.8.9002,b9c5fcd1,883793,ok,0.7581,4.2821,2.084,0.037,0,0,185482624,128,1,32,32,13,4.1182,0.0429,0.0276,4.0417,0.0061,8182034432,7310757888,7.608,0,FALSE,7310757888,6972.1
198,copula,parallel,1,FALSE,numeric,copula,12,128,250,32,Inf,1000000,32,multisession,1,1000,25,FALSE,FALSE,2,,"",NA,NA,2026-07-08T02:33:32+0200,jullum-ubuntu,4.6.1,1.0.8.9002,b9c5fcd1,885523,ok,0.7676,4.1923,2.021,0.04,0,0,185528272,128,1,32,32,13,4.0279,0.0434,0.0276,3.9505,0.0064,8179302400,7309963264,7.558,0,FALSE,7309963264,6971.3
199,copula,parallel,2,FALSE,numeric,copula,12,128,250,32,Inf,1000000,32,multisession,1,1000,25,FALSE,FALSE,2,,"",NA,NA,2026-07-08T02:40:11+0200,jullum-ubuntu,4.6.1,1.0.8.9002,b9c5fcd1,891899,ok,0.7616,4.2461,2.057,0.05,0,0,185608704,128,1,32,32,13,4.078,0.043,0.0274,4.0014,0.0061,8183681024,7310221312,7.569,0,FALSE,7310221312,6971.6
200,copula,parallel,3,FALSE,numeric,copula,12,128,250,32,Inf,1000000,32,multisession,1,1000,25,FALSE,FALSE,2,,"",NA,NA,2026-07-08T03:51:55+0200,jullum-ubuntu,4.6.1,1.0.8.9002,b9c5fcd1,906286,ok,0.7657,4.1086,1.991,0.029,0,0,185342712,128,1,32,32,13,3.944,0.0432,0.0276,3.8625,0.0107,8183164928,7309619200,7.436,0,FALSE,7309619200,6971
201,copula,parallel,0,TRUE,numeric,copula,12,128,250,128,Inf,1000000,1,multisession,1,1000,25,FALSE,FALSE,2,,"",NA,NA,2026-07-08T05:56:55+0200,jullum-ubuntu,4.6.1,1.0.8.9002,b9c5fcd1,921635,ok,0.8879,3.8803,3.833,0.045,0,0,234242592,128,1,126,126,13,3.7158,0.0427,0.0278,3.6391,0.0062,284512256,259391488,5.676,0,FALSE,259391488,247.4
202,copula,parallel,1,FALSE,numeric,copula,12,128,250,128,Inf,1000000,1,multisession,1,1000,25,FALSE,FALSE,2,,"",NA,NA,2026-07-08T02:40:30+0200,jullum-ubuntu,4.6.1,1.0.8.9002,b9c5fcd1,893798,ok,0.8799,3.8913,3.852,0.037,0,0,234242928,128,1,126,126,13,3.7326,0.0426,0.0276,3.656,0.0064,286031872,259133440,5.696,0,FALSE,259133440,247.1
203,copula,parallel,2,FALSE,numeric,copula,12,128,250,128,Inf,1000000,1,multisession,1,1000,25,FALSE,FALSE,2,,"",NA,NA,2026-07-08T02:32:46+0200,jullum-ubuntu,4.6.1,1.0.8.9002,b9c5fcd1,883434,ok,0.8884,3.8614,3.818,0.041,0,0,234242296,128,1,126,126,13,3.6976,0.0428,0.0275,3.6211,0.0062,286117888,259620864,5.667,0,FALSE,259620864,247.6
204,copula,parallel,3,FALSE,numeric,copula,12,128,250,128,Inf,1000000,1,multisession,1,1000,25,FALSE,FALSE,2,,"",NA,NA,2026-07-08T02:42:45+0200,jullum-ubuntu,4.6.1,1.0.8.9002,b9c5fcd1,896050,ok,0.8835,3.8681,3.824,0.042,0,0,234244064,128,1,126,126,13,3.7079,0.0425,0.0277,3.6272,0.0105,285843456,258871296,5.648,0,FALSE,258871296,246.9
205,copula,parallel,0,TRUE,numeric,copula,12,128,250,128,Inf,1000000,2,multisession,1,1000,25,FALSE,FALSE,2,,"",NA,NA,2026-07-08T01:06:33+0200,jullum-ubuntu,4.6.1,1.0.8.9002,b9c5fcd1,861084,ok,0.7888,3.8135,1.602,0.019,0,0,185459336,128,1,126,126,13,3.651,0.0435,0.0274,3.5739,0.0061,789278720,708456448,6.217,0,FALSE,708456448,675.6
206,copula,parallel,1,FALSE,numeric,copula,12,128,250,128,Inf,1000000,2,multisession,1,1000,25,FALSE,FALSE,2,,"",NA,NA,2026-07-08T02:32:52+0200,jullum-ubuntu,4.6.1,1.0.8.9002,b9c5fcd1,883473,ok,0.8025,3.727,1.577,0.025,0,0,184624960,128,1,126,126,13,3.5582,0.0432,0.0275,3.4813,0.0062,789155840,707006464,6.142,0,FALSE,707006464,674.3
207,copula,parallel,2,FALSE,numeric,copula,12,128,250,128,Inf,1000000,2,multisession,1,1000,25,FALSE,FALSE,2,,"",NA,NA,2026-07-08T02:34:43+0200,jullum-ubuntu,4.6.1,1.0.8.9002,b9c5fcd1,889738,ok,0.7859,3.7737,1.567,0.024,0,0,184217040,128,1,126,126,13,3.61,0.0431,0.0275,3.529,0.0105,788037632,704909312,6.182,0,FALSE,704909312,672.3
208,copula,parallel,3,FALSE,numeric,copula,12,128,250,128,Inf,1000000,2,multisession,1,1000,25,FALSE,FALSE,2,,"",NA,NA,2026-07-08T02:41:40+0200,jullum-ubuntu,4.6.1,1.0.8.9002,b9c5fcd1,893926,ok,0.7858,3.7482,1.556,0.019,0,0,184091176,128,1,126,126,13,3.5792,0.0442,0.0275,3.5013,0.0062,789393408,707231744,6.203,0,FALSE,707231744,674.5
209,copula,parallel,0,TRUE,numeric,copula,12,128,250,128,Inf,1000000,4,multisession,1,1000,25,FALSE,FALSE,2,,"",NA,NA,2026-07-08T02:44:54+0200,jullum-ubuntu,4.6.1,1.0.8.9002,b9c5fcd1,897996,ok,0.7757,3.2276,1.586,0.015,0,0,182918664,128,1,126,126,13,3.0655,0.0428,0.028,2.9886,0.0062,1332420608,1196707840,5.685,0,FALSE,1196707840,1141.3
210,copula,parallel,1,FALSE,numeric,copula,12,128,250,128,Inf,1000000,4,multisession,1,1000,25,FALSE,FALSE,2,,"",NA,NA,2026-07-08T02:35:48+0200,jullum-ubuntu,4.6.1,1.0.8.9002,b9c5fcd1,890099,ok,0.7837,3.2669,1.602,0.027,0,0,183126352,128,1,126,126,13,3.098,0.0433,0.0276,3.021,0.0061,1332486144,1198112768,5.744,0,FALSE,1198112768,1142.6
211,copula,parallel,2,FALSE,numeric,copula,12,128,250,128,Inf,1000000,4,multisession,1,1000,25,FALSE,FALSE,2,,"",NA,NA,2026-07-08T03:51:44+0200,jullum-ubuntu,4.6.1,1.0.8.9002,b9c5fcd1,905970,ok,0.7782,3.262,1.631,0.027,0,0,184187280,128,1,126,126,13,3.0975,0.0429,0.0274,3.0208,0.0064,1332109312,1197580288,5.704,0,FALSE,1197580288,1142.1
212,copula,parallel,3,FALSE,numeric,copula,12,128,250,128,Inf,1000000,4,multisession,1,1000,25,FALSE,FALSE,2,,"",NA,NA,2026-07-08T04:52:37+0200,jullum-ubuntu,4.6.1,1.0.8.9002,b9c5fcd1,912668,ok,0.7836,3.2699,1.646,0.021,0,0,184463416,128,1,126,126,13,3.107,0.0429,0.0274,3.0305,0.0063,1332228096,1197457408,5.724,0,FALSE,1197457408,1142
213,copula,parallel,0,TRUE,numeric,copula,12,128,250,128,Inf,1000000,8,multisession,1,1000,25,FALSE,FALSE,2,,"",NA,NA,2026-07-08T03:51:16+0200,jullum-ubuntu,4.6.1,1.0.8.9002,b9c5fcd1,904285,ok,0.7824,3.1325,1.656,0.017,0,0,184046064,128,1,126,126,13,2.963,0.0432,0.0274,2.8862,0.0063,2410110976,2171621376,5.756,0,FALSE,2171621376,2071
214,copula,parallel,1,FALSE,numeric,copula,12,128,250,128,Inf,1000000,8,multisession,1,1000,25,FALSE,FALSE,2,,"",NA,NA,2026-07-08T01:07:09+0200,jullum-ubuntu,4.6.1,1.0.8.9002,b9c5fcd1,862268,ok,0.7789,3.1301,1.596,0.018,0,0,184537992,128,1,126,126,13,2.9613,0.0429,0.0272,2.885,0.0062,2406338560,2171564032,5.731,0,FALSE,2171564032,2071
215,copula,parallel,2,FALSE,numeric,copula,12,128,250,128,Inf,1000000,8,multisession,1,1000,25,FALSE,FALSE,2,,"",NA,NA,2026-07-08T05:53:34+0200,jullum-ubuntu,4.6.1,1.0.8.9002,b9c5fcd1,917287,ok,0.7731,3.1425,1.676,0.019,0,0,184281720,128,1,126,126,13,2.9736,0.043,0.0278,2.8964,0.0064,2409889792,2169331712,5.728,0,FALSE,2169331712,2068.8
216,copula,parallel,3,FALSE,numeric,copula,12,128,250,128,Inf,1000000,8,multisession,1,1000,25,FALSE,FALSE,2,,"",NA,NA,2026-07-08T03:49:02+0200,jullum-ubuntu,4.6.1,1.0.8.9002,b9c5fcd1,903299,ok,0.7708,3.1176,1.63,0.025,0,0,183959960,128,1,126,126,13,2.9511,0.0426,0.0272,2.8751,0.0062,2406146048,2170269696,5.665,0,FALSE,2170269696,2069.7
217,copula,parallel,0,TRUE,numeric,copula,12,128,250,128,Inf,1000000,16,multisession,1,1000,25,FALSE,FALSE,2,,"",NA,NA,2026-07-08T02:18:10+0200,jullum-ubuntu,4.6.1,1.0.8.9002,b9c5fcd1,875043,ok,0.764,3.4014,1.78,0.03,0,0,184530048,128,1,126,126,13,3.2331,0.0429,0.0274,3.1567,0.0062,4371374080,3925540864,6.192,0,FALSE,3925540864,3743.7
218,copula,parallel,1,FALSE,numeric,copula,12,128,250,128,Inf,1000000,16,multisession,1,1000,25,FALSE,FALSE,2,,"",NA,NA,2026-07-08T01:06:26+0200,jullum-ubuntu,4.6.1,1.0.8.9002,b9c5fcd1,860195,ok,0.7738,3.3005,1.74,0.031,0,0,184475456,128,1,126,126,13,3.1373,0.043,0.0275,3.0604,0.0064,4370518016,3923431424,6.117,0,FALSE,3923431424,3741.7
219,copula,parallel,2,FALSE,numeric,copula,12,128,250,128,Inf,1000000,16,multisession,1,1000,25,FALSE,FALSE,2,,"",NA,NA,2026-07-08T03:51:31+0200,jullum-ubuntu,4.6.1,1.0.8.9002,b9c5fcd1,904813,ok,0.77,3.3636,1.784,0.035,0,0,185263256,128,1,126,126,13,3.1976,0.0434,0.0277,3.1196,0.0069,4376125440,3926061056,6.186,0,FALSE,3926061056,3744.2
220,copula,parallel,3,FALSE,numeric,copula,12,128,250,128,Inf,1000000,16,multisession,1,1000,25,FALSE,FALSE,2,,"",NA,NA,2026-07-08T02:30:44+0200,jullum-ubuntu,4.6.1,1.0.8.9002,b9c5fcd1,882300,ok,0.7651,3.2216,1.758,0.034,0,0,184261840,128,1,126,126,13,3.056,0.0428,0.0274,2.975,0.0107,4371927040,3924131840,5.983,0,FALSE,3924131840,3742.3
221,copula,parallel,0,TRUE,numeric,copula,12,128,250,128,Inf,1000000,32,multisession,1,1000,25,FALSE,FALSE,2,,"",NA,NA,2026-07-08T02:42:37+0200,jullum-ubuntu,4.6.1,1.0.8.9002,b9c5fcd1,894314,ok,0.7797,4.2711,2.074,0.038,0,0,185540144,128,1,126,126,13,4.1021,0.0432,0.0274,4.0253,0.0062,8163254272,7294930944,7.629,0,FALSE,7294930944,6957
222,copula,parallel,1,FALSE,numeric,copula,12,128,250,128,Inf,1000000,32,multisession,1,1000,25,FALSE,FALSE,2,,"",NA,NA,2026-07-08T05:54:38+0200,jullum-ubuntu,4.6.1,1.0.8.9002,b9c5fcd1,919750,ok,0.8108,4.2549,2.014,0.047,0,0,185168120,128,1,126,126,13,4.09,0.0433,0.0277,4.0081,0.0109,8163545088,7293030400,7.681,0,FALSE,7293030400,6955.2
223,copula,parallel,2,FALSE,numeric,copula,12,128,250,128,Inf,1000000,32,multisession,1,1000,25,FALSE,FALSE,2,,"",NA,NA,2026-07-08T01:11:14+0200,jullum-ubuntu,4.6.1,1.0.8.9002,b9c5fcd1,865781,ok,0.7731,4.2872,2.069,0.042,0,0,186051192,128,1,126,126,13,4.1186,0.0428,0.0273,4.0423,0.0063,8164642816,7293722624,7.634,0,FALSE,7293722624,6955.8
224,copula,parallel,3,FALSE,numeric,copula,12,128,250,128,Inf,1000000,32,multisession,1,1000,25,FALSE,FALSE,2,,"",NA,NA,2026-07-08T02:34:15+0200,jullum-ubuntu,4.6.1,1.0.8.9002,b9c5fcd1,887932,ok,0.7989,4.3125,2.03,0.043,0,0,185741760,128,1,126,126,13,4.144,0.0435,0.0276,4.0666,0.0062,8164638720,7292579840,7.668,0,FALSE,7292579840,6954.7
225,copula,batches,0,TRUE,numeric,copula,12,128,250,1,Inf,Inf,1,multisession,1,1000,25,FALSE,FALSE,2,,"",NA,NA,2026-07-08T03:48:42+0200,jullum-ubuntu,4.6.1,1.0.8.9002,b9c5fcd1,903220,ok,0.8862,3.7359,3.39,0.343,0,0,561223736,128,1,1,1,Inf,3.5771,0.0434,0.0274,3.5003,0.0061,551546880,526766080,5.617,0,FALSE,526766080,502.4
226,copula,batches,1,FALSE,numeric,copula,12,128,250,1,Inf,Inf,1,multisession,1,1000,25,FALSE,FALSE,2,,"",NA,NA,2026-07-08T02:34:23+0200,jullum-ubuntu,4.6.1,1.0.8.9002,b9c5fcd1,889609,ok,0.9188,3.7024,3.401,0.299,0,0,561223904,128,1,1,1,Inf,3.5441,0.0426,0.028,3.4673,0.0061,551227392,526499840,5.601,0,FALSE,526499840,502.1
227,copula,batches,2,FALSE,numeric,copula,12,128,250,1,Inf,Inf,1,multisession,1,1000,25,FALSE,FALSE,2,,"",NA,NA,2026-07-08T01:10:45+0200,jullum-ubuntu,4.6.1,1.0.8.9002,b9c5fcd1,865521,ok,0.8872,3.7504,3.418,0.33,0,0,561253184,128,1,1,1,Inf,3.5942,0.0427,0.0274,3.5181,0.006,553836544,529276928,5.616,0,FALSE,529276928,504.8
228,copula,batches,3,FALSE,numeric,copula,12,128,250,1,Inf,Inf,1,multisession,1,1000,25,FALSE,FALSE,2,,"",NA,NA,2026-07-08T02:35:58+0200,jullum-ubuntu,4.6.1,1.0.8.9002,b9c5fcd1,890415,ok,0.8939,3.7688,3.455,0.312,0,0,561253240,128,1,1,1,Inf,3.6092,0.0429,0.028,3.5322,0.0061,552529920,527601664,5.639,0,FALSE,527601664,503.2
229,copula,batches,0,TRUE,numeric,copula,12,128,250,2,Inf,Inf,1,multisession,1,1000,25,FALSE,FALSE,2,,"",NA,NA,2026-07-08T02:21:41+0200,jullum-ubuntu,4.6.1,1.0.8.9002,b9c5fcd1,877740,ok,0.8873,3.4505,3.242,0.206,0,0,325360248,128,1,2,2,Inf,3.2925,0.0435,0.0275,3.2066,0.0149,405291008,380510208,5.272,0,FALSE,380510208,362.9
230,copula,batches,1,FALSE,numeric,copula,12,128,250,2,Inf,Inf,1,multisession,1,1000,25,FALSE,FALSE,2,,"",NA,NA,2026-07-08T02:30:38+0200,jullum-ubuntu,4.6.1,1.0.8.9002,b9c5fcd1,882261,ok,0.8936,3.4203,3.239,0.178,0,0,325294160,128,1,2,2,Inf,3.2522,0.0432,0.0279,3.175,0.0061,405581824,380440576,5.238,0,FALSE,380440576,362.8
231,copula,batches,2,FALSE,numeric,copula,12,128,250,2,Inf,Inf,1,multisession,1,1000,25,FALSE,FALSE,2,,"",NA,NA,2026-07-08T02:22:51+0200,jullum-ubuntu,4.6.1,1.0.8.9002,b9c5fcd1,879243,ok,0.8878,3.4611,3.276,0.183,0,0,325413272,128,1,2,2,Inf,3.2926,0.0427,0.0279,3.2158,0.0062,405594112,380612608,5.269,0,FALSE,380612608,363
232,copula,batches,3,FALSE,numeric,copula,12,128,250,2,Inf,Inf,1,multisession,1,1000,25,FALSE,FALSE,2,,"",NA,NA,2026-07-08T02:21:03+0200,jullum-ubuntu,4.6.1,1.0.8.9002,b9c5fcd1,876774,ok,0.8915,3.4637,3.28,0.182,0,0,325427992,128,1,2,2,Inf,3.2962,0.0431,0.0275,3.2194,0.0062,405266432,380743680,5.265,0,FALSE,380743680,363.1
233,copula,batches,0,TRUE,numeric,copula,12,128,250,5,Inf,Inf,1,multisession,1,1000,25,FALSE,FALSE,2,,"",NA,NA,2026-07-08T01:14:40+0200,jullum-ubuntu,4.6.1,1.0.8.9002,b9c5fcd1,868592,ok,0.8843,3.1531,3.078,0.072,0,0,251640608,128,1,5,5,Inf,2.9891,0.0422,0.0273,2.9135,0.0062,332435456,307195904,4.958,0,FALSE,307195904,293
234,copula,batches,1,FALSE,numeric,copula,12,128,250,5,Inf,Inf,1,multisession,1,1000,25,FALSE,FALSE,2,,"",NA,NA,2026-07-08T01:05:17+0200,jullum-ubuntu,4.6.1,1.0.8.9002,b9c5fcd1,858799,ok,0.8857,3.1474,3.082,0.059,0,0,251640432,128,1,5,5,Inf,2.9802,0.0432,0.0276,2.9032,0.0062,332406784,307200000,4.968,0,FALSE,307200000,293
235,copula,batches,2,FALSE,numeric,copula,12,128,250,5,Inf,Inf,1,multisession,1,1000,25,FALSE,FALSE,2,,"",NA,NA,2026-07-08T01:07:03+0200,jullum-ubuntu,4.6.1,1.0.8.9002,b9c5fcd1,862229,ok,0.8777,3.1264,3.055,0.069,0,0,251644192,128,1,5,5,Inf,2.9618,0.0425,0.0277,2.8855,0.0061,331993088,307458048,4.935,0,FALSE,307458048,293.2
236,copula,batches,3,FALSE,numeric,copula,12,128,250,5,Inf,Inf,1,multisession,1,1000,25,FALSE,FALSE,2,,"",NA,NA,2026-07-08T02:18:04+0200,jullum-ubuntu,4.6.1,1.0.8.9002,b9c5fcd1,874992,ok,0.8854,3.1625,3.085,0.071,0,0,251644136,128,1,5,5,Inf,2.9941,0.0444,0.0279,2.9155,0.0064,332410880,307666944,4.983,0,FALSE,307666944,293.4
237,copula,batches,0,TRUE,numeric,copula,12,128,250,25,Inf,Inf,1,multisession,1,1000,25,FALSE,FALSE,2,,"",NA,NA,2026-07-08T01:12:47+0200,jullum-ubuntu,4.6.1,1.0.8.9002,b9c5fcd1,867646,ok,0.8869,3.0076,2.963,0.042,0,0,234367616,128,1,25,25,Inf,2.8432,0.0427,0.0274,2.7668,0.0062,291532800,264794112,4.824,0,FALSE,264794112,252.5
238,copula,batches,1,FALSE,numeric,copula,12,128,250,25,Inf,Inf,1,multisession,1,1000,25,FALSE,FALSE,2,,"",NA,NA,2026-07-08T01:10:35+0200,jullum-ubuntu,4.6.1,1.0.8.9002,b9c5fcd1,865431,ok,0.8836,2.9959,2.932,0.06,0,0,234367832,128,1,25,25,Inf,2.8323,0.0425,0.0276,2.7561,0.0062,289030144,264081408,4.804,0,FALSE,264081408,251.8
239,copula,batches,2,FALSE,numeric,copula,12,128,250,25,Inf,Inf,1,multisession,1,1000,25,FALSE,FALSE,2,,"",NA,NA,2026-07-08T01:05:00+0200,jullum-ubuntu,4.6.1,1.0.8.9002,b9c5fcd1,858666,ok,0.8886,3.0155,2.97,0.041,0,0,234366920,128,1,25,25,Inf,2.8511,0.0429,0.0275,2.7744,0.0062,289177600,263958528,4.837,0,FALSE,263958528,251.7
240,copula,batches,3,FALSE,numeric,copula,12,128,250,25,Inf,Inf,1,multisession,1,1000,25,FALSE,FALSE,2,,"",NA,NA,2026-07-08T01:14:27+0200,jullum-ubuntu,4.6.1,1.0.8.9002,b9c5fcd1,868498,ok,0.8881,3.054,3.003,0.049,0,0,234368504,128,1,25,25,Inf,2.8949,0.0426,0.0274,2.8187,0.0063,291172352,264486912,4.868,0,FALSE,264486912,252.2
241,copula,batches,0,TRUE,numeric,copula,12,128,250,50,Inf,Inf,1,multisession,1,1000,25,FALSE,FALSE,2,,"",NA,NA,2026-07-08T05:53:40+0200,jullum-ubuntu,4.6.1,1.0.8.9002,b9c5fcd1,917817,ok,0.8794,3.1595,3.129,0.028,0,0,234243728,128,1,50,50,Inf,2.9962,0.0427,0.027,2.9202,0.0063,286195712,261365760,4.98,0,FALSE,261365760,249.3
242,copula,batches,1,FALSE,numeric,copula,12,128,250,50,Inf,Inf,1,multisession,1,1000,25,FALSE,FALSE,2,,"",NA,NA,2026-07-08T01:16:37+0200,jullum-ubuntu,4.6.1,1.0.8.9002,b9c5fcd1,870467,ok,0.8837,3.1791,3.14,0.037,0,0,234243504,128,1,50,50,Inf,3.0148,0.0426,0.0274,2.9388,0.0061,286187520,260952064,4.976,0,FALSE,260952064,248.9
243,copula,batches,2,FALSE,numeric,copula,12,128,250,50,Inf,Inf,1,multisession,1,1000,25,FALSE,FALSE,2,,"",NA,NA,2026-07-08T01:05:11+0200,jullum-ubuntu,4.6.1,1.0.8.9002,b9c5fcd1,858759,ok,0.8767,3.1935,3.157,0.034,0,0,234227080,128,1,50,50,Inf,3.0306,0.0426,0.0273,2.9545,0.0061,286478336,261955584,4.98,0,FALSE,261955584,249.8
244,copula,batches,3,FALSE,numeric,copula,12,128,250,50,Inf,Inf,1,multisession,1,1000,25,FALSE,FALSE,2,,"",NA,NA,2026-07-08T05:53:22+0200,jullum-ubuntu,4.6.1,1.0.8.9002,b9c5fcd1,916771,ok,0.8904,3.2571,3.218,0.037,0,0,234226752,128,1,50,50,Inf,3.0937,0.043,0.0274,3.0172,0.0061,286212096,261414912,5.049,0,FALSE,261414912,249.3
245,copula,iterative_budget,0,TRUE,numeric,copula,12,256,250,10,Inf,1000000,1,multisession,1,1000,25,TRUE,FALSE,2,,source,NA,NA,2026-07-15T23:59:05+0200,jullum-ubuntu,4.6.1,1.0.8.9003,10cc557a,2500695,ok,0.933,4.4555,4.34,0.112,0,0,248306784,200,1,16,16,13,4.2779,0.0461,0.0294,4.1946,0.0077,316964864,291684352,6.333,0,FALSE,291684352,278.2
246,copula,iterative_budget,1,FALSE,numeric,copula,12,256,250,10,Inf,1000000,1,multisession,1,1000,25,TRUE,FALSE,2,,source,NA,NA,2026-07-15T23:54:23+0200,jullum-ubuntu,4.6.1,1.0.8.9003,10cc557a,2495386,ok,0.8955,4.1412,4.047,0.093,0,0,248307504,200,1,16,16,13,3.9767,0.0428,0.0274,3.8993,0.0072,318443520,291827712,5.945,0,FALSE,291827712,278.3
247,copula,iterative_budget,2,FALSE,numeric,copula,12,256,250,10,Inf,1000000,1,multisession,1,1000,25,TRUE,FALSE,2,,source,NA,NA,2026-07-15T23:51:29+0200,jullum-ubuntu,4.6.1,1.0.8.9003,10cc557a,2491835,ok,0.8903,4.2643,4.157,0.106,0,0,248307368,200,1,16,16,13,4.0971,0.043,0.0274,4.0194,0.0073,316829696,291504128,6.062,0,FALSE,291504128,278
248,copula,iterative_budget,3,FALSE,numeric,copula,12,256,250,10,Inf,1000000,1,multisession,1,1000,25,TRUE,FALSE,2,,source,NA,NA,2026-07-15T23:57:51+0200,jullum-ubuntu,4.6.1,1.0.8.9003,10cc557a,2499034,ok,0.9085,6.9314,6.826,0.102,0,0,248307416,204,3,2,16,13,6.7571,0.0462,0.0295,6.6733,0.0081,317280256,291659776,8.833,0,FALSE,291659776,278.1
249,copula,iterative_budget,0,TRUE,numeric,copula,12,-1,250,10,Inf,1000000,1,multisession,1,1000,25,FALSE,FALSE,2,,dependent,245,4096,2026-07-08T05:56:03+0200,jullum-ubuntu,4.6.1,1.0.8.9002,b9c5fcd1,921592,ok,0.8843,49.2574,48.661,0.583,0,0,269777168,4096,1,316,316,13,49.0909,0.0474,0.0274,48.9527,0.0634,347656192,323133440,51.074,0,FALSE,323133440,308.2
250,copula,iterative_budget,1,FALSE,numeric,copula,12,-1,250,10,Inf,1000000,1,multisession,1,1000,25,FALSE,FALSE,2,,dependent,246,4096,2026-07-08T02:25:40+0200,jullum-ubuntu,4.6.1,1.0.8.9002,b9c5fcd1,880023,ok,0.8911,48.8961,48.334,0.55,0,0,269776640,4096,1,316,316,13,48.7298,0.043,0.0274,48.5959,0.0635,344506368,319344640,50.728,0,FALSE,319344640,304.6
251,copula,iterative_budget,2,FALSE,numeric,copula,12,-1,250,10,Inf,1000000,1,multisession,1,1000,25,FALSE,FALSE,2,,dependent,247,4096,2026-07-08T01:02:51+0200,jullum-ubuntu,4.6.1,1.0.8.9002,b9c5fcd1,857932,ok,0.8876,49.4682,48.874,0.578,0,0,269777136,4096,1,316,316,13,49.3018,0.0431,0.0275,49.1677,0.0635,346169344,320819200,51.288,0,FALSE,320819200,306
252,copula,iterative_budget,3,FALSE,numeric,copula,12,-1,250,10,Inf,1000000,1,multisession,1,1000,25,FALSE,FALSE,2,,dependent,248,4096,2026-07-08T03:50:24+0200,jullum-ubuntu,4.6.1,1.0.8.9002,b9c5fcd1,904242,ok,0.8882,49.6246,48.985,0.625,0,0,269777152,4096,1,316,316,13,49.4576,0.0428,0.0274,49.3242,0.0632,346886144,321699840,51.443,0,FALSE,321699840,306.8
253,copula,iterative_budget,0,TRUE,numeric,copula,12,1024,250,10,Inf,1000000,1,multisession,1,1000,25,TRUE,FALSE,2,,source,NA,NA,2026-07-15T23:55:13+0200,jullum-ubuntu,4.6.1,1.0.8.9003,10cc557a,2496201,ok,0.9047,4.2642,4.15,0.112,0,0,248306880,200,1,16,16,13,4.1022,0.0437,0.0279,4.023,0.0076,325029888,299511808,6.08,0,FALSE,299511808,285.6
254,copula,iterative_budget,1,FALSE,numeric,copula,12,1024,250,10,Inf,1000000,1,multisession,1,1000,25,TRUE,FALSE,2,,source,NA,NA,2026-07-15T23:55:34+0200,jullum-ubuntu,4.6.1,1.0.8.9003,10cc557a,2496732,ok,0.9186,4.106,4.009,0.096,0,0,248299936,200,1,16,16,13,3.9499,0.0423,0.0283,3.8721,0.0071,317026304,291348480,5.936,0,FALSE,291348480,277.9
255,copula,iterative_budget,2,FALSE,numeric,copula,12,1024,250,10,Inf,1000000,1,multisession,1,1000,25,TRUE,FALSE,2,,source,NA,NA,2026-07-15T23:53:21+0200,jullum-ubuntu,4.6.1,1.0.8.9003,10cc557a,2494226,ok,0.8782,4.1826,4.092,0.089,0,0,248307504,200,1,16,16,13,4.0214,0.0423,0.027,3.9451,0.0071,317235200,291205120,5.96,0,FALSE,291205120,277.7
256,copula,iterative_budget,3,FALSE,numeric,copula,12,1024,250,10,Inf,1000000,1,multisession,1,1000,25,TRUE,FALSE,2,,source,NA,NA,2026-07-15T23:52:48+0200,jullum-ubuntu,4.6.1,1.0.8.9003,10cc557a,2493523,ok,0.8943,4.1761,4.066,0.105,0,0,248307504,200,1,16,16,13,4.0108,0.0434,0.0276,3.9326,0.0072,316170240,291229696,5.971,0,FALSE,291229696,277.7
257,copula,iterative_budget,0,TRUE,numeric,copula,12,-1,250,10,Inf,1000000,1,multisession,1,1000,25,FALSE,FALSE,2,,dependent,253,4096,2026-07-08T02:31:50+0200,jullum-ubuntu,4.6.1,1.0.8.9002,b9c5fcd1,883267,ok,0.8847,48.9959,48.415,0.565,0,0,269780816,4096,1,316,316,13,48.8295,0.0425,0.0274,48.6961,0.0634,345100288,319541248,50.806,0,FALSE,319541248,304.7
258,copula,iterative_budget,1,FALSE,numeric,copula,12,-1,250,10,Inf,1000000,1,multisession,1,1000,25,FALSE,FALSE,2,,dependent,254,4096,2026-07-08T02:36:58+0200,jullum-ubuntu,4.6.1,1.0.8.9002,b9c5fcd1,890512,ok,0.8829,49.0617,48.48,0.572,0,0,269777120,4096,1,316,316,13,48.8952,0.0455,0.0278,48.7585,0.0634,340537344,315461632,50.853,0,FALSE,315461632,300.8
259,copula,iterative_budget,2,FALSE,numeric,copula,12,-1,250,10,Inf,1000000,1,multisession,1,1000,25,FALSE,FALSE,2,,dependent,255,4096,2026-07-08T02:19:32+0200,jullum-ubuntu,4.6.1,1.0.8.9002,b9c5fcd1,876588,ok,0.8877,49.3349,48.621,0.7,0,0,269780752,4096,1,316,316,13,49.1684,0.0425,0.0273,49.0351,0.0635,337178624,311554048,51.147,0,FALSE,311554048,297.1
260,copula,iterative_budget,3,FALSE,numeric,copula,12,-1,250,10,Inf,1000000,1,multisession,1,1000,25,FALSE,FALSE,2,,dependent,256,4096,2026-07-08T01:15:45+0200,jullum-ubuntu,4.6.1,1.0.8.9002,b9c5fcd1,870420,ok,0.8908,49.5562,48.868,0.676,0,0,269780768,4096,1,316,316,13,49.3885,0.0427,0.0274,49.2546,0.0639,337072128,312602624,51.388,0,FALSE,312602624,298.1
